id_incidencia,fecha_reclamo,problema_mini,fecha_solucion,ls_nombre_cuadrilla,nom_barrio,id_conexion,solucion,descripcion
64717,2025-01-02 08:37:57,SIN SERVICIO (INTERNET),2025-01-03 20:36:20,JUAN OVEJERO,LA PAZ,2700,CAMBIO DE ACOMETIDA,UNET TINOGASTA
64718,2025-01-02 08:47:55,SIN SERVICIO (INTERNET),2025-01-02 16:33:28,UNET SOPORTE VV,VILLA DOLORES,5597,REPARACION DE FO,VALLE VIEJO
64724,2025-01-02 09:07:17,RED EN EL SUELO,2025-01-02 20:01:27,JUAN OVEJERO,TINOGASTA,6721,CAMBIO DE ACOMETIDA,UNET TINOGASTA
64725,2025-01-02 09:08:08,RED EN EL SUELO,2025-01-02 20:01:27,JUAN OVEJERO,TINOGASTA,4146,CAMBIO DE ACOMETIDA,UNET TINOGASTA
64726,2025-01-02 09:09:44,SIN SERVICIO (INTERNET),2025-01-06 18:59:03,UNZAGA F/ UNZAGA M,SUMALAO,21530,CAMBIO DE ACOMETIDA,VALLE VIEJO
64727,2025-01-02 09:14:40,SIN SERVICIO (INTERNET),2025-01-02 11:08:43,UNZAGA F/ UNZAGA M,VILLA DOLORES,14294,REPARACION DE FO,VALLE VIEJO
64729,2025-01-02 09:17:25,SIN SERVICIO (INTERNET),2025-01-02 16:33:28,UNET SOPORTE VV,VILLA DOLORES,7574,REPARACION DE FO,VALLE VIEJO
64734,2025-01-02 09:32:28,SIN SERVICIO (INTERNET),2025-01-08 18:20:46,MARTINES PABLO,CENTRO,19932,REPARACION DE CABLE CORTADO,CHUMBICHA
64736,2025-01-02 09:37:26,SIN SERVICIO (INTERNET),2025-01-02 16:33:28,UNET SOPORTE VV,VILLA DOLORES,9608,REPARACION DE FO,VALLE VIEJO
64741,2025-01-02 10:10:48,RED EN EL SUELO,2025-01-07 15:32:50,CARPIO/LOPEZ,SAN JOSE,8610,CAMBIO DE LUGAR DEL CABLE DE ACOMETIDA,VALLE VIEJO
64742,2025-01-02 10:12:16,SIN SERVICIO (INTERNET),2025-01-06 15:43:15,FERREYRA/BUSTAMANTE,SANTA ROSA,19573,CAMBIO DE ACOMETIDA,VALLE VIEJO
64747,2025-01-02 10:48:31,SIN SERVICIO (INTERNET),2025-01-02 16:33:28,DARIO ABALLAY,POZO DE MISTOL,21719,CAMBIO DE ACOMETIDA,VALLE VIEJO
64748,2025-01-02 10:50:45,SIN SERVICIO (INTERNET),2025-01-06 08:20:21,UNZAGA F/ UNZAGA M,SANTA ROSA,7048,REPARACION DE CABLE CORTADO,VALLE VIEJO
64752,2025-01-02 11:20:42,SIN SERVICIO (INTERNET),2025-01-06 18:59:03,UNZAGA F/ UNZAGA M,SAN ANTONIO,21440,REPARACION DE CABLE CORTADO,VALLE VIEJO
64765,2025-01-02 12:11:21,SIN SERVICIO (INTERNET),2025-01-02 16:33:28,UNET SOPORTE VV,VILLA DOLORES,5451,REPARACION DE FO,VALLE VIEJO
64772,2025-01-02 15:39:18,SIN SERVICIO (INTERNET),2025-01-07 18:57:18,UNZAGA F/ UNZAGA M,SAN JOSE,7837,CAMBIO DE ACOMETIDA,VALLE VIEJO
64783,2025-01-02 16:32:33,SIN SERVICIO (INTERNET),2025-01-08 08:57:47,UNZAGA F/ UNZAGA M,32 VIVIENDAS,16046,REPARACION DE FO,VALLE VIEJO
64786,2025-01-02 17:37:56,SIN SERVICIO (INTERNET),2025-01-07 18:57:18,UNZAGA F/ UNZAGA M,BANDA DE VARELA,21664,CAMBIO DE ACOMETIDA,VALLE VIEJO
64805,2025-01-02 19:13:53,RED EN EL SUELO,2025-01-07 15:32:50,CARPIO/LOPEZ,SAN JOSE,16783,CAMBIO DE ACOMETIDA,VALLE VIEJO
64842,2025-01-03 10:36:38,SIN SERVICIO (INTERNET),2025-01-06 18:59:03,FERREYRA/BUSTAMANTE,SANTA ROSA,5374,CAMBIO DE ACOMETIDA,VALLE VIEJO
64844,2025-01-03 11:14:43,SIN SERVICIO (INTERNET),2025-01-06 17:56:06,DARIO ABALLAY,SAN ANTONIO,8298,CAMBIO DE ACOMETIDA,VALLE VIEJO
64861,2025-01-03 19:09:58,RED EN EL SUELO,2025-01-07 09:09:49,JUAN OVEJERO,80 VIVIENDAS,2014,CAMBIO DE ACOMETIDA,UNET TINOGASTA
64915,2025-01-03 19:50:52,SIN SERVICIO (INTERNET),2025-01-08 18:17:27,UNZAGA F/ UNZAGA M,EL HUECO,6261,CAMBIO DE ACOMETIDA,VALLE VIEJO
64918,2025-01-03 20:13:36,MODIFICAR BAJADA,2025-01-09 09:12:56,FERREYRA/BUSTAMANTE,SANTA ROSA,6115,CAMBIO DE ACOMETIDA,VALLE VIEJO
64924,2025-01-04 08:39:29,RED EN EL SUELO,2025-01-07 08:53:39,AGUIRRE WALTER OSVALDO,80 VIVIENDAS,2269,CAMBIO DE ACOMETIDA,UNET TINOGASTA
64928,2025-01-04 09:49:59,SIN SERVICIO (INTERNET),2025-01-07 17:52:56,FERREYRA/BUSTAMANTE,SANTA ROSA,3863,CAMBIO DE ACOMETIDA,VALLE VIEJO
64962,2025-01-04 11:51:23,SIN SERVICIO (INTERNET),2025-01-07 15:32:50,FERREYRA/BUSTAMANTE,SAN ISIDRO,7346,CAMBIO DE ACOMETIDA,VALLE VIEJO
64991,2025-01-06 09:30:35,SIN SERVICIO (INTERNET),2025-01-08 09:42:01,FERREYRA/BUSTAMANTE,SANTA ROSA,4381,CAMBIO DE ACOMETIDA,VALLE VIEJO
64999,2025-01-06 10:01:44,SIN SERVICIO (INTERNET),2025-01-08 08:57:47,UNZAGA F/ UNZAGA M,50 VIVIENDAS NORTE,16462,REPARACION DE FO,VALLE VIEJO
65018,2025-01-06 11:25:15,SIN SERVICIO (INTERNET),2025-01-06 17:07:53,DARIO ABALLAY,EL HUECO,9998,CAMBIO DE ACOMETIDA,VALLE VIEJO
65023,2025-01-06 11:50:19,SIN SERVICIO (INTERNET),2025-01-08 20:08:12,MARTINES PABLO,SAN MARTÃƒÂN,18756,REPARACION DE CABLE CORTADO,CHUMBICHA
65024,2025-01-06 11:50:28,SIN SERVICIO (INTERNET),2025-01-09 18:58:44,UNZAGA F/ UNZAGA M,SANTA ROSA,3737,CAMBIO DE ACOMETIDA,VALLE VIEJO
65031,2025-01-06 12:25:07,SIN SERVICIO (INTERNET),2025-01-07 11:52:23,FERREYRA/BUSTAMANTE,POZO DE MISTOL,6170,CAMBIO DE ACOMETIDA,VALLE VIEJO
65032,2025-01-06 12:26:05,SIN SERVICIO (INTERNET),2025-01-09 18:58:44,UNZAGA F/ UNZAGA M,SAN ANTONIO,21598,REPARACION DE CABLE CORTADO,VALLE VIEJO
65033,2025-01-06 12:28:30,SIN SERVICIO (INTERNET),2025-01-07 13:32:31,FERREYRA/BUSTAMANTE,POZO DE MISTOL,15724,CAMBIO DE ACOMETIDA,VALLE VIEJO
65041,2025-01-06 17:43:40,SIN SERVICIO (INTERNET),2025-01-09 18:58:44,UNZAGA F/ UNZAGA M,SANTA ROSA,14673,CAMBIO DE ACOMETIDA,VALLE VIEJO
65042,2025-01-06 17:48:40,RED EN EL SUELO,2025-01-09 18:58:44,UNZAGA F/ UNZAGA M,LA FALDA DE SAN ANTONIO,8055,CAMBIO DE LUGAR DEL CABLE DE ACOMETIDA,VALLE VIEJO
65066,2025-01-07 09:45:19,FIBRA DAÃƒÂ‘ADA,2025-01-18 09:09:48,MARTINES PABLO,CENTRO,21611,REPARACION DE CABLE CORTADO,CHUMBICHA
65091,2025-01-07 15:32:40,SIN SERVICIO (INTERNET),2025-01-10 15:57:57,CARPIO/LOPEZ,VILLA DOLORES,3580,CAMBIO DE ACOMETIDA,VALLE VIEJO
65093,2025-01-07 17:53:10,SIN SERVICIO (INTERNET),2025-01-13 15:30:13,CARPIO/LOPEZ,LA CARRERA,20589,CAMBIO DE ACOMETIDA,VALLE VIEJO
65102,2025-01-07 19:37:44,RED EN EL SUELO,2025-01-09 15:57:47,CARPIO/LOPEZ,POLCOS,3769,CAMBIO DE LUGAR DEL CABLE DE ACOMETIDA,VALLE VIEJO
65112,2025-01-08 08:55:30,SIN SERVICIO (INTERNET),2025-01-09 10:39:13,AGUIRRE WALTER OSVALDO,JARDIN,574,CAMBIO DE ACOMETIDA,UNET TINOGASTA
65120,2025-01-08 09:41:49,SIN SERVICIO (INTERNET),2025-01-10 08:28:46,UNZAGA F/ UNZAGA M,SAN ISIDRO,18839,CAMBIO DE ACOMETIDA,VALLE VIEJO
65131,2025-01-08 11:14:09,FIBRA DE TRANSPORTE DAÃƒÂ‘ADA,2025-01-10 15:57:57,CARPIO/LOPEZ,SANTA ROSA,6178,CAMBIO DE ACOMETIDA,VALLE VIEJO
65154,2025-01-08 20:08:19,SIN SERVICIO (INTERNET),2025-01-09 18:58:44,UNZAGA F/ UNZAGA M,SAN ANTONIO,9558,CAMBIO DE ACOMETIDA,VALLE VIEJO
65159,2025-01-09 08:39:16,SIN SERVICIO (INTERNET),2025-01-14 12:47:07,FERREYRA/BUSTAMANTE,SAN ANTONIO,19824,CAMBIO DE ACOMETIDA,VALLE VIEJO
65160,2025-01-09 08:54:38,SIN SERVICIO (INTERNET),2025-01-10 15:36:16,UNZAGA F/ UNZAGA M,SANTA ROSA,5606,CAMBIO DE ACOMETIDA,VALLE VIEJO
65163,2025-01-09 09:14:24,SIN SERVICIO (INTERNET),2025-01-14 17:55:18,FERREYRA/BUSTAMANTE,SAN JOSE,6078,CAMBIO DE ACOMETIDA,VALLE VIEJO
65171,2025-01-09 09:44:50,SIN SERVICIO (INTERNET),2025-01-18 09:09:48,MARTINES PABLO,SAN MARTÃƒÂN,19565,REPARACION DE CABLE CORTADO,CHUMBICHA
65179,2025-01-09 10:18:19,SIN SERVICIO (INTERNET),2025-01-10 17:20:35,UNZAGA F/ UNZAGA M,SAN ISIDRO,18088,CAMBIO DE ACOMETIDA,VALLE VIEJO
65191,2025-01-09 11:50:28,RED EN EL SUELO,2025-01-10 15:57:57,CARPIO/LOPEZ,SAN JOSE,14205,REPARACION DE FO,VALLE VIEJO
65199,2025-01-09 15:53:35,SIN SERVICIO (INTERNET),2025-01-13 19:28:20,UNZAGA F/ UNZAGA M,SANTA ROSA,3782,CAMBIO DE ACOMETIDA,VALLE VIEJO
65200,2025-01-09 16:30:01,SIN SERVICIO (INTERNET),2025-01-14 19:05:02,UNZAGA F/ UNZAGA M,SANTA ROSA,20072,CAMBIO DE ACOMETIDA,VALLE VIEJO
65218,2025-01-09 20:12:14,SIN SERVICIO (INTERNET),2025-01-13 19:28:20,UNZAGA F/ UNZAGA M,SANTA ROSA,3187,CAMBIO DE ACOMETIDA,VALLE VIEJO
65225,2025-01-10 08:40:57,SIN SERVICIO (INTERNET),2025-01-14 12:47:07,FERREYRA/BUSTAMANTE,SAN JOSE,8001,CAMBIO DE ACOMETIDA,VALLE VIEJO
65228,2025-01-10 09:03:12,SIN SERVICIO (INTERNET),2025-01-18 09:09:48,MARTINES PABLO,HIPÃƒÂ“DROMO,15244,REPARACION DE CABLE CORTADO,CHUMBICHA
65243,2025-01-10 09:37:44,SIN SERVICIO (INTERNET),2025-01-14 17:55:18,FERREYRA/BUSTAMANTE,LA TERCENA,18956,CAMBIO DE ACOMETIDA,VALLE VIEJO
65247,2025-01-10 10:03:02,SIN SERVICIO (INTERNET),2025-01-11 11:17:43,UNET SOPORTE VV,SUMALAO,8899,REPARACION DE FO,VALLE VIEJO
65258,2025-01-10 10:57:48,RED EN EL SUELO,2025-01-13 19:28:20,UNZAGA F/ UNZAGA M,SANTA ROSA,4036,CAMBIO DE LUGAR DEL CABLE DE ACOMETIDA,VALLE VIEJO
65278,2025-01-10 15:33:19,SIN SERVICIO (INTERNET),2025-01-11 11:17:43,UNET SOPORTE VV,SANTA ROSA,7374,REPARACION DE FO,VALLE VIEJO
65279,2025-01-10 15:35:48,SIN SERVICIO (INTERNET),2025-01-11 11:17:43,UNET SOPORTE VV,SANTA ROSA,9883,REPARACION DE FO,VALLE VIEJO
65280,2025-01-10 15:56:27,SIN SERVICIO (INTERNET),2025-01-11 11:17:43,UNET SOPORTE VV,SUMALAO,5463,REPARACION DE FO,VALLE VIEJO
65281,2025-01-10 16:33:39,SIN SERVICIO (INTERNET),2025-01-11 11:17:43,CARPIO/LOPEZ,SANTA ROSA,7134,REPARACION DE FO,VALLE VIEJO
65301,2025-01-11 10:08:31,SIN SERVICIO (INTERNET),2025-01-11 11:17:43,UNET SOPORTE VV,SANTA ROSA,7048,REPARACION DE FO,VALLE VIEJO
65306,2025-01-11 11:00:39,SIN SERVICIO (INTERNET),2025-01-13 19:28:20,UNZAGA F/ UNZAGA M,SANTA ROSA,3417,CAMBIO DE ACOMETIDA,VALLE VIEJO
65316,2025-01-11 11:05:54,SIN SERVICIO (INTERNET),2025-01-13 19:15:25,FERREYRA/BUSTAMANTE,SAN JOSE,8098,CAMBIO DE ACOMETIDA,VALLE VIEJO
65377,2025-01-13 09:26:56,SIN SERVICIO (INTERNET),2025-01-13 19:15:25,FERREYRA/BUSTAMANTE,SAN ANTONIO,4419,CAMBIO DE ACOMETIDA,VALLE VIEJO
65378,2025-01-13 09:28:38,SIN SERVICIO (INTERNET),2025-01-14 12:47:07,FERREYRA/BUSTAMANTE,SAN ANTONIO,4111,CAMBIO DE ACOMETIDA,VALLE VIEJO
65380,2025-01-13 09:34:27,PROBLEMAS DE SEÃƒÂ‘AL,2025-01-13 19:15:25,FERREYRA/BUSTAMANTE,SAN ANTONIO,8901,CAMBIO DE ACOMETIDA,VALLE VIEJO
65390,2025-01-13 11:01:43,SIN SERVICIO (INTERNET),2025-01-14 17:34:12,CARPIO/LOPEZ,EL BAÃƒÂ‘ADO,6024,CAMBIO DE ACOMETIDA,VALLE VIEJO
65413,2025-01-13 15:15:56,SIN SERVICIO (INTERNET),2025-01-14 19:05:02,UNZAGA F/ UNZAGA M,SAN JOSE,20594,CAMBIO DE ACOMETIDA,VALLE VIEJO
65431,2025-01-13 16:29:10,SIN SERVICIO (INTERNET),2025-01-14 17:34:12,CARPIO/LOPEZ,SANTA ROSA,6850,CAMBIO DE ACOMETIDA,VALLE VIEJO
65452,2025-01-13 20:13:47,SIN SERVICIO (INTERNET),2025-01-15 18:51:07,UNZAGA F/ UNZAGA M,SAN ISIDRO,4749,REPARACION DE FO,VALLE VIEJO
65454,2025-01-14 08:20:15,SIN SERVICIO (INTERNET),2025-01-14 19:05:02,UNZAGA F/ UNZAGA M,SAN ANTONIO,7169,CAMBIO DE ACOMETIDA,VALLE VIEJO
65463,2025-01-14 09:40:44,SIN SERVICIO (INTERNET),2025-01-15 18:51:07,UNZAGA F/ UNZAGA M,SANTA ROSA,4163,CAMBIO DE ACOMETIDA,VALLE VIEJO
65481,2025-01-14 11:33:09,SIN SERVICIO (INTERNET),2025-01-18 09:09:48,MARTINES PABLO,SAN MARTÃƒÂN,15280,REPARACION DE CABLE CORTADO,CHUMBICHA
65510,2025-01-14 17:34:03,SIN SERVICIO (INTERNET),2025-01-15 18:51:07,UNZAGA F/ UNZAGA M,SANTA ROSA,9345,CAMBIO DE ACOMETIDA,VALLE VIEJO
65512,2025-01-14 17:55:03,RED EN EL SUELO,2025-01-15 16:17:16,CARPIO/LOPEZ,SUMALAO,8303,CAMBIO DE LUGAR DEL CABLE DE ACOMETIDA,VALLE VIEJO
65517,2025-01-14 19:10:51,SIN SERVICIO (INTERNET),2025-01-16 18:50:25,UNZAGA F/ UNZAGA M,EL BAÃƒÂ‘ADO,21510,CAMBIO DE ACOMETIDA,VALLE VIEJO
65518,2025-01-14 19:16:03,SIN SERVICIO (INTERNET),2025-01-15 18:51:07,UNZAGA F/ UNZAGA M,SAN ANTONIO,16918,CAMBIO DE ACOMETIDA,VALLE VIEJO
65563,2025-01-15 15:33:52,SIN SERVICIO (INTERNET),2025-01-16 18:50:25,UNZAGA F/ UNZAGA M,SAN ANTONIO,3625,CAMBIO DE ACOMETIDA,VALLE VIEJO
65576,2025-01-16 08:36:24,SIN SERVICIO (INTERNET),2025-01-16 15:57:33,UNZAGA F/ UNZAGA M,SAN JOSE,14379,CAMBIO DE ACOMETIDA,VALLE VIEJO
65578,2025-01-16 08:52:51,SIN SERVICIO (INTERNET),2025-01-18 10:18:48,UNZAGA F/ UNZAGA M,POZO DE MISTOL,8446,CAMBIO DE ACOMETIDA,VALLE VIEJO
65579,2025-01-16 09:08:10,SIN SERVICIO (INTERNET),2025-01-16 18:50:25,UNZAGA F/ UNZAGA M,SAN ANTONIO,20330,CAMBIO DE ACOMETIDA,VALLE VIEJO
65608,2025-01-16 10:31:39,SIN SERVICIO (INTERNET),2025-01-20 18:54:49,UNZAGA F/ UNZAGA M,POZO DE MISTOL,6975,REPARACION DE FO,VALLE VIEJO
65619,2025-01-16 17:16:14,SIN SERVICIO (INTERNET),2025-01-18 10:18:48,UNZAGA F/ UNZAGA M,SAN ISIDRO,21471,CAMBIO DE ACOMETIDA,VALLE VIEJO
65727,2025-01-18 09:09:32,MODIFICAR BAJADA,2025-01-21 09:22:24,MARTINES PABLO,54 VIVIENDAS,21280,REPARACION DE CABLE CORTADO,CHUMBICHA
65735,2025-01-18 11:05:20,SIN SERVICIO (INTERNET),2025-01-23 09:11:00,JULIO DIAZ,CENTRO,602,CAMBIO DE ACOMETIDA,UNET TINOGASTA
65737,2025-01-18 11:20:27,SIN SERVICIO (INTERNET),2025-01-23 11:57:48,JULIO DIAZ,LA PAZ,19854,CAMBIO DE ACOMETIDA,UNET TINOGASTA
65739,2025-01-18 11:37:09,SIN SERVICIO (INTERNET),2025-01-21 17:01:11,CARPIO/LOPEZ,PORTAL NORTE 1,20303,CAMBIO DE ACOMETIDA,VALLE VIEJO
65753,2025-01-18 16:59:57,RED EN EL SUELO,2025-01-18 17:00:31,UNZAGA F/ UNZAGA M,SANTA ROSA,6008,CAMBIO DE LUGAR DEL CABLE DE ACOMETIDA,VALLE VIEJO
65760,2025-01-20 09:54:28,SIN SERVICIO (INTERNET),2025-01-20 15:53:34,CARPIO/LOPEZ,SANTA ROSA,17066,CAMBIO DE ACOMETIDA,VALLE VIEJO
65764,2025-01-20 10:56:16,SIN SERVICIO (INTERNET),2025-01-20 18:54:49,UNZAGA F/ UNZAGA M,SUMALAO,21698,REPARACION DE FO,VALLE VIEJO
65827,2025-01-20 20:18:16,FIBRA DE TRANSPORTE DAÃƒÂ‘ADA,2025-01-23 08:34:07,UNZAGA F/ UNZAGA M,20 VIVIENDAS,19465,CAMBIO DE LUGAR DEL CABLE DE ACOMETIDA,VALLE VIEJO
65828,2025-01-20 20:36:07,SIN SERVICIO (INTERNET),2025-01-22 11:36:19,MARTINES PABLO,SAN MARTÃƒÂN,20693,REPARACION DE CABLE CORTADO,CHUMBICHA
65918,2025-01-21 12:26:43,SIN SERVICIO (INTERNET),2025-01-22 16:41:28,CARPIO/LOPEZ,LA TERCENA,19917,CAMBIO DE ACOMETIDA,VALLE VIEJO
65924,2025-01-21 16:14:32,SIN SERVICIO (INTERNET),2025-01-22 11:15:51,SARMIENTO/ARAGON,EL RODEO,22230,CAMBIO DE ACOMETIDA,EL RODEO
65935,2025-01-21 18:20:38,SIN SERVICIO (INTERNET),2025-01-23 08:34:07,UNZAGA F/ UNZAGA M,SANTA ROSA,4313,CAMBIO DE ACOMETIDA,VALLE VIEJO
65953,2025-01-22 09:14:44,SIN SERVICIO (INTERNET),2025-01-25 09:46:57,UNZAGA F/ UNZAGA M,SAN ISIDRO,18008,CAMBIO DE ACOMETIDA,VALLE VIEJO
65967,2025-01-22 10:24:21,SIN SERVICIO (INTERNET),2025-01-23 15:32:33,CARPIO/LOPEZ,LOMA NEGRA,19441,CAMBIO DE ACOMETIDA,VALLE VIEJO
65970,2025-01-22 10:45:17,SIN SERVICIO (INTERNET),2025-01-23 15:32:33,CARPIO/LOPEZ,SANTA ROSA,2948,CAMBIO DE ACOMETIDA,VALLE VIEJO
66002,2025-01-22 15:43:10,SIN SERVICIO (INTERNET),2025-01-23 15:32:33,CARPIO/LOPEZ,SAN ANTONIO,6879,CAMBIO DE ACOMETIDA,VALLE VIEJO
66013,2025-01-22 19:12:33,SIN SERVICIO (INTERNET),2025-01-24 09:00:25,UNZAGA F/ UNZAGA M,SUMALAO,9333,REPARACION DE FO,VALLE VIEJO
66019,2025-01-23 09:39:05,SIN SERVICIO (INTERNET),2025-01-24 15:28:29,CARPIO/LOPEZ,SAN JOSE,15919,CAMBIO DE ACOMETIDA,VALLE VIEJO
66032,2025-01-23 11:36:56,RED EN EL SUELO,2025-01-24 17:49:53,AGUIRRE WALTER OSVALDO,ESTACION NORTE,1018,CAMBIO DE ACOMETIDA,UNET TINOGASTA
66036,2025-01-23 13:25:22,SIN SERVICIO (INTERNET),2025-01-27 12:17:54,CARPIO/LOPEZ,SAN ISIDRO,7908,REPARACION DE FO,VALLE VIEJO
66048,2025-01-23 15:31:04,SIN SERVICIO (INTERNET),2025-01-24 15:28:29,CARPIO/LOPEZ,SAN ANTONIO,5516,CAMBIO DE ACOMETIDA,VALLE VIEJO
66077,2025-01-24 10:56:16,MODIFICAR BAJADA,2025-01-29 08:22:48,SARMIENTO/ARAGON,SAN JOSE,9058,CAMBIO DE ACOMETIDA,VALLE VIEJO
66083,2025-01-24 11:19:49,SIN SERVICIO (INTERNET),2025-01-25 09:46:57,UNZAGA F/ UNZAGA M,LA CARRERA,21581,CAMBIO DE ACOMETIDA,VALLE VIEJO
66121,2025-01-24 15:11:38,SIN SERVICIO (INTERNET),2025-01-28 16:36:15,CARPIO/LOPEZ,EL BAÃƒÂ‘ADO,3930,REPARACION DE FO,VALLE VIEJO
66122,2025-01-24 15:12:08,SIN SERVICIO (INTERNET),2025-01-27 08:10:39,CARPIO/LOPEZ,SAN JOSE,16021,CAMBIO DE ACOMETIDA,VALLE VIEJO
66126,2025-01-24 15:28:17,SIN SERVICIO (INTERNET),2025-01-28 16:36:15,CARPIO/LOPEZ,EL BAÃƒÂ‘ADO,3546,REPARACION DE FO,VALLE VIEJO
66147,2025-01-24 18:12:06,SIN SERVICIO (INTERNET),2025-01-27 08:10:39,CARPIO/LOPEZ,SANTA ROSA,21517,CAMBIO DE ACOMETIDA,VALLE VIEJO
66149,2025-01-24 18:51:58,SIN SERVICIO (INTERNET),2025-01-29 08:22:48,UNZAGA F/ UNZAGA M,EL BAÃƒÂ‘ADO,19697,REPARACION DE FO,VALLE VIEJO
66151,2025-01-25 09:12:00,MODIFICAR BAJADA,2025-01-31 08:27:53,SARMIENTO/ARAGON,SAN ANTONIO,3421,CAMBIO DE ACOMETIDA,VALLE VIEJO
66152,2025-01-25 09:35:03,SIN SERVICIO (INTERNET),2025-01-28 16:36:15,CARPIO/LOPEZ,SANTA ROSA,20143,CAMBIO DE ACOMETIDA,VALLE VIEJO
66154,2025-01-25 09:57:44,SIN SERVICIO (INTERNET),2025-01-29 08:22:48,UNZAGA F/ UNZAGA M,EL BAÃƒÂ‘ADO,5553,REPARACION DE FO,VALLE VIEJO
66158,2025-01-25 11:16:48,SIN SERVICIO (INTERNET),2025-01-28 08:08:10,UNZAGA F/ UNZAGA M,EL BAÃƒÂ‘ADO,20774,REPARACION DE FO,VALLE VIEJO
66159,2025-01-25 11:38:22,SIN SERVICIO (INTERNET),2025-01-28 08:08:10,UNZAGA F/ UNZAGA M,POZO DE MISTOL,21167,REPARACION DE FO,VALLE VIEJO
66161,2025-01-25 11:49:48,SIN SERVICIO (INTERNET),2025-01-28 08:08:10,UNZAGA F/ UNZAGA M,SAN ISIDRO,4334,REPARACION DE FO,VALLE VIEJO
66218,2025-01-27 11:21:55,SIN SERVICIO (INTERNET),2025-01-29 08:22:48,SARMIENTO/ARAGON,SAN ANTONIO,20131,REPARACION DE FO,VALLE VIEJO
66220,2025-01-27 11:32:16,SIN SERVICIO (INTERNET),2025-01-29 08:22:48,SARMIENTO/ARAGON,SAN ANTONIO,3951,REPARACION DE FO,VALLE VIEJO
66226,2025-01-27 11:49:43,SIN SERVICIO (INTERNET),2025-01-28 08:41:45,SARMIENTO/ARAGON,SAN JOSE,14150,CAMBIO DE ACOMETIDA,VALLE VIEJO
66227,2025-01-27 11:56:08,SIN SERVICIO (INTERNET),2025-01-28 08:08:10,UNZAGA F/ UNZAGA M,SUMALAO,3218,CAMBIO DE ACOMETIDA,VALLE VIEJO
66241,2025-01-27 12:28:20,SIN SERVICIO (INTERNET),2025-01-29 08:22:48,SARMIENTO/ARAGON,SAN JOSE,18746,CAMBIO DE ACOMETIDA,VALLE VIEJO
66245,2025-01-27 12:53:09,SIN SERVICIO (INTERNET),2025-01-29 08:22:48,SARMIENTO/ARAGON,SAN ANTONIO,3404,REPARACION DE FO,VALLE VIEJO
66246,2025-01-27 13:16:50,SIN SERVICIO (INTERNET),2025-01-28 08:41:45,SARMIENTO/ARAGON,LA FALDA DE SAN ANTONIO,16757,CAMBIO DE ACOMETIDA,VALLE VIEJO
66258,2025-01-27 17:51:42,SIN SERVICIO (INTERNET),2025-01-29 18:48:57,UNZAGA F/ UNZAGA M,SAN JOSE,8167,CAMBIO DE ACOMETIDA,VALLE VIEJO
66260,2025-01-27 18:14:33,SIN SERVICIO (INTERNET),2025-01-29 08:22:48,SARMIENTO/ARAGON,POLCOS,7255,CAMBIO DE ACOMETIDA,VALLE VIEJO
66265,2025-01-27 19:37:39,SIN SERVICIO (INTERNET),2025-01-29 08:22:48,SARMIENTO/ARAGON,SAN ANTONIO,20681,REPARACION DE FO,VALLE VIEJO
66266,2025-01-27 20:01:20,SIN SERVICIO (INTERNET),2025-01-29 08:22:48,SARMIENTO/ARAGON,SAN ANTONIO,3979,REPARACION DE FO,VALLE VIEJO
66267,2025-01-27 20:04:57,RED EN EL SUELO,2025-01-29 08:22:48,SARMIENTO/ARAGON,SAN ANTONIO,3981,REPARACION DE FO,VALLE VIEJO
66271,2025-01-27 20:38:34,SIN SERVICIO (INTERNET),2025-01-29 08:22:48,UNZAGA F/ UNZAGA M,SAN ANTONIO,21367,REPARACION DE FO,VALLE VIEJO
66273,2025-01-28 08:41:31,SIN SERVICIO (INTERNET),2025-01-28 13:29:37,UNZAGA F/ UNZAGA M,LOTEO FILIPIN,22109,REPARACION DE FO,EL RODEO
66282,2025-01-28 10:38:26,SIN SERVICIO (INTERNET),2025-01-29 12:54:22,CARPIO/LOPEZ,SAN ANTONIO,4757,CAMBIO DE ACOMETIDA,VALLE VIEJO
66286,2025-01-28 11:31:29,SIN SERVICIO (INTERNET),2025-01-29 08:22:48,UNZAGA F/ UNZAGA M,SAN ANTONIO,4103,REPARACION DE FO,VALLE VIEJO
66289,2025-01-28 11:45:09,RED EN EL SUELO,2025-01-29 12:54:22,CARPIO/LOPEZ,SAN ANTONIO,5024,CAMBIO DE ACOMETIDA,VALLE VIEJO
66296,2025-01-28 15:03:54,SIN SERVICIO (INTERNET),2025-01-30 08:14:54,SARMIENTO/ARAGON,SANTA ROSA,15810,CAMBIO DE ACOMETIDA,VALLE VIEJO
66297,2025-01-28 15:12:29,MODIFICAR BAJADA,2025-01-30 09:12:56,SARMIENTO/ARAGON,SUMALAO,19348,CAMBIO DE LUGAR DEL CABLE DE ACOMETIDA,VALLE VIEJO
66299,2025-01-28 15:29:53,SIN SERVICIO (INTERNET),2025-01-29 12:54:22,CARPIO/LOPEZ,SAN JOSE,8033,REPARACION DE FO,VALLE VIEJO
66310,2025-01-28 17:50:12,SIN SERVICIO (INTERNET),2025-01-31 08:27:53,SARMIENTO/ARAGON,EL HUECO,16163,CAMBIO DE ACOMETIDA,VALLE VIEJO
66316,2025-01-28 20:11:37,SIN SERVICIO (INTERNET),2025-01-30 09:12:56,SARMIENTO/ARAGON,SAN ANTONIO,20523,CAMBIO DE ACOMETIDA,VALLE VIEJO
66319,2025-01-28 20:42:55,VERIFICAR SERVICIO,2025-02-03 08:04:37,SARMIENTO/ARAGON,LA CARRERA,18578,CAMBIO DE LUGAR DEL CABLE DE ACOMETIDA,VALLE VIEJO
66320,2025-01-28 20:58:53,MODIFICAR BAJADA,2025-01-30 09:12:56,SARMIENTO/ARAGON,SANTA ROSA,20777,CAMBIO DE ACOMETIDA,VALLE VIEJO
66328,2025-01-29 09:39:55,SIN SERVICIO (INTERNET),2025-01-30 10:37:12,FERREYRA/PEREYRA,POZO DE MISTOL,22141,CAMBIO DE ACOMETIDA,VALLE VIEJO
66351,2025-01-29 11:15:13,SIN SERVICIO (INTERNET),2025-01-29 18:48:57,UNZAGA F/ UNZAGA M,SAN ANTONIO,15130,REPARACION DE FO,VALLE VIEJO
66386,2025-01-30 08:11:22,PROBLEMAS DE SEÃƒÂ‘AL,2025-01-30 18:49:44,UNZAGA F/ UNZAGA M,SUMALAO,14522,CAMBIO DE ACOMETIDA,VALLE VIEJO
66391,2025-01-30 09:28:00,RED EN EL SUELO,2025-01-31 09:13:17,JUAN OVEJERO,TINOGASTA,1058,CAMBIO DE ACOMETIDA,UNET TINOGASTA
66412,2025-01-30 11:18:46,RED EN EL SUELO,2025-02-01 16:16:28,UNZAGA F/ UNZAGA M,SAN JOSE,15271,CAMBIO DE LUGAR DEL CABLE DE ACOMETIDA,VALLE VIEJO
66553,2025-01-31 16:01:21,SIN SERVICIO (INTERNET),2025-02-01 12:47:17,UNZAGA F/ UNZAGA M,SAN ANTONIO,9171,REPARACION DE FO,VALLE VIEJO
66561,2025-01-31 17:33:05,SIN SERVICIO (INTERNET),2025-02-01 12:47:17,UNZAGA F/ UNZAGA M,SAN ANTONIO,5808,REPARACION DE FO,VALLE VIEJO
66610,2025-02-01 10:33:37,SIN SERVICIO (INTERNET),2025-02-03 16:45:52,SARMIENTO/ARAGON,EL BAÃƒÂ‘ADO,15876,CAMBIO DE ACOMETIDA,VALLE VIEJO
66619,2025-02-01 11:25:24,SIN SERVICIO (INTERNET),2025-02-03 16:58:13,SARMIENTO/ARAGON,SAN ANTONIO,9213,CAMBIO DE ACOMETIDA,VALLE VIEJO
66622,2025-02-01 11:40:40,PROBLEMAS DE SEÃƒÂ‘AL,2025-02-04 16:38:12,ABALLAY/SARMIENTO,VILLA DOLORES,2932,CAMBIO DE ACOMETIDA,VALLE VIEJO
66624,2025-02-01 11:42:42,SIN SERVICIO (INTERNET),2025-02-04 16:38:12,ABALLAY/SARMIENTO,EL HUECO,9026,CAMBIO DE LUGAR DEL CABLE DE ACOMETIDA,VALLE VIEJO
66630,2025-02-01 12:17:19,SIN SERVICIO (INTERNET),2025-02-01 16:16:28,UNZAGA F/ UNZAGA M,SANTA ROSA,7768,REPARACION DE CABLE CORTADO,VALLE VIEJO
66631,2025-02-01 12:44:27,SIN SERVICIO (INTERNET),2025-02-03 16:45:52,SARMIENTO/ARAGON,EL BAÃƒÂ‘ADO,14592,CAMBIO DE ACOMETIDA,VALLE VIEJO
66647,2025-02-03 08:47:07,SIN SERVICIO (INTERNET),2025-02-03 16:45:52,UNET SOPORTE VV,POLCOS,15151,REPARACION DE FO,VALLE VIEJO
66659,2025-02-03 09:10:15,SIN SERVICIO (INTERNET),2025-02-04 19:08:13,UNZAGA F/ UNZAGA M,SAN JOSE,9595,CAMBIO DE ACOMETIDA,VALLE VIEJO
66662,2025-02-03 09:14:42,SIN SERVICIO (INTERNET),2025-02-05 16:57:01,ABALLAY/SARMIENTO,SANTA ROSA,4755,CAMBIO DE ACOMETIDA,VALLE VIEJO
66666,2025-02-03 09:16:16,SIN SERVICIO,2025-02-03 16:45:52,UNET SOPORTE VV,SAN ANTONIO,20128,REPARACION DE FO,VALLE VIEJO
66667,2025-02-03 09:17:46,SIN SERVICIO (INTERNET),2025-02-04 16:38:12,CARPIO/LOPEZ,SAN ANTONIO,8051,CAMBIO DE ACOMETIDA,VALLE VIEJO
66684,2025-02-03 09:58:48,SIN SERVICIO (INTERNET),2025-02-05 16:57:01,ABALLAY/SARMIENTO,SANTA ROSA,16288,CAMBIO DE ACOMETIDA,VALLE VIEJO
66699,2025-02-03 10:48:01,SIN SERVICIO (INTERNET),2025-02-04 16:55:25,ABALLAY/SARMIENTO,SUMALAO,21494,CAMBIO DE ACOMETIDA,VALLE VIEJO
66702,2025-02-03 10:56:16,SIN SERVICIO (INTERNET),2025-02-04 16:55:25,ABALLAY/SARMIENTO,POZO DE MISTOL,6170,CAMBIO DE ACOMETIDA,VALLE VIEJO
66721,2025-02-03 11:12:11,SIN SERVICIO (INTERNET),2025-02-05 16:57:01,ABALLAY/SARMIENTO,SANTA ROSA,6146,CAMBIO DE ACOMETIDA,VALLE VIEJO
66738,2025-02-03 11:35:57,SIN SERVICIO (INTERNET),2025-02-03 16:58:13,DARIO ABALLAY,PORTAL NORTE 1,18067,CAMBIO DE ACOMETIDA,VALLE VIEJO
66739,2025-02-03 11:38:55,SIN SERVICIO (INTERNET),2025-02-04 16:38:12,CARPIO/LOPEZ,SAN ANTONIO,7115,CAMBIO DE ACOMETIDA,VALLE VIEJO
66756,2025-02-03 12:22:15,SIN SERVICIO (INTERNET),2025-02-07 08:14:30,UNZAGA F/ UNZAGA M,SAN JOSE,19365,CAMBIO DE ACOMETIDA,VALLE VIEJO
66779,2025-02-03 16:38:02,SIN SERVICIO (INTERNET),2025-02-04 16:38:12,CARPIO/LOPEZ,EL BAÃƒÂ‘ADO,5369,CAMBIO DE ACOMETIDA,VALLE VIEJO
66783,2025-02-03 17:37:09,SIN SERVICIO (INTERNET),2025-02-05 15:25:15,CARPIO/LOPEZ,POZO DE MISTOL,16262,CAMBIO DE ACOMETIDA,VALLE VIEJO
66830,2025-02-03 19:34:51,SIN SERVICIO (INTERNET),2025-02-04 19:08:13,UNZAGA F/ UNZAGA M,LA CARRERA,18867,CAMBIO DE LUGAR DEL CABLE DE ACOMETIDA,VALLE VIEJO
66859,2025-02-04 09:06:48,SIN SERVICIO (INTERNET),2025-02-05 16:57:01,ABALLAY/SARMIENTO,SANTA ROSA,9942,CAMBIO DE ACOMETIDA,VALLE VIEJO
66899,2025-02-04 09:52:41,SIN SERVICIO (INTERNET),2025-02-12 10:04:14,MARTINES PABLO,SAN MARTÃƒÂN,8112,CAMBIO DE TRAMO DE CABLE,CHUMBICHA
66951,2025-02-04 17:36:22,SIN SERVICIO (INTERNET),2025-02-06 16:41:30,CARPIO/LOPEZ,SAN ANTONIO,19717,CAMBIO DE LUGAR DEL CABLE DE ACOMETIDA,VALLE VIEJO
67017,2025-02-05 10:24:43,SIN SERVICIO (INTERNET),2025-02-07 11:31:41,CARPIO/LOPEZ,SUMALAO,20500,CAMBIO DE ACOMETIDA,VALLE VIEJO
67027,2025-02-05 10:49:45,VERIFICAR SERVICIO,2025-02-12 10:04:14,MARTINES PABLO,SAN MARTÃƒÂN,821,REPARACION DE CABLE CORTADO,CHUMBICHA
67041,2025-02-05 11:57:02,SIN SERVICIO (INTERNET),2025-02-05 18:30:48,UNZAGA F/ UNZAGA M,COLLAGASTA,18765,REPARACION DE FO,VALLE VIEJO
67073,2025-02-05 15:14:26,SIN SERVICIO (INTERNET),2025-02-07 08:14:30,ABALLAY/SARMIENTO,SAN JOSE,14392,CAMBIO DE ACOMETIDA,VALLE VIEJO
67092,2025-02-05 19:04:59,VERIFICAR SERVICIO,2025-02-12 10:04:14,MARTINES PABLO,LAS FLORES,19648,REPARACION DE CABLE CORTADO,CHUMBICHA
67148,2025-02-06 10:09:13,SIN SERVICIO (INTERNET),2025-02-07 11:31:41,CARPIO/LOPEZ,SAN ISIDRO,7289,CAMBIO DE ACOMETIDA,VALLE VIEJO
67211,2025-02-06 19:04:28,SIN SERVICIO (INTERNET),2025-02-07 18:17:05,UNZAGA F/ UNZAGA M,SAN ANTONIO,14305,CAMBIO DE ACOMETIDA,VALLE VIEJO
67298,2025-02-07 19:09:44,SIN SERVICIO (INTERNET),2025-02-18 10:44:32,MARTINES PABLO,SANTO DOMINGO,20560,REPARACION DE CABLE CORTADO,CHUMBICHA
67303,2025-02-07 19:57:57,SIN SERVICIO (INTERNET),2025-02-10 11:58:44,AGUIRRE WALTER OSVALDO,SANTA ROSA,22117,CAMBIO DE ACOMETIDA,UNET TINOGASTA
67307,2025-02-07 20:36:16,SIN SERVICIO (INTERNET),2025-02-12 08:07:33,UNZAGA F/ UNZAGA M,SUMALAO,15495,CAMBIO DE ACOMETIDA,VALLE VIEJO
67309,2025-02-08 08:40:42,SIN SERVICIO,2025-02-12 17:35:33,AGUIRRE WALTER OSVALDO,CENTRO,1682,CAMBIO DE ACOMETIDA,UNET TINOGASTA
67326,2025-02-08 11:41:58,SIN SERVICIO (INTERNET),2025-02-10 17:14:03,CARPIO/LOPEZ,SAN ANTONIO,7298,CAMBIO DE ACOMETIDA,VALLE VIEJO
67340,2025-02-08 12:16:16,SIN SERVICIO (INTERNET),2025-02-12 17:52:43,UNZAGA F/ UNZAGA M,EL HUECO,21369,CAMBIO DE ACOMETIDA,VALLE VIEJO
67361,2025-02-10 09:42:00,SIN SERVICIO (INTERNET),2025-02-12 08:07:33,UNZAGA M/UNZAGA,SUMALAO,6992,CAMBIO DE ACOMETIDA,VALLE VIEJO
67362,2025-02-10 09:49:25,SIN SERVICIO (INTERNET),2025-02-10 17:14:03,UNZAGA F/ UNZAGA M,SAN ANTONIO,8913,REPARACION DE CABLE CORTADO,VALLE VIEJO
67365,2025-02-10 09:58:38,SIN SERVICIO (INTERNET),2025-02-10 17:14:03,UNZAGA F/ UNZAGA M,SANTA ROSA,4154,CAMBIO DE ACOMETIDA,VALLE VIEJO
67367,2025-02-10 10:04:13,SIN SERVICIO (INTERNET),2025-02-10 17:14:03,UNZAGA F/ UNZAGA M,SAN ANTONIO,5699,REPARACION DE CABLE CORTADO,VALLE VIEJO
67396,2025-02-10 17:51:50,SIN SERVICIO (INTERNET),2025-02-11 15:49:04,CARPIO/LOPEZ,SAN ISIDRO,18065,CAMBIO DE ACOMETIDA,VALLE VIEJO
67401,2025-02-10 18:17:23,SIN SERVICIO (INTERNET),2025-02-12 17:52:43,UNZAGA F/ UNZAGA M,SANTA ROSA,17197,CAMBIO DE ACOMETIDA,VALLE VIEJO
67417,2025-02-10 19:56:25,RED EN EL SUELO,2025-02-12 17:35:33,AGUIRRE WALTER OSVALDO,TINOGASTA,10002,CAMBIO DE ACOMETIDA,UNET TINOGASTA
67432,2025-02-11 08:24:47,SIN SERVICIO (INTERNET),2025-02-11 16:51:46,UNZAGA M/UNZAGA,LOMA NEGRA,19331,CAMBIO DE ACOMETIDA,VALLE VIEJO
67458,2025-02-11 09:49:09,DECO TV SIN SEÃƒÂ‘AL,2025-02-12 09:11:52,AGUIRRE WALTER OSVALDO,TINOGASTA,2854,CAMBIO DE ACOMETIDA,UNET TINOGASTA
67468,2025-02-11 10:50:42,SIN SERVICIO (INTERNET),2025-02-12 17:23:33,CARPIO/LOPEZ,SAN ISIDRO,16008,CAMBIO DE ACOMETIDA,VALLE VIEJO
67474,2025-02-11 11:28:38,SIN SERVICIO (INTERNET),2025-02-12 08:07:33,UNZAGA F/ UNZAGA M,SUMALAO,16588,CAMBIO DE ACOMETIDA,VALLE VIEJO
67524,2025-02-11 13:45:55,SIN SERVICIO (INTERNET),2025-02-13 18:02:41,UNZAGA M/UNZAGA,SUMALAO,16034,CAMBIO DE ACOMETIDA,VALLE VIEJO
67548,2025-02-11 20:30:59,SIN SERVICIO (INTERNET),2025-02-13 09:43:04,JULIO DIAZ,60 VIVIENDAS,2336,CAMBIO DE ACOMETIDA,UNET TINOGASTA
67549,2025-02-11 20:34:25,SIN SERVICIO (INTERNET),2025-02-14 15:47:59,CARPIO/LOPEZ,SANTA ROSA,20767,CAMBIO DE ACOMETIDA,VALLE VIEJO
67597,2025-02-12 15:36:36,SIN SERVICIO (INTERNET),2025-02-17 11:42:55,CARPIO/LOPEZ,BANDA DE VARELA,20783,REPARACION DE FO,VALLE VIEJO
67599,2025-02-12 15:41:09,SIN SERVICIO (INTERNET),2025-02-13 18:02:41,UNZAGA M/UNZAGA,SAN JOSE,21382,CAMBIO DE ACOMETIDA,VALLE VIEJO
67603,2025-02-12 17:36:05,MODIFICAR BAJADA,2025-02-13 18:02:41,UNZAGA M/UNZAGA,EL BAÃƒÂ‘ADO,19343,CAMBIO DE LUGAR DEL CABLE DE ACOMETIDA,VALLE VIEJO
67635,2025-02-13 08:54:23,SIN SERVICIO (INTERNET),2025-02-13 18:53:14,UNZAGA F/ UNZAGA M,SUMALAO,14692,CAMBIO DE ACOMETIDA,VALLE VIEJO
67638,2025-02-13 09:18:42,RED EN EL SUELO,2025-02-13 18:53:14,UNZAGA F/ UNZAGA M,SUMALAO,19013,CAMBIO DE LUGAR DEL CABLE DE ACOMETIDA,VALLE VIEJO
67639,2025-02-13 09:32:16,RED EN EL SUELO,2025-02-13 18:53:14,UNZAGA F/ UNZAGA M,SANTA ROSA,4485,CAMBIO DE LUGAR DEL CABLE DE ACOMETIDA,VALLE VIEJO
67679,2025-02-13 16:22:15,SIN SERVICIO (INTERNET),2025-02-17 08:19:00,UNZAGA M/UNZAGA,EL BAÃƒÂ‘ADO,6180,CAMBIO DE ACOMETIDA,VALLE VIEJO
67718,2025-02-14 09:32:25,SIN SERVICIO (INTERNET),2025-02-17 11:03:41,UNET SOPORTE VV,SAN ISIDRO,17953,REPARACION DE FO,VALLE VIEJO
67722,2025-02-14 09:50:11,MODIFICAR BAJADA,2025-02-21 18:10:59,MARTINES PABLO,40 VIVIENDAS SUR,96,CAMBIO DE TRAMO DE CABLE,CHUMBICHA
67732,2025-02-14 11:17:22,SIN SERVICIO (INTERNET),2025-02-17 11:42:55,ABALLAY/SARMIENTO,EL BAÃƒÂ‘ADO,21319,CAMBIO DE ACOMETIDA,VALLE VIEJO
67739,2025-02-14 13:09:11,SIN SERVICIO (INTERNET),2025-02-17 11:42:55,ABALLAY/SARMIENTO,VILLA DOLORES,5028,CAMBIO DE ACOMETIDA,VALLE VIEJO
67752,2025-02-14 17:21:15,SIN SERVICIO (INTERNET),2025-02-17 11:42:55,ABALLAY/SARMIENTO,SAN ANTONIO,19717,CAMBIO DE ACOMETIDA,VALLE VIEJO
67762,2025-02-14 18:47:34,RED EN EL SUELO,2025-02-17 08:19:00,UNZAGA M/UNZAGA,SAN JOSE,14231,CAMBIO DE LUGAR DEL CABLE DE ACOMETIDA,VALLE VIEJO
67764,2025-02-14 18:56:03,SIN SERVICIO (INTERNET),2025-02-17 08:19:00,UNZAGA M/UNZAGA,LA CARRERA,21868,CAMBIO DE ACOMETIDA,VALLE VIEJO
67766,2025-02-14 19:25:33,SIN SERVICIO (INTERNET),2025-02-17 11:42:55,ABALLAY/SARMIENTO,SAN ANTONIO,7217,CAMBIO DE ACOMETIDA,VALLE VIEJO
67822,2025-02-15 11:48:39,RED EN EL SUELO,2025-02-18 11:47:10,CARPIO/LOPEZ,SANTA ROSA,15591,REPARACION DE FO,VALLE VIEJO
67838,2025-02-17 08:41:20,SIN SERVICIO (INTERNET),2025-02-19 18:34:08,CARPIO/LOPEZ,SUMALAO,21772,CAMBIO DE ACOMETIDA,VALLE VIEJO
67849,2025-02-17 08:56:33,SIN SERVICIO (INTERNET),2025-02-19 18:34:08,CARPIO/LOPEZ,SANTA ROSA,16508,CAMBIO DE ACOMETIDA,VALLE VIEJO
67859,2025-02-17 09:29:21,SIN SERVICIO (INTERNET),2025-02-17 18:28:08,FERREYRA/BUSTAMANTE,SAN JOSE,7837,CAMBIO DE ACOMETIDA,VALLE VIEJO
67861,2025-02-17 09:30:34,PROBLEMAS DE SEÃƒÂ‘AL,2025-02-17 18:28:08,FERREYRA/BUSTAMANTE,SAN ANTONIO,6393,CAMBIO DE ACOMETIDA,VALLE VIEJO
67862,2025-02-17 09:36:48,SIN SERVICIO (INTERNET),2025-02-17 18:28:08,FERREYRA/BUSTAMANTE,LA CARRERA,18533,CAMBIO DE ACOMETIDA,VALLE VIEJO
67868,2025-02-17 10:09:34,SIN SERVICIO (INTERNET),2025-02-19 18:34:08,CARPIO/LOPEZ,SANTA ROSA,15071,CAMBIO DE ACOMETIDA,VALLE VIEJO
67909,2025-02-17 17:07:20,SIN SERVICIO (INTERNET),2025-02-18 17:10:05,ABALLAY/SARMIENTO,LA TERCENA,21207,CAMBIO DE ACOMETIDA,VALLE VIEJO
67929,2025-02-17 19:58:01,MODIFICAR BAJADA,2025-02-21 18:10:59,MARTINES PABLO,CENTRO,8148,CAMBIO DE TRAMO DE CABLE,CHUMBICHA
67936,2025-02-18 08:26:37,FUENTE ONT DAÃƒÂ‘ADA,2025-02-18 16:29:03,UNET SOPORTE VV,EL HUECO,5900,REPARACION DE FO,VALLE VIEJO
67966,2025-02-18 09:39:13,SIN SERVICIO (INTERNET),2025-02-18 16:29:03,UNET SOPORTE VV,EL HUECO,6611,REPARACION DE FO,VALLE VIEJO
67973,2025-02-18 10:03:20,SIN SERVICIO (INTERNET),2025-02-18 16:29:03,UNET SOPORTE VV,EL HUECO,15539,REPARACION DE FO,VALLE VIEJO
67997,2025-02-18 11:27:19,SIN SERVICIO (INTERNET),2025-02-18 19:57:32,UNZAGA F/ UNZAGA M,VILLA DOLORES,7017,REPARACION DE FO,VALLE VIEJO
68010,2025-02-18 12:33:35,SIN SERVICIO (INTERNET),2025-02-24 09:35:38,AGUIRRE WALTER OSVALDO,SANTA ROSA,18044,CAMBIO DE ACOMETIDA,UNET TINOGASTA
68029,2025-02-18 18:32:57,SIN SERVICIO (INTERNET),2025-02-19 18:34:08,CARPIO/LOPEZ,SAN ANTONIO,4111,CAMBIO DE ACOMETIDA,VALLE VIEJO
68037,2025-02-18 19:18:30,SIN SERVICIO (INTERNET),2025-02-21 19:09:23,FERREYRA/BUSTAMANTE,SAN ISIDRO,9984,CAMBIO DE ACOMETIDA,VALLE VIEJO
68041,2025-02-18 19:25:02,SIN SERVICIO (INTERNET),2025-02-21 20:52:37,MARTINES PABLO,SANTO DOMINGO,1060,REPARACION DE CABLE CORTADO,CHUMBICHA
68050,2025-02-18 20:28:08,MODIFICAR BAJADA,2025-02-19 19:30:19,ABALLAY/SARMIENTO,SAN JOSE,15560,CAMBIO DE LUGAR DEL CABLE DE ACOMETIDA,VALLE VIEJO
68052,2025-02-19 08:21:28,PROBLEMAS DE SEÃƒÂ‘AL,2025-02-19 19:30:19,ABALLAY/SARMIENTO,SAN JOSE,15410,CAMBIO DE ACOMETIDA,VALLE VIEJO
68070,2025-02-19 09:11:00,SIN SERVICIO (INTERNET),2025-02-26 08:58:00,JULIO DIAZ,COOPERTIVA,1412,CAMBIO DE ACOMETIDA,UNET TINOGASTA
68091,2025-02-19 11:04:55,SIN SERVICIO (INTERNET),2025-02-20 17:40:08,CARPIO/LOPEZ,SAN ANTONIO,9216,CAMBIO DE ACOMETIDA,VALLE VIEJO
68095,2025-02-19 11:48:37,SIN SERVICIO (INTERNET),2025-02-21 19:09:23,FERREYRA/BUSTAMANTE,SANTA ROSA,3007,CAMBIO DE ACOMETIDA,VALLE VIEJO
68112,2025-02-19 17:25:54,SIN SERVICIO (INTERNET),2025-02-21 19:09:23,CARPIO/LOPEZ,SAN ANTONIO,22196,CAMBIO DE ACOMETIDA,VALLE VIEJO
68116,2025-02-19 17:46:48,RED EN EL SUELO,2025-02-20 17:40:08,CARPIO/LOPEZ,SANTA ROSA,4485,CAMBIO DE LUGAR DEL CABLE DE ACOMETIDA,VALLE VIEJO
68119,2025-02-19 18:01:49,SIN SERVICIO (INTERNET),2025-02-21 19:09:23,FERREYRA/BUSTAMANTE,SUMALAO,6017,REPARACION DE FO,VALLE VIEJO
68121,2025-02-19 18:33:53,SIN SERVICIO (INTERNET),2025-02-24 18:58:03,FERREYRA/BUSTAMANTE,POZO DE MISTOL,9357,CAMBIO DE ACOMETIDA,VALLE VIEJO
68122,2025-02-19 18:37:13,SIN SERVICIO (INTERNET),2025-02-21 19:09:23,FERREYRA/PEREYRA,LA CARRERA,18692,CAMBIO DE ACOMETIDA,VALLE VIEJO
68139,2025-02-20 08:46:56,SIN SERVICIO (INTERNET),2025-02-21 10:46:23,FERREYRA/BUSTAMANTE,SAN ISIDRO,7944,CAMBIO DE ACOMETIDA,VALLE VIEJO
68142,2025-02-20 09:05:53,SIN SERVICIO (INTERNET),2025-02-21 10:46:23,FERREYRA/BUSTAMANTE,SANTA ROSA,21029,CAMBIO DE ACOMETIDA,VALLE VIEJO
68147,2025-02-20 09:39:50,SIN SERVICIO (INTERNET),2025-02-21 19:09:23,FERREYRA/BUSTAMANTE,SAN ISIDRO,5264,CAMBIO DE ACOMETIDA,VALLE VIEJO
68161,2025-02-20 10:07:23,SIN SERVICIO (INTERNET),2025-02-24 10:52:25,FERREYRA/BUSTAMANTE,SUMALAO,16764,CAMBIO DE ACOMETIDA,VALLE VIEJO
68223,2025-02-20 16:42:22,SIN SERVICIO (INTERNET),2025-02-21 19:09:23,FERREYRA/PEREYRA,EL HUECO,7066,CAMBIO DE ACOMETIDA,VALLE VIEJO
68224,2025-02-20 16:43:14,SIN SERVICIO (INTERNET),2025-02-24 11:27:46,FERREYRA/PEREYRA,SUMALAO,15360,CAMBIO DE ACOMETIDA,VALLE VIEJO
68225,2025-02-20 16:44:56,SIN SERVICIO (INTERNET),2025-02-21 19:09:23,FERREYRA/BUSTAMANTE,EL BAÃƒÂ‘ADO,18112,REPARACION DE FO,VALLE VIEJO
68226,2025-02-20 17:06:01,SIN SERVICIO (INTERNET),2025-02-22 10:38:54,FERREYRA/PEREYRA,SAN JOSE,8990,CAMBIO DE ACOMETIDA,VALLE VIEJO
68245,2025-02-20 19:31:22,SIN SERVICIO (INTERNET),2025-02-21 19:09:23,FERREYRA/BUSTAMANTE,EL BAÃƒÂ‘ADO,5467,CAMBIO DE ACOMETIDA,VALLE VIEJO
68247,2025-02-20 19:45:24,SIN SERVICIO (INTERNET),2025-02-21 19:09:23,FERREYRA/BUSTAMANTE,POZO DE MISTOL,15663,CAMBIO DE ACOMETIDA,VALLE VIEJO
68264,2025-02-21 09:20:01,SIN SERVICIO (INTERNET),2025-02-24 09:35:38,JULIO DIAZ,TINOGASTA,750,CAMBIO DE ACOMETIDA,UNET TINOGASTA
68280,2025-02-21 10:40:08,SIN SERVICIO (INTERNET),2025-02-21 19:09:23,UNZAGA F/ UNZAGA M,SAN JOSE,14472,REPARACION DE FO,VALLE VIEJO
68282,2025-02-21 11:19:43,RED EN EL SUELO,2025-02-21 19:09:23,UNZAGA F/ UNZAGA M,SANTA ROSA,4909,CAMBIO DE LUGAR DEL CABLE DE ACOMETIDA,VALLE VIEJO
68301,2025-02-21 16:55:20,SIN SERVICIO (INTERNET),2025-02-24 10:52:25,FERREYRA/BUSTAMANTE,POZO DE MISTOL,8185,CAMBIO DE ACOMETIDA,VALLE VIEJO
68305,2025-02-21 17:18:44,SIN SERVICIO (INTERNET),2025-02-24 10:52:25,FERREYRA/BUSTAMANTE,SAN ISIDRO,7596,CAMBIO DE ACOMETIDA,VALLE VIEJO
68306,2025-02-21 17:22:16,PROBLEMAS DE SEÃƒÂ‘AL,2025-02-25 10:41:10,FERREYRA/BUSTAMANTE,SAN ISIDRO,15273,REPARACION DE FO,VALLE VIEJO
68310,2025-02-21 17:39:52,PROBLEMAS DE SEÃƒÂ‘AL,2025-02-24 10:52:25,FERREYRA/BUSTAMANTE,SUMALAO,8194,CAMBIO DE ACOMETIDA,VALLE VIEJO
68311,2025-02-21 17:58:00,SIN SERVICIO (INTERNET),2025-02-24 10:52:25,FERREYRA/BUSTAMANTE,POZO DE MISTOL,17665,CAMBIO DE ACOMETIDA,VALLE VIEJO
68313,2025-02-21 18:18:58,SIN SERVICIO (INTERNET),2025-02-24 10:52:25,FERREYRA/BUSTAMANTE,POZO DE MISTOL,17944,CAMBIO DE ACOMETIDA,VALLE VIEJO
68319,2025-02-21 18:55:00,SIN SERVICIO (INTERNET),2025-02-24 10:52:25,FERREYRA/BUSTAMANTE,SUMALAO,14230,CAMBIO DE ACOMETIDA,VALLE VIEJO
68320,2025-02-21 18:57:44,SIN SERVICIO (INTERNET),2025-02-22 11:54:53,CARPIO/LOPEZ,SAN JOSE,14242,CAMBIO DE ACOMETIDA,VALLE VIEJO
68332,2025-02-22 08:56:41,SIN SERVICIO (INTERNET),2025-02-24 09:35:38,JULIO DIAZ,TINOGASTA,17782,CAMBIO DE ACOMETIDA,UNET TINOGASTA
68345,2025-02-22 10:34:53,SIN SERVICIO (INTERNET),2025-02-26 19:56:05,UNZAGA F/ UNZAGA M,50 VIVIENDAS NORTE,16462,REPARACION DE FO,VALLE VIEJO
68361,2025-02-22 11:54:14,SIN SERVICIO (INTERNET),2025-02-24 11:27:46,FERREYRA/PEREYRA,POZO DE MISTOL,19722,CAMBIO DE ACOMETIDA,VALLE VIEJO
68373,2025-02-24 08:40:54,SIN SERVICIO (INTERNET),2025-02-24 19:34:29,UNZAGA F/ UNZAGA M,VILLA DOLORES,6739,CAMBIO DE ACOMETIDA,VALLE VIEJO
68378,2025-02-24 09:08:50,SIN SERVICIO (INTERNET),2025-02-25 11:59:07,ABALLAY/SARMIENTO,EL BAÃƒÂ‘ADO,5002,CAMBIO DE ACOMETIDA,VALLE VIEJO
68381,2025-02-24 09:41:49,SIN SERVICIO (INTERNET),2025-02-27 18:17:25,FERREYRA/BUSTAMANTE,LA CARRERA,19463,CAMBIO DE ACOMETIDA,VALLE VIEJO
68391,2025-02-24 10:12:22,SIN SERVICIO (INTERNET),2025-02-26 08:36:14,FERREYRA/BUSTAMANTE,SAN JOSE,20229,CAMBIO DE ACOMETIDA,VALLE VIEJO
68394,2025-02-24 10:19:45,SIN SERVICIO (INTERNET),2025-02-25 11:59:07,ABALLAY/SARMIENTO,SANTA ROSA,21422,CAMBIO DE ACOMETIDA,VALLE VIEJO
68407,2025-02-24 11:26:33,SIN SERVICIO (INTERNET),2025-02-25 11:59:07,ABALLAY/SARMIENTO,VILLA PARQUE CHACABUCO,21469,CAMBIO DE ACOMETIDA,VALLE VIEJO
68408,2025-02-24 11:27:34,SIN SERVICIO (INTERNET),2025-02-26 08:36:14,FERREYRA/BUSTAMANTE,LA CARRERA,21573,CAMBIO DE ACOMETIDA,VALLE VIEJO
68419,2025-02-24 17:14:37,SIN SERVICIO (INTERNET),2025-02-25 11:59:07,ABALLAY/SARMIENTO,SANTA ROSA,20908,CAMBIO DE ACOMETIDA,VALLE VIEJO
68428,2025-02-24 18:56:59,SIN SERVICIO (INTERNET),2025-02-25 19:11:56,CARPIO/LOPEZ,POLCOS,17865,CAMBIO DE ACOMETIDA,VALLE VIEJO
68433,2025-02-24 19:21:43,SIN SERVICIO (INTERNET),2025-02-25 19:11:56,UNZAGA F/ UNZAGA M,SUMALAO,19976,REPARACION DE FO,VALLE VIEJO
68445,2025-02-24 20:31:39,MODIFICAR BAJADA,2025-02-26 08:58:00,AGUIRRE WALTER OSVALDO,TINOGASTA,18986,CAMBIO DE ACOMETIDA,UNET TINOGASTA
68464,2025-02-25 09:21:32,SIN SERVICIO (INTERNET),2025-02-25 19:11:56,UNET SOPORTE VV,POLCOS,14905,REPARACION DE FO,VALLE VIEJO
68465,2025-02-25 09:22:03,SIN SERVICIO (INTERNET),2025-02-26 08:58:00,AGUIRRE WALTER OSVALDO,70 VIVIENDAS,2356,CAMBIO DE ACOMETIDA,UNET TINOGASTA
68467,2025-02-25 09:30:41,SIN SERVICIO (INTERNET),2025-02-25 19:11:56,UNET SOPORTE VV,POLCOS,8817,REPARACION DE FO,VALLE VIEJO
68468,2025-02-25 09:43:27,SIN SERVICIO (INTERNET),2025-02-26 18:58:20,ABALLAY/SARMIENTO,SANTA ROSA,14990,CAMBIO DE ACOMETIDA,VALLE VIEJO
68469,2025-02-25 09:44:25,SIN SERVICIO (INTERNET),2025-02-25 19:11:56,UNET SOPORTE VV,POLCOS,3065,REPARACION DE FO,VALLE VIEJO
68484,2025-02-25 10:56:53,SIN SERVICIO (INTERNET),2025-02-26 08:36:14,FERREYRA/BUSTAMANTE,POLCOS,4164,CAMBIO DE ACOMETIDA,VALLE VIEJO
68488,2025-02-25 11:17:03,SIN SERVICIO (INTERNET),2025-02-25 19:11:56,UNET SOPORTE VV,POLCOS,3196,REPARACION DE FO,VALLE VIEJO
68509,2025-02-25 15:21:52,SIN SERVICIO (INTERNET),2025-02-26 18:35:15,ABALLAY/SARMIENTO,SANTA ROSA,8332,CAMBIO DE ACOMETIDA,VALLE VIEJO
68549,2025-02-26 08:31:41,SIN SERVICIO (INTERNET),2025-02-27 19:50:34,ABALLAY/SARMIENTO,SAN JOSE,20647,CAMBIO DE ACOMETIDA,VALLE VIEJO
68551,2025-02-26 08:39:01,SIN SERVICIO (INTERNET),2025-02-26 19:56:05,UNZAGA F/ UNZAGA M,SAN ANTONIO,7747,CAMBIO DE ACOMETIDA,VALLE VIEJO
68563,2025-02-26 10:19:47,SIN SERVICIO (INTERNET),2025-02-26 19:56:05,UNZAGA F/ UNZAGA M,20 VIVIENDAS,19364,CAMBIO DE LUGAR DEL CABLE DE ACOMETIDA,VALLE VIEJO
68585,2025-02-26 16:23:27,SIN SERVICIO (INTERNET),2025-02-27 19:50:34,ABALLAY/SARMIENTO,SAN JOSE,15841,CAMBIO DE ACOMETIDA,VALLE VIEJO
68586,2025-02-26 16:26:25,SIN SERVICIO (INTERNET),2025-02-27 18:17:25,FERREYRA/BUSTAMANTE,SAN JOSE,8365,CAMBIO DE ACOMETIDA,VALLE VIEJO
68589,2025-02-26 17:10:14,SIN SERVICIO (INTERNET),2025-02-28 18:19:34,ABALLAY/SARMIENTO,SAN JOSE,9163,CAMBIO DE ACOMETIDA,VALLE VIEJO
68594,2025-02-26 17:45:50,SIN SERVICIO (INTERNET),2025-02-27 18:38:00,CARPIO/LOPEZ,SAN ISIDRO,17709,CAMBIO DE ACOMETIDA,VALLE VIEJO
68599,2025-02-26 18:24:12,SIN SERVICIO (INTERNET),2025-02-28 08:52:10,AGUIRRE WALTER OSVALDO,CENTRO,15019,CAMBIO DE ACOMETIDA,UNET TINOGASTA
68602,2025-02-26 18:37:00,RED EN EL SUELO,2025-02-28 08:52:10,AGUIRRE WALTER OSVALDO,CENTRO,781,CAMBIO DE ACOMETIDA,UNET TINOGASTA
68603,2025-02-26 18:56:51,SIN SERVICIO (INTERNET),2025-02-28 08:52:10,AGUIRRE WALTER OSVALDO,50 VIVIENDAS,889,CAMBIO DE ACOMETIDA,UNET TINOGASTA
68605,2025-02-26 19:37:12,SIN SERVICIO (INTERNET),2025-02-27 18:17:25,CARPIO/LOPEZ,SANTA ROSA,4478,CAMBIO DE ACOMETIDA,VALLE VIEJO
68630,2025-02-27 09:35:58,RED EN EL SUELO,2025-02-27 18:17:25,CARPIO/LOPEZ,SAN ISIDRO,3040,CAMBIO DE ACOMETIDA,VALLE VIEJO
68657,2025-02-27 13:45:03,SIN SERVICIO (INTERNET),2025-02-28 18:19:34,ABALLAY/SARMIENTO,SANTA ROSA,16844,CAMBIO DE ACOMETIDA,VALLE VIEJO
68663,2025-02-27 16:19:11,SIN SERVICIO (INTERNET),2025-03-05 19:27:27,UNZAGA F/ UNZAGA M,LA CARRERA,19042,CAMBIO DE ACOMETIDA,VALLE VIEJO
68664,2025-02-27 16:33:46,SIN SERVICIO (INTERNET),2025-02-28 18:19:34,CARPIO/LOPEZ,POZO DE MISTOL,8983,CAMBIO DE ACOMETIDA,VALLE VIEJO
68670,2025-02-27 18:03:26,SIN SERVICIO (INTERNET),2025-03-05 19:27:27,UNZAGA F/ UNZAGA M,SAN JOSE,15524,CAMBIO DE ACOMETIDA,VALLE VIEJO
68671,2025-02-27 18:08:49,SIN SERVICIO (INTERNET),2025-02-28 18:19:34,CARPIO/LOPEZ,SUMALAO,21189,CAMBIO DE ACOMETIDA,VALLE VIEJO
68674,2025-02-27 18:17:15,SIN SERVICIO (INTERNET),2025-02-28 18:19:34,ABALLAY/SARMIENTO,SANTA ROSA,19874,CAMBIO DE ACOMETIDA,VALLE VIEJO
68675,2025-02-27 18:19:22,SIN SERVICIO (INTERNET),2025-02-28 18:19:34,ABALLAY/SARMIENTO,SANTA ROSA,22508,CAMBIO DE ACOMETIDA,VALLE VIEJO
68679,2025-02-27 18:41:58,SIN SERVICIO (INTERNET),2025-02-28 18:19:34,CARPIO/LOPEZ,POZO DE MISTOL,17944,CAMBIO DE ACOMETIDA,VALLE VIEJO
68683,2025-02-27 19:00:25,SIN SERVICIO (INTERNET),2025-03-05 08:05:58,ABALLAY/SARMIENTO,SUMALAO,9291,CAMBIO DE ACOMETIDA,VALLE VIEJO
68684,2025-02-27 19:21:41,SIN SERVICIO (INTERNET),2025-02-28 18:19:34,FERREYRA/PEREYRA,SUMALAO,14777,CAMBIO DE ACOMETIDA,VALLE VIEJO
68696,2025-02-27 20:45:08,SIN SERVICIO (INTERNET),2025-03-05 09:15:01,FERREYRA/PEREYRA,SAN ISIDRO,17180,CAMBIO DE ACOMETIDA,VALLE VIEJO
68699,2025-02-28 08:27:03,SIN SERVICIO (INTERNET),2025-03-05 09:15:01,FERREYRA/PEREYRA,SAN ISIDRO,20110,CAMBIO DE ACOMETIDA,VALLE VIEJO
68700,2025-02-28 08:36:23,SIN SERVICIO (INTERNET),2025-03-05 10:39:10,FERREYRA/BUSTAMANTE,EL RODEO,22051,CAMBIO DE ACOMETIDA,EL RODEO
68704,2025-02-28 09:02:33,SIN SERVICIO (INTERNET),2025-02-28 18:19:34,FERREYRA/PEREYRA,POZO DE MISTOL,7317,CAMBIO DE ACOMETIDA,VALLE VIEJO
68708,2025-02-28 09:10:33,SIN SERVICIO (INTERNET),2025-02-28 18:19:34,FERREYRA/PEREYRA,SUMALAO,17771,CAMBIO DE ACOMETIDA,VALLE VIEJO
68709,2025-02-28 09:18:19,SIN SERVICIO (INTERNET),2025-02-28 18:19:34,FERREYRA/PEREYRA,SUMALAO,15488,CAMBIO DE ACOMETIDA,VALLE VIEJO
68710,2025-02-28 09:50:11,RED EN EL SUELO,2025-03-06 08:58:36,AGUIRRE WALTER OSVALDO,CENTRO,2468,CAMBIO DE ACOMETIDA,UNET TINOGASTA
68715,2025-02-28 10:50:50,VERIFICAR SERVICIO,2025-03-11 08:33:38,AGUIRRE WALTER OSVALDO,ANTENA SATELITAL,1927,CAMBIO DE ACOMETIDA,UNET TINOGASTA
68722,2025-02-28 11:21:37,SIN SERVICIO (INTERNET),2025-02-28 19:26:36,UNZAGA F/ UNZAGA M,SAN ISIDRO,9205,CAMBIO DE ACOMETIDA,VALLE VIEJO
68727,2025-02-28 11:43:12,SIN SERVICIO (INTERNET),2025-03-10 08:49:14,AGUIRRE WALTER OSVALDO,LA PAZ,1958,CAMBIO DE ACOMETIDA,UNET TINOGASTA
68741,2025-02-28 17:27:42,SIN SERVICIO (INTERNET),2025-03-05 09:15:01,FERREYRA/PEREYRA,SAN ANTONIO,9943,CAMBIO DE ACOMETIDA,VALLE VIEJO
68743,2025-02-28 17:51:08,SIN SERVICIO (INTERNET),2025-03-06 08:58:36,AGUIRRE WALTER OSVALDO,CENTRO,21564,CAMBIO DE ACOMETIDA,UNET TINOGASTA
68745,2025-02-28 17:53:13,RED EN EL SUELO,2025-03-05 08:05:58,UNZAGA F/ UNZAGA M,SUMALAO,9036,CAMBIO DE LUGAR DEL CABLE DE ACOMETIDA,VALLE VIEJO
68746,2025-02-28 17:56:15,SIN SERVICIO (INTERNET),2025-03-05 19:27:27,UNZAGA F/ UNZAGA M,LA TERCENA,17996,CAMBIO DE ACOMETIDA,VALLE VIEJO
68747,2025-02-28 18:06:38,SIN SERVICIO (INTERNET),2025-03-05 08:05:58,UNZAGA F/ UNZAGA M,SANTA ROSA,3300,REPARACION DE FO,VALLE VIEJO
68749,2025-02-28 18:08:10,SIN SERVICIO (INTERNET),2025-03-05 08:05:58,UNZAGA F/ UNZAGA M,SANTA ROSA,3561,REPARACION DE FO,VALLE VIEJO
68752,2025-02-28 18:19:18,SIN SERVICIO (INTERNET),2025-03-05 09:15:01,FERREYRA/PEREYRA,LA CARRERA,19350,CAMBIO DE ACOMETIDA,VALLE VIEJO
68762,2025-02-28 19:17:29,SIN SERVICIO (INTERNET),2025-03-07 09:01:27,AGUIRRE WALTER OSVALDO,JARDIN,890,CAMBIO DE ACOMETIDA,UNET TINOGASTA
68765,2025-02-28 19:20:45,SIN SERVICIO (INTERNET),2025-03-05 09:15:01,FERREYRA/PEREYRA,SANTA ROSA,18870,CAMBIO DE ACOMETIDA,VALLE VIEJO
68771,2025-02-28 19:57:20,RED EN EL SUELO,2025-03-05 17:42:58,CARPIO/LOPEZ,POZO DE MISTOL,8035,CAMBIO DE LUGAR DEL CABLE DE ACOMETIDA,VALLE VIEJO
68778,2025-03-01 09:24:30,SIN SERVICIO (INTERNET),2025-03-05 17:42:58,CARPIO/LOPEZ,POLCOS,9610,CAMBIO DE ACOMETIDA,VALLE VIEJO
68780,2025-03-01 09:46:06,SIN SERVICIO (INTERNET),2025-03-05 10:39:10,FERREYRA/BUSTAMANTE,EL RODEO,22317,CAMBIO DE ACOMETIDA,EL RODEO
68781,2025-03-01 09:49:05,SIN SERVICIO (INTERNET),2025-03-01 11:57:15,ABALLAY/SARMIENTO,SAN ISIDRO,6724,CAMBIO DE ACOMETIDA,VALLE VIEJO
68788,2025-03-01 11:00:34,SIN SERVICIO (INTERNET),2025-03-07 09:01:27,AGUIRRE WALTER OSVALDO,TINOGASTA,2570,CAMBIO DE ACOMETIDA,UNET TINOGASTA
68793,2025-03-01 11:49:59,SIN SERVICIO (INTERNET),2025-03-05 17:42:58,CARPIO/LOPEZ,SANTA ROSA,14736,CAMBIO DE ACOMETIDA,VALLE VIEJO
68800,2025-03-01 12:50:21,SIN SERVICIO (INTERNET),2025-03-07 19:21:03,CARPIO/LOPEZ,SUMALAO,14849,CAMBIO DE ACOMETIDA,VALLE VIEJO
68811,2025-03-05 08:32:43,SIN SERVICIO (INTERNET),2025-03-07 19:21:03,UNZAGA F/ UNZAGA M,SAN ISIDRO,3829,CAMBIO DE ACOMETIDA,VALLE VIEJO
68815,2025-03-05 08:44:54,SIN SERVICIO (INTERNET),2025-03-06 14:55:22,ABALLAY/SARMIENTO,LA TERCENA,18547,CAMBIO DE ACOMETIDA,VALLE VIEJO
68821,2025-03-05 08:55:07,SIN SERVICIO (INTERNET),2025-03-06 19:54:25,UNZAGA F/ UNZAGA M,PORTAL NORTE 1,20740,CAMBIO DE ACOMETIDA,VALLE VIEJO
68823,2025-03-05 08:58:30,SIN SERVICIO (INTERNET),2025-03-06 14:55:22,CARPIO/LOPEZ,POZO DE MISTOL,9357,CAMBIO DE ACOMETIDA,VALLE VIEJO
68829,2025-03-05 09:01:35,SIN SERVICIO (INTERNET),2025-03-05 19:27:27,UNZAGA F/ UNZAGA M,POZO DE MISTOL,9750,CAMBIO DE ACOMETIDA,VALLE VIEJO
68837,2025-03-05 09:05:45,SIN SERVICIO (INTERNET),2025-03-06 14:55:22,ABALLAY/SARMIENTO,SAN JOSE,15102,CAMBIO DE ACOMETIDA,VALLE VIEJO
68844,2025-03-05 09:12:59,PROBLEMAS DE SEÃƒÂ‘AL,2025-03-07 19:21:03,UNZAGA F/ UNZAGA M,SUMALAO,8083,CAMBIO DE ACOMETIDA,VALLE VIEJO
68856,2025-03-05 09:42:03,SIN SERVICIO (INTERNET),2025-03-07 09:01:27,JUAN OVEJERO,JARDIN,1106,CAMBIO DE ACOMETIDA,UNET TINOGASTA
68857,2025-03-05 09:46:00,SIN SERVICIO (INTERNET),2025-03-06 14:55:22,CARPIO/LOPEZ,SANTA ROSA,5049,CAMBIO DE ACOMETIDA,VALLE VIEJO
68863,2025-03-05 10:01:30,SIN SERVICIO (INTERNET),2025-03-07 19:21:03,FERREYRA/PEREYRA,SUMALAO,6573,CAMBIO DE ACOMETIDA,VALLE VIEJO
68870,2025-03-05 10:38:48,SIN SERVICIO (INTERNET),2025-03-08 08:47:38,JUAN OVEJERO,CENTRO,1708,CAMBIO DE ACOMETIDA,UNET TINOGASTA
68880,2025-03-05 10:49:33,SIN SERVICIO (INTERNET),2025-03-07 09:01:27,AGUIRRE WALTER OSVALDO,TINOGASTA,21217,CAMBIO DE ACOMETIDA,UNET TINOGASTA
68893,2025-03-05 11:53:10,VERIFICAR SERVICIO,2025-03-13 09:16:47,AGUIRRE WALTER OSVALDO,CENTRO,847,CAMBIO DE ACOMETIDA,UNET TINOGASTA
68895,2025-03-05 11:56:39,SIN SERVICIO (INTERNET),2025-03-11 08:33:38,AGUIRRE WALTER OSVALDO,TINOGASTA,4233,CAMBIO DE ACOMETIDA,UNET TINOGASTA
68897,2025-03-05 12:07:49,SIN SERVICIO (INTERNET),2025-03-07 19:21:03,UNZAGA F/ UNZAGA M,POZO DE MISTOL,17950,CAMBIO DE LUGAR DEL CABLE DE ACOMETIDA,VALLE VIEJO
68908,2025-03-05 16:12:44,SIN SERVICIO (INTERNET),2025-03-06 14:55:22,CARPIO/LOPEZ,SAN ISIDRO,5027,CAMBIO DE ACOMETIDA,VALLE VIEJO
68911,2025-03-05 16:16:40,SIN SERVICIO (INTERNET),2025-03-07 19:21:03,ABALLAY/SARMIENTO,SAN ANTONIO,7831,CAMBIO DE ACOMETIDA,VALLE VIEJO
68913,2025-03-05 16:49:53,SIN SERVICIO (INTERNET),2025-03-06 14:55:22,CARPIO/LOPEZ,SANTA ROSA,9493,CAMBIO DE ACOMETIDA,VALLE VIEJO
68934,2025-03-05 19:48:34,SIN SERVICIO (INTERNET),2025-03-12 08:57:31,AGUIRRE WALTER OSVALDO,50 VIVIENDAS,683,CAMBIO DE ACOMETIDA,UNET TINOGASTA
68938,2025-03-05 20:13:17,DECO TV SIN SEÃƒÂ‘AL,2025-03-11 08:33:38,AGUIRRE WALTER OSVALDO,70 VIVIENDAS,956,CAMBIO DE ACOMETIDA,UNET TINOGASTA
68942,2025-03-06 08:36:46,RED EN EL SUELO,2025-03-10 19:45:11,ABALLAY/SARMIENTO,SAN ANTONIO,9179,CAMBIO DE LUGAR DEL CABLE DE ACOMETIDA,VALLE VIEJO
68943,2025-03-06 08:44:35,SIN SERVICIO (INTERNET),2025-03-07 19:21:03,UNZAGA F/ UNZAGA M,POZO DE MISTOL,8446,CAMBIO DE LUGAR DEL CABLE DE ACOMETIDA,VALLE VIEJO
68949,2025-03-06 09:24:20,SIN SERVICIO (INTERNET),2025-03-12 16:45:23,CARPIO/LOPEZ,SAN ISIDRO,18949,CAMBIO DE ACOMETIDA,VALLE VIEJO
68954,2025-03-06 09:41:33,VERIFICAR SERVICIO,2025-03-14 20:30:51,AGUIRRE WALTER OSVALDO,CENTRO,1509,CAMBIO DE ACOMETIDA,UNET TINOGASTA
68960,2025-03-06 10:23:37,PROBLEMAS DE SEÃƒÂ‘AL,2025-03-10 19:45:11,ABALLAY/SARMIENTO,SAN ISIDRO,18844,CAMBIO DE ACOMETIDA,VALLE VIEJO
68982,2025-03-06 14:52:59,SIN SERVICIO (INTERNET),2025-03-07 19:21:03,ABALLAY/SARMIENTO,SAN ANTONIO,5330,CAMBIO DE ACOMETIDA,VALLE VIEJO
68997,2025-03-06 17:56:06,SIN SERVICIO (INTERNET),2025-03-10 08:06:12,CARPIO/LOPEZ,SANTA ROSA,3419,CAMBIO DE ACOMETIDA,VALLE VIEJO
69000,2025-03-06 18:06:31,SIN SERVICIO (INTERNET),2025-03-10 17:21:15,FERREYRA/BUSTAMANTE,SUMALAO,6745,CAMBIO DE ACOMETIDA,VALLE VIEJO
69001,2025-03-06 18:10:36,SIN SERVICIO (INTERNET),2025-03-10 19:45:11,ABALLAY/SARMIENTO,LA TERCENA,18523,CAMBIO DE ACOMETIDA,VALLE VIEJO
69002,2025-03-06 18:12:51,SIN SERVICIO (INTERNET),2025-03-10 19:45:11,ABALLAY/SARMIENTO,SAN JOSE,21675,CAMBIO DE ACOMETIDA,VALLE VIEJO
69006,2025-03-06 18:33:27,PROBLEMAS DE SEÃƒÂ‘AL,2025-03-11 18:48:02,FERREYRA/BUSTAMANTE,SAN ANTONIO,8742,CAMBIO DE ACOMETIDA,VALLE VIEJO
69009,2025-03-06 19:54:08,SIN SERVICIO (INTERNET),2025-03-12 16:45:23,CARPIO/LOPEZ,VILLA DOLORES,7574,CAMBIO DE ACOMETIDA,VALLE VIEJO
69012,2025-03-06 20:24:00,SIN SERVICIO (INTERNET),2025-03-10 08:06:12,CARPIO/LOPEZ,LA FALDA DE SAN ANTONIO,8825,CAMBIO DE ACOMETIDA,VALLE VIEJO
69019,2025-03-07 08:54:47,RED EN EL SUELO,2025-03-10 15:49:24,CARPIO/LOPEZ,EL BAÃƒÂ‘ADO,6037,REPARACION DE FO,VALLE VIEJO
69020,2025-03-07 08:56:31,RED EN EL SUELO,2025-03-10 15:49:24,CARPIO/LOPEZ,EL BAÃƒÂ‘ADO,9477,REPARACION DE FO,VALLE VIEJO
69028,2025-03-07 09:29:49,SIN SERVICIO (INTERNET),2025-03-10 19:45:11,UNZAGA F/ UNZAGA M,LA CARRERA,18929,CAMBIO DE ACOMETIDA,VALLE VIEJO
69036,2025-03-07 09:53:51,SIN SERVICIO (INTERNET),2025-03-10 17:21:15,FERREYRA/BUSTAMANTE,POZO DE MISTOL,8202,CAMBIO DE ACOMETIDA,VALLE VIEJO
69076,2025-03-07 11:35:17,SIN SERVICIO (INTERNET),2025-03-07 19:21:03,UNET SOPORTE VV,SAN ISIDRO,22547,REPARACION DE FO,VALLE VIEJO
69081,2025-03-07 11:52:51,SIN SERVICIO (INTERNET),2025-03-11 08:33:38,JUAN OVEJERO,70 VIVIENDAS,333,CAMBIO DE ACOMETIDA,UNET TINOGASTA
69082,2025-03-07 11:54:40,SIN SERVICIO (INTERNET),2025-03-07 19:21:03,UNET SOPORTE VV,SAN ISIDRO,14153,REPARACION DE FO,VALLE VIEJO
69089,2025-03-07 12:30:52,SIN SERVICIO (INTERNET),2025-03-13 09:26:17,JUAN OVEJERO,TINOGASTA,2762,CAMBIO DE ACOMETIDA,UNET TINOGASTA
69091,2025-03-07 14:48:19,SIN SERVICIO (INTERNET),2025-03-07 19:21:03,UNET SOPORTE VV,SAN ISIDRO,22372,REPARACION DE FO,VALLE VIEJO
69100,2025-03-07 17:18:20,SIN SERVICIO (INTERNET),2025-03-10 19:45:11,ABALLAY/SARMIENTO,SAN JOSE,15406,CAMBIO DE ACOMETIDA,VALLE VIEJO
69110,2025-03-07 19:27:05,SIN SERVICIO (INTERNET),2025-03-10 17:21:15,FERREYRA/BUSTAMANTE,SUMALAO,21584,CAMBIO DE ACOMETIDA,VALLE VIEJO
69137,2025-03-08 09:20:52,SIN SERVICIO (INTERNET),2025-03-14 09:30:08,JUAN OVEJERO,VILLA SAN ROQUE,1378,CAMBIO DE ACOMETIDA,UNET TINOGASTA
69141,2025-03-08 09:52:08,SIN SERVICIO (INTERNET),2025-03-10 17:21:15,FERREYRA/BUSTAMANTE,SUMALAO,9242,CAMBIO DE ACOMETIDA,VALLE VIEJO
69148,2025-03-08 10:12:26,SIN SERVICIO (INTERNET),2025-03-10 11:12:55,CARPIO/LOPEZ,BANDA DE VARELA,21910,CAMBIO DE ACOMETIDA,VALLE VIEJO
69153,2025-03-08 10:32:01,SIN SERVICIO (INTERNET),2025-03-10 17:21:15,FERREYRA/BUSTAMANTE,SUMALAO,15933,CAMBIO DE ACOMETIDA,VALLE VIEJO
69154,2025-03-08 10:34:50,SIN SERVICIO (INTERNET),2025-03-10 15:49:24,CARPIO/LOPEZ,SANTA ROSA,7374,CAMBIO DE ACOMETIDA,VALLE VIEJO
69155,2025-03-08 10:35:32,SIN SERVICIO,2025-03-12 08:57:31,AGUIRRE WALTER OSVALDO,200 VIVIENDAS,388,CAMBIO DE ACOMETIDA,UNET TINOGASTA
69191,2025-03-08 11:34:37,SIN SERVICIO (INTERNET),2025-03-10 17:21:15,FERREYRA/BUSTAMANTE,SUMALAO,5744,CAMBIO DE ACOMETIDA,VALLE VIEJO
69213,2025-03-10 08:28:21,SIN SERVICIO (INTERNET),2025-03-10 11:12:55,CARPIO/LOPEZ,BANDA DE VARELA,19479,CAMBIO DE ACOMETIDA,VALLE VIEJO
69215,2025-03-10 08:39:37,SIN SERVICIO (INTERNET),2025-03-12 08:34:37,FERREYRA/BUSTAMANTE,SAN ANTONIO,8315,CAMBIO DE ACOMETIDA,VALLE VIEJO
69220,2025-03-10 09:17:49,SIN SERVICIO (INTERNET),2025-03-10 19:45:11,UNZAGA F/ UNZAGA M,SAN ANTONIO,4131,CAMBIO DE ACOMETIDA,VALLE VIEJO
69221,2025-03-10 09:18:45,SIN SERVICIO (INTERNET),2025-03-10 19:45:11,UNZAGA F/ UNZAGA M,SAN ANTONIO,6117,CAMBIO DE ACOMETIDA,VALLE VIEJO
69229,2025-03-10 09:41:24,RED EN EL SUELO,2025-03-11 18:48:02,FERREYRA/BUSTAMANTE,SANTA ROSA,18805,CAMBIO DE ACOMETIDA,VALLE VIEJO
69231,2025-03-10 09:45:48,SIN SERVICIO (INTERNET),2025-03-11 11:45:40,FERREYRA/BUSTAMANTE,SANTA ROSA,15850,CAMBIO DE ACOMETIDA,VALLE VIEJO
69246,2025-03-10 10:33:37,SIN SERVICIO (INTERNET),2025-03-10 15:49:24,CARPIO/LOPEZ,VILLA DOLORES,15561,CAMBIO DE ACOMETIDA,VALLE VIEJO
69252,2025-03-10 10:41:29,SIN SERVICIO (INTERNET),2025-03-10 17:21:15,FERREYRA/BUSTAMANTE,SUMALAO,21494,CAMBIO DE ACOMETIDA,VALLE VIEJO
69295,2025-03-10 10:56:26,SIN SERVICIO (INTERNET),2025-03-13 17:02:31,FERREYRA/BUSTAMANTE,SAN JOSE,17253,CAMBIO DE ACOMETIDA,VALLE VIEJO
69305,2025-03-10 11:25:36,SIN SERVICIO (INTERNET),2025-03-13 09:16:47,JUAN OVEJERO,TINOGASTA,1776,CAMBIO DE ACOMETIDA,UNET TINOGASTA
69320,2025-03-10 12:32:17,SIN SERVICIO (INTERNET),2025-03-11 18:48:02,FERREYRA/BUSTAMANTE,SANTA ROSA,4728,CAMBIO DE ACOMETIDA,VALLE VIEJO
69321,2025-03-10 13:17:10,SIN SERVICIO (INTERNET),2025-03-11 18:48:02,FERREYRA/BUSTAMANTE,SUMALAO,14596,CAMBIO DE ACOMETIDA,VALLE VIEJO
69324,2025-03-10 15:05:30,SIN SERVICIO (INTERNET),2025-03-13 17:02:31,FERREYRA/BUSTAMANTE,SAN JOSE,7212,CAMBIO DE ACOMETIDA,VALLE VIEJO
69326,2025-03-10 15:18:17,SIN SERVICIO (INTERNET),2025-03-13 17:02:31,FERREYRA/BUSTAMANTE,SAN JOSE,9319,CAMBIO DE ACOMETIDA,VALLE VIEJO
69327,2025-03-10 15:22:58,SIN SERVICIO (INTERNET),2025-03-11 18:48:02,FERREYRA/BUSTAMANTE,SANTA ROSA,3488,CAMBIO DE ACOMETIDA,VALLE VIEJO
69328,2025-03-10 15:33:46,SIN SERVICIO (INTERNET),2025-03-13 17:02:31,FERREYRA/BUSTAMANTE,SAN JOSE,18807,CAMBIO DE ACOMETIDA,VALLE VIEJO
69333,2025-03-10 16:29:03,SIN SERVICIO (INTERNET),2025-03-11 18:48:02,FERREYRA/BUSTAMANTE,POZO DE MISTOL,9357,CAMBIO DE ACOMETIDA,VALLE VIEJO
69345,2025-03-10 17:51:23,SIN SERVICIO (INTERNET),2025-03-12 13:17:38,FERREYRA/BUSTAMANTE,POZO DE MISTOL,20914,CAMBIO DE ACOMETIDA,VALLE VIEJO
69353,2025-03-10 18:27:50,SIN SERVICIO (INTERNET),2025-03-13 17:02:31,FERREYRA/BUSTAMANTE,SAN JOSE,8521,CAMBIO DE ACOMETIDA,VALLE VIEJO
69361,2025-03-10 19:41:31,MODIFICAR BAJADA,2025-03-12 08:57:31,AGUIRRE WALTER OSVALDO,CENTRO,14156,CAMBIO DE ACOMETIDA,UNET TINOGASTA
69371,2025-03-10 21:26:19,VERIFICAR SERVICIO,2025-03-12 08:57:31,JUAN OVEJERO,CENTRO,1894,CAMBIO DE ACOMETIDA,UNET TINOGASTA
69403,2025-03-11 11:34:23,SIN SERVICIO (INTERNET),2025-03-20 10:48:35,JUAN OVEJERO,TINOGASTA,1626,CAMBIO DE ACOMETIDA,UNET TINOGASTA
69405,2025-03-11 11:36:14,SIN SERVICIO (INTERNET),2025-03-17 08:13:45,ABALLAY/SARMIENTO,SAN ISIDRO,20411,CAMBIO DE ACOMETIDA,VALLE VIEJO
69413,2025-03-11 16:56:04,SIN SERVICIO (INTERNET),2025-03-13 19:18:15,UNZAGA F/ UNZAGA M,SUMALAO,6874,CAMBIO DE ACOMETIDA,VALLE VIEJO
69414,2025-03-11 17:01:25,SIN SERVICIO (INTERNET),2025-03-12 17:48:55,UNET SOPORTE VV,POLCOS,4992,REPARACION DE FO,VALLE VIEJO
69428,2025-03-11 18:42:26,SIN SERVICIO (INTERNET),2025-03-12 13:17:38,UNZAGA F/ UNZAGA M,POLCOS,4174,REPARACION DE FO,VALLE VIEJO
69430,2025-03-11 18:49:20,SIN SERVICIO (INTERNET),2025-03-12 13:17:38,FERREYRA/BUSTAMANTE,POZO DE MISTOL,7317,CAMBIO DE ACOMETIDA,VALLE VIEJO
69438,2025-03-11 19:38:29,RED EN EL SUELO,2025-03-12 13:17:38,CARPIO/LOPEZ,SAN ANTONIO,20809,CAMBIO DE LUGAR DEL CABLE DE ACOMETIDA,VALLE VIEJO
69441,2025-03-11 20:11:09,SIN SERVICIO (INTERNET),2025-03-14 17:09:59,CARPIO/LOPEZ,SANTA ROSA,3406,CAMBIO DE ACOMETIDA,VALLE VIEJO
69443,2025-03-12 08:16:54,SIN SERVICIO (INTERNET),2025-03-12 13:17:38,UNZAGA F/ UNZAGA M,POLCOS,3096,REPARACION DE FO,VALLE VIEJO
69458,2025-03-12 08:57:21,SIN SERVICIO (INTERNET),2025-03-14 20:30:51,JUAN OVEJERO,CENTRO,538,CAMBIO DE ACOMETIDA,UNET TINOGASTA
69465,2025-03-12 10:07:06,MODIFICAR BAJADA,2025-03-18 20:57:58,JUAN OVEJERO,TINOGASTA,21823,CAMBIO DE ACOMETIDA,UNET TINOGASTA
69468,2025-03-12 10:42:03,RED EN EL SUELO,2025-03-14 09:30:08,JUAN OVEJERO,TINOGASTA,314,CAMBIO DE ACOMETIDA,UNET TINOGASTA
69473,2025-03-12 11:03:39,SIN SERVICIO (INTERNET),2025-03-14 17:09:59,CARPIO/LOPEZ,VILLA DOLORES,21310,CAMBIO DE ACOMETIDA,VALLE VIEJO
69481,2025-03-12 12:08:55,SIN SERVICIO (INTERNET),2025-03-12 16:45:23,CARPIO/LOPEZ,SANTA ROSA,17330,CAMBIO DE ACOMETIDA,VALLE VIEJO
69485,2025-03-12 17:10:16,SIN SERVICIO (INTERNET),2025-03-13 19:18:15,UNZAGA F/ UNZAGA M,SAN ANTONIO,15338,CAMBIO DE ACOMETIDA,VALLE VIEJO
69487,2025-03-12 17:46:22,SIN SERVICIO (INTERNET),2025-03-14 19:01:29,CARPIO/LOPEZ,POLCOS,22878,CAMBIO DE ACOMETIDA,VALLE VIEJO
69490,2025-03-12 17:55:02,SIN SERVICIO (INTERNET),2025-03-14 20:30:51,AGUIRRE WALTER OSVALDO,50 VIVIENDAS,1476,CAMBIO DE ACOMETIDA,UNET TINOGASTA
69505,2025-03-12 19:58:40,RED EN EL SUELO,2025-03-17 17:54:06,ABALLAY/SARMIENTO,SANTA ROSA,3921,CAMBIO DE LUGAR DEL CABLE DE ACOMETIDA,VALLE VIEJO
69516,2025-03-13 09:15:59,SIN SERVICIO (INTERNET),2025-03-13 17:02:31,ABALLAY/SARMIENTO,SAN JOSE,15842,CAMBIO DE ACOMETIDA,VALLE VIEJO
69518,2025-03-13 09:26:04,MODIFICAR BAJADA,2025-03-17 20:44:29,AGUIRRE WALTER OSVALDO,LA PAZ,20900,CAMBIO DE ACOMETIDA,UNET TINOGASTA
69519,2025-03-13 09:37:34,SIN SERVICIO (INTERNET),2025-03-13 16:16:06,ABALLAY/SARMIENTO,SANTA ROSA,6056,CAMBIO DE ACOMETIDA,VALLE VIEJO
69535,2025-03-13 12:40:33,SIN SERVICIO (INTERNET),2025-03-13 17:02:31,FERREYRA/BUSTAMANTE,SAN JOSE,18190,CAMBIO DE ACOMETIDA,VALLE VIEJO
69544,2025-03-13 17:45:36,SIN SERVICIO (INTERNET),2025-03-14 19:01:29,ABALLAY/SARMIENTO,SANTA ROSA,20153,CAMBIO DE ACOMETIDA,VALLE VIEJO
69547,2025-03-13 17:53:28,SIN SERVICIO (INTERNET),2025-03-17 08:13:45,ABALLAY/SARMIENTO,SAN ISIDRO,21643,CAMBIO DE ACOMETIDA,VALLE VIEJO
69551,2025-03-13 18:23:32,SIN SERVICIO (INTERNET),2025-03-14 19:01:29,ABALLAY/SARMIENTO,SANTA ROSA,20469,CAMBIO DE ACOMETIDA,VALLE VIEJO
69559,2025-03-13 19:37:35,SIN SERVICIO (INTERNET),2025-03-14 19:01:29,ABALLAY/SARMIENTO,SANTA ROSA,16505,CAMBIO DE ACOMETIDA,VALLE VIEJO
69560,2025-03-13 19:42:08,PROBLEMAS DE SEÃƒÂ‘AL,2025-03-17 20:44:29,AGUIRRE WALTER OSVALDO,SANTA ROSA,2637,CAMBIO DE ACOMETIDA,UNET TINOGASTA
69606,2025-03-14 12:19:01,SIN SERVICIO (INTERNET),2025-03-17 15:32:29,MARTINES PABLO,SAN MARTÃƒÂN,16220,REPARACION DE CABLE CORTADO,CHUMBICHA
69635,2025-03-14 18:01:26,SIN SERVICIO (INTERNET),2025-03-15 11:09:24,UNZAGA F/ UNZAGA M,VILLA DOLORES,5597,REPARACION DE FO,VALLE VIEJO
69649,2025-03-14 18:31:49,SIN SERVICIO (INTERNET),2025-03-17 17:54:06,ABALLAY/SARMIENTO,SAN ANTONIO,16970,CAMBIO DE ACOMETIDA,VALLE VIEJO
69668,2025-03-14 19:56:48,SIN SERVICIO (INTERNET),2025-03-15 11:09:24,UNZAGA F/ UNZAGA M,VILLA DOLORES,3032,REPARACION DE FO,VALLE VIEJO
69669,2025-03-14 19:59:50,SIN SERVICIO (INTERNET),2025-03-18 19:21:59,ABALLAY/SARMIENTO,SANTA ROSA,7461,CAMBIO DE ACOMETIDA,VALLE VIEJO
69687,2025-03-15 10:19:06,SIN SERVICIO (INTERNET),2025-03-17 17:54:06,ABALLAY/SARMIENTO,POLCOS,22878,CAMBIO DE ACOMETIDA,VALLE VIEJO
69692,2025-03-15 10:51:55,SIN SERVICIO (INTERNET),2025-03-17 17:54:06,ABALLAY/SARMIENTO,PORTAL NORTE 2,20348,CAMBIO DE ACOMETIDA,VALLE VIEJO
69696,2025-03-15 11:09:56,SIN SERVICIO (INTERNET),2025-03-17 17:54:06,ABALLAY/SARMIENTO,SANTA ROSA,21350,CAMBIO DE ACOMETIDA,VALLE VIEJO
69742,2025-03-17 09:14:31,SIN SERVICIO (INTERNET),2025-03-17 20:44:29,AGUIRRE WALTER OSVALDO,CENTRO,18216,CAMBIO DE ACOMETIDA,UNET TINOGASTA
69745,2025-03-17 09:20:47,SIN SERVICIO (INTERNET),2025-03-18 20:57:58,JULIO DIAZ,TINOGASTA,1776,CAMBIO DE ACOMETIDA,UNET TINOGASTA
69750,2025-03-17 10:11:07,SIN SERVICIO (INTERNET),2025-03-17 17:54:06,UNZAGA F/ UNZAGA M,EL HUECO,18242,CAMBIO DE ACOMETIDA,VALLE VIEJO
69751,2025-03-17 10:16:54,SIN SERVICIO (INTERNET),2025-03-17 17:54:06,UNZAGA F/ UNZAGA M,SAN ISIDRO,15273,CAMBIO DE ACOMETIDA,VALLE VIEJO
69768,2025-03-17 12:19:14,SIN SERVICIO (INTERNET),2025-03-20 08:52:57,JUAN OVEJERO,VIRGEN DE VALLE,19806,CAMBIO DE ACOMETIDA,UNET TINOGASTA
69773,2025-03-17 13:23:00,SIN SERVICIO (INTERNET),2025-03-18 19:21:59,ABALLAY/SARMIENTO,SAN JOSE,9295,CAMBIO DE ACOMETIDA,VALLE VIEJO
69782,2025-03-17 16:56:55,SIN SERVICIO (INTERNET),2025-03-19 19:51:12,UNZAGA F/ UNZAGA M,SUMALAO,19595,CAMBIO DE ACOMETIDA,VALLE VIEJO
69790,2025-03-17 17:39:03,SIN SERVICIO (INTERNET),2025-03-18 19:21:59,ABALLAY/SARMIENTO,SAN JOSE,15953,CAMBIO DE ACOMETIDA,VALLE VIEJO
69793,2025-03-17 18:17:41,SIN SERVICIO (INTERNET),2025-03-18 19:21:59,ABALLAY/SARMIENTO,SAN JOSE,15737,CAMBIO DE ACOMETIDA,VALLE VIEJO
69805,2025-03-17 19:53:31,SIN SERVICIO (INTERNET),2025-03-19 17:30:36,ABALLAY/SARMIENTO,SAN JOSE,9867,CAMBIO DE ACOMETIDA,VALLE VIEJO
69823,2025-03-18 09:13:12,VERIFICAR SERVICIO,2025-03-21 19:48:41,AGUIRRE WALTER OSVALDO,CENTRO,432,CAMBIO DE ACOMETIDA,UNET TINOGASTA
69840,2025-03-18 11:01:38,DECO TV DAÃƒÂ‘ADO,2025-03-25 20:49:26,JULIO DIAZ,ESTACION NORTE,2856,CAMBIO DE ACOMETIDA,UNET TINOGASTA
69853,2025-03-18 12:08:02,SIN SERVICIO (INTERNET),2025-03-21 19:48:41,JUAN OVEJERO,TINOGASTA,21938,CAMBIO DE ACOMETIDA,UNET TINOGASTA
69921,2025-03-19 08:19:32,SIN SERVICIO (INTERNET),2025-03-20 19:56:28,CARPIO/LOPEZ,SAN ISIDRO,6374,REPARACION DE FO,VALLE VIEJO
69926,2025-03-19 08:29:22,PROBLEMAS DE SEÃƒÂ‘AL,2025-03-19 17:30:36,ABALLAY/SARMIENTO,SAN JOSE,18007,CAMBIO DE ACOMETIDA,VALLE VIEJO
69945,2025-03-19 10:17:53,SIN SERVICIO (INTERNET),2025-03-21 19:48:41,JUAN OVEJERO,RESIDENCIAL,22110,CAMBIO DE ACOMETIDA,UNET TINOGASTA
69946,2025-03-19 10:18:38,SIN SERVICIO (INTERNET),2025-03-20 10:48:35,JULIO DIAZ,CENTRO,6567,CAMBIO DE ACOMETIDA,UNET TINOGASTA
69948,2025-03-19 10:24:17,SIN SERVICIO (INTERNET),2025-03-19 19:51:12,UNZAGA F/ UNZAGA M,SAN ISIDRO,20411,REPARACION DE CABLE CORTADO,VALLE VIEJO
69953,2025-03-19 10:51:10,SIN SERVICIO (INTERNET),2025-03-20 17:41:04,ABALLAY/SARMIENTO,SANTA ROSA,8003,CAMBIO DE LUGAR DEL CABLE DE ACOMETIDA,VALLE VIEJO
69958,2025-03-19 10:59:04,SIN SERVICIO (INTERNET),2025-03-20 17:41:04,ABALLAY/SARMIENTO,SAN ISIDRO,22309,REPARACION DE FO,VALLE VIEJO
69960,2025-03-19 11:14:51,SIN SERVICIO (INTERNET),2025-03-19 19:51:12,UNZAGA F/ UNZAGA M,BANDA DE VARELA,21898,CAMBIO DE ACOMETIDA,VALLE VIEJO
69975,2025-03-19 16:40:08,RED EN EL SUELO,2025-03-20 19:09:44,CARPIO/LOPEZ,SAN JOSE,17266,REPARACION DE CABLE CORTADO,VALLE VIEJO
69992,2025-03-19 19:05:26,SIN SERVICIO (INTERNET),2025-03-25 16:21:08,ABALLAY/SARMIENTO,SAN JOSE,21057,CAMBIO DE ACOMETIDA,VALLE VIEJO
70013,2025-03-20 09:18:14,RED EN EL SUELO,2025-03-20 17:41:04,ABALLAY/SARMIENTO,SANTA ROSA,3504,REPARACION DE FO,VALLE VIEJO
70058,2025-03-20 16:22:30,SIN SERVICIO (INTERNET),2025-03-21 16:47:14,ABALLAY/SARMIENTO,POZO DE MISTOL,16121,CAMBIO DE ACOMETIDA,VALLE VIEJO
70059,2025-03-20 16:25:08,SIN SERVICIO (INTERNET),2025-03-21 16:47:14,CARPIO/LOPEZ,SAN ANTONIO,8050,CAMBIO DE ACOMETIDA,VALLE VIEJO
70061,2025-03-20 17:14:53,RED EN EL SUELO,2025-03-21 16:47:14,ABALLAY/SARMIENTO,SANTA ROSA,21235,CAMBIO DE ACOMETIDA,VALLE VIEJO
70076,2025-03-20 19:14:30,SIN SERVICIO (INTERNET),2025-03-21 16:47:14,CARPIO/LOPEZ,SANTA ROSA,5095,REPARACION DE FO,VALLE VIEJO
70085,2025-03-21 08:04:43,SIN SERVICIO (INTERNET),2025-03-21 16:47:14,CARPIO/LOPEZ,SANTA ROSA,3495,REPARACION DE FO,VALLE VIEJO
70086,2025-03-21 08:07:49,RED EN EL SUELO,2025-03-21 16:47:14,ABALLAY/SARMIENTO,POZO DE MISTOL,18467,CAMBIO DE ACOMETIDA,VALLE VIEJO
70120,2025-03-21 09:24:50,MODIFICAR BAJADA,2025-03-26 19:23:35,FERREYRA/PEREYRA,SUMALAO,16166,CAMBIO DE LUGAR DEL CABLE DE ACOMETIDA,VALLE VIEJO
70130,2025-03-21 09:55:06,SIN SERVICIO,2025-03-25 08:45:10,JULIO DIAZ,SANTA ROSA,21548,CAMBIO DE ACOMETIDA,UNET TINOGASTA
70135,2025-03-21 11:02:51,SIN SERVICIO (INTERNET),2025-03-25 09:01:58,ABALLAY/SARMIENTO,SAN ISIDRO,4421,CAMBIO DE ACOMETIDA,VALLE VIEJO
70142,2025-03-21 11:58:45,SIN SERVICIO (INTERNET),2025-03-25 16:21:08,ABALLAY/SARMIENTO,SANTA ROSA,20342,CAMBIO DE ACOMETIDA,VALLE VIEJO
70157,2025-03-21 16:14:57,SIN SERVICIO (INTERNET),2025-03-26 16:25:30,CARPIO/LOPEZ,SAN JOSE,15437,CAMBIO DE ACOMETIDA,VALLE VIEJO
70160,2025-03-21 17:20:15,RED EN EL SUELO,2025-03-25 09:01:58,ABALLAY/SARMIENTO,SUMALAO,15629,CAMBIO DE LUGAR DEL CABLE DE ACOMETIDA,VALLE VIEJO
70215,2025-03-22 10:32:58,SIN SERVICIO (INTERNET),2025-03-26 18:45:14,JULIO DIAZ,LOS ROBLEDOS,7092,CAMBIO DE ACOMETIDA,UNET TINOGASTA
70253,2025-03-25 08:12:11,SIN SERVICIO (INTERNET),2025-03-25 16:21:08,ABALLAY/SARMIENTO,SAN JOSE,7692,CAMBIO DE ACOMETIDA,VALLE VIEJO
70254,2025-03-25 08:29:15,SIN SERVICIO (INTERNET),2025-03-25 16:38:02,FERREYRA/PEREYRA,SANTA ROSA,3150,CAMBIO DE ACOMETIDA,VALLE VIEJO
70256,2025-03-25 08:35:20,SIN SERVICIO (INTERNET),2025-03-25 16:38:02,FERREYRA/PEREYRA,SUMALAO,19791,CAMBIO DE ACOMETIDA,VALLE VIEJO
70259,2025-03-25 08:45:25,SIN SERVICIO (INTERNET),2025-03-25 16:38:02,FERREYRA/PEREYRA,SANTA ROSA,19568,CAMBIO DE ACOMETIDA,VALLE VIEJO
70263,2025-03-25 08:53:04,SIN SERVICIO (INTERNET),2025-03-26 10:19:16,FERREYRA/PEREYRA,SANTA ROSA,16269,CAMBIO DE ACOMETIDA,VALLE VIEJO
70298,2025-03-25 10:42:43,SIN SERVICIO (INTERNET),2025-03-25 16:38:02,CARPIO/LOPEZ,SANTA ROSA,3479,CAMBIO DE ACOMETIDA,VALLE VIEJO
70308,2025-03-25 11:30:18,PROBLEMAS DE SEÃƒÂ‘AL,2025-03-26 18:17:20,UNZAGA F/ UNZAGA M,SAN ANTONIO,4854,CAMBIO DE LUGAR DEL CABLE DE ACOMETIDA,VALLE VIEJO
70311,2025-03-25 11:34:11,SIN SERVICIO (INTERNET),2025-03-25 19:23:12,UNZAGA F/ UNZAGA M,COLLAGASTA,19582,CAMBIO DE ACOMETIDA,VALLE VIEJO
70313,2025-03-25 11:56:44,SIN SERVICIO (INTERNET),2025-03-26 18:17:20,UNZAGA F/ UNZAGA M,BANDA DE VARELA,21664,CAMBIO DE ACOMETIDA,VALLE VIEJO
70328,2025-03-25 17:31:29,SIN SERVICIO (INTERNET),2025-03-26 16:11:17,ABALLAY/SARMIENTO,SUMALAO,9706,CAMBIO DE ACOMETIDA,VALLE VIEJO
70335,2025-03-25 18:23:14,SIN SERVICIO,2025-03-26 18:45:14,JULIO DIAZ,TINOGASTA,2046,CAMBIO DE ACOMETIDA,UNET TINOGASTA
70492,2025-03-27 17:44:58,SIN SERVICIO (INTERNET),2025-03-28 17:22:03,ABALLAY/SARMIENTO,LA CARRERA,18497,CAMBIO DE ACOMETIDA,VALLE VIEJO
70518,2025-03-28 08:46:15,SIN SERVICIO (INTERNET),2025-04-01 10:25:07,FERREYRA/PEREYRA,20 VIVIENDAS,19329,CAMBIO DE ACOMETIDA,VALLE VIEJO
70525,2025-03-28 09:34:38,SIN SERVICIO (INTERNET),2025-03-29 10:28:20,FERREYRA/PEREYRA,SAN JOSE,14314,CAMBIO DE ACOMETIDA,VALLE VIEJO
70561,2025-03-28 17:13:14,SIN SERVICIO (INTERNET),2025-03-29 11:26:53,FERREYRA/PEREYRA,POLCOS,6141,CAMBIO DE ACOMETIDA,VALLE VIEJO
70562,2025-03-28 17:20:00,SIN SERVICIO,2025-03-31 10:57:08,FERREYRA/PEREYRA,SAN JOSE,7288,CAMBIO DE ACOMETIDA,VALLE VIEJO
70580,2025-03-28 19:56:37,RED EN EL SUELO,2025-03-31 10:57:08,FERREYRA/PEREYRA,SAN JOSE,16064,CAMBIO DE LUGAR DEL CABLE DE ACOMETIDA,VALLE VIEJO
70594,2025-03-29 09:53:34,VERIFICAR SERVICIO,2025-04-04 19:15:56,UNZAGA F/ UNZAGA M,POZO DE MISTOL,3865,CAMBIO DE ACOMETIDA,VALLE VIEJO
70596,2025-03-29 10:28:10,SIN SERVICIO (INTERNET),2025-04-01 10:25:07,FERREYRA/PEREYRA,SAN ISIDRO,3599,CAMBIO DE ACOMETIDA,VALLE VIEJO
70599,2025-03-29 10:57:21,SIN SERVICIO (INTERNET),2025-03-31 19:57:35,ABALLAY/SARMIENTO,POZO DE MISTOL,6786,CAMBIO DE ACOMETIDA,VALLE VIEJO
70600,2025-03-29 11:01:08,SIN SERVICIO (INTERNET),2025-03-31 08:07:09,UNZAGA F/ UNZAGA M,SANTA ROSA,3132,CAMBIO DE ACOMETIDA,VALLE VIEJO
70630,2025-03-29 12:42:23,MODIFICAR BAJADA,2025-04-03 16:28:42,ABALLAY/SARMIENTO,SAN ANTONIO,8028,CAMBIO DE LUGAR DEL CABLE DE ACOMETIDA,VALLE VIEJO
70633,2025-03-31 08:30:24,SIN SERVICIO (INTERNET),2025-04-01 10:25:07,FERREYRA/PEREYRA,LA FALDA DE SAN ANTONIO,3784,CAMBIO DE ACOMETIDA,VALLE VIEJO
70634,2025-03-31 08:31:47,SIN SERVICIO (INTERNET),2025-03-31 19:57:35,ABALLAY/SARMIENTO,EL HUECO,5720,CAMBIO DE ACOMETIDA,VALLE VIEJO
70638,2025-03-31 08:44:22,SIN SERVICIO (INTERNET),2025-03-31 19:57:35,ABALLAY/SARMIENTO,SANTA ROSA,19573,CAMBIO DE ACOMETIDA,VALLE VIEJO
70639,2025-03-31 08:48:00,SIN SERVICIO (INTERNET),2025-03-31 19:57:35,ABALLAY/SARMIENTO,POZO DE MISTOL,6860,CAMBIO DE ACOMETIDA,VALLE VIEJO
70641,2025-03-31 08:55:36,SIN SERVICIO (INTERNET),2025-03-31 19:57:35,ABALLAY/SARMIENTO,SAN ANTONIO,21145,CAMBIO DE ACOMETIDA,VALLE VIEJO
70647,2025-03-31 09:27:40,SIN SERVICIO (INTERNET),2025-04-01 10:25:07,FERREYRA/PEREYRA,SANTA ROSA,7374,CAMBIO DE ACOMETIDA,VALLE VIEJO
70648,2025-03-31 09:36:02,SIN SERVICIO (INTERNET),2025-04-01 10:25:07,FERREYRA/PEREYRA,EL BAÃƒÂ‘ADO,20465,CAMBIO DE ACOMETIDA,VALLE VIEJO
70651,2025-03-31 09:51:01,SIN SERVICIO (INTERNET),2025-04-01 10:25:07,FERREYRA/PEREYRA,SANTA ROSA,4738,CAMBIO DE ACOMETIDA,VALLE VIEJO
70652,2025-03-31 09:59:03,SIN SERVICIO (INTERNET),2025-04-02 14:30:43,ABALLAY/SARMIENTO,SAN JOSE,8072,CAMBIO DE ACOMETIDA,VALLE VIEJO
70654,2025-03-31 10:16:04,RED EN EL SUELO,2025-04-03 16:56:40,ABALLAY/SARMIENTO,SAN JOSE,7994,CAMBIO DE ACOMETIDA,VALLE VIEJO
70655,2025-03-31 10:17:43,SIN SERVICIO (INTERNET),2025-04-02 14:30:43,CARPIO/LOPEZ,SANTA ROSA,6131,CAMBIO DE ACOMETIDA,VALLE VIEJO
70656,2025-03-31 10:17:47,RED EN EL SUELO,2025-04-02 14:30:43,CARPIO/LOPEZ,POZO DE MISTOL,6975,REPARACION DE CABLE CORTADO,VALLE VIEJO
70659,2025-03-31 10:20:07,RED EN EL SUELO,2025-04-02 14:30:43,CARPIO/LOPEZ,SANTA ROSA,5600,REPARACION DE CABLE CORTADO,VALLE VIEJO
70660,2025-03-31 10:21:27,SIN SERVICIO (INTERNET),2025-03-31 16:06:08,CARPIO/LOPEZ,SUMALAO,15768,CAMBIO DE ACOMETIDA,VALLE VIEJO
70662,2025-03-31 10:27:30,RED EN EL SUELO,2025-03-31 15:06:52,FERREYRA/BUSTAMANTE,SANTA ROSA,14667,CAMBIO DE ACOMETIDA,VALLE VIEJO
70663,2025-03-31 10:29:30,SIN SERVICIO (INTERNET),2025-03-31 15:06:52,FERREYRA/BUSTAMANTE,POLCOS,9517,CAMBIO DE ACOMETIDA,VALLE VIEJO
70665,2025-03-31 10:30:31,SIN SERVICIO (INTERNET),2025-03-31 15:06:52,FERREYRA/BUSTAMANTE,POZO DE MISTOL,9944,CAMBIO DE ACOMETIDA,VALLE VIEJO
70666,2025-03-31 10:31:01,SIN SERVICIO (INTERNET),2025-03-31 15:06:52,FERREYRA/BUSTAMANTE,EL BAÃƒÂ‘ADO,18086,CAMBIO DE ACOMETIDA,VALLE VIEJO
70670,2025-03-31 10:38:18,SIN SERVICIO (INTERNET),2025-03-31 15:06:52,FERREYRA/BUSTAMANTE,SAN ANTONIO,4757,CAMBIO DE ACOMETIDA,VALLE VIEJO
70672,2025-03-31 10:42:28,SIN SERVICIO (INTERNET),2025-03-31 15:06:52,FERREYRA/BUSTAMANTE,SANTA ROSA,3787,CAMBIO DE ACOMETIDA,VALLE VIEJO
70673,2025-03-31 10:43:54,SIN SERVICIO (INTERNET),2025-03-31 15:06:52,FERREYRA/BUSTAMANTE,SANTA ROSA,17277,CAMBIO DE ACOMETIDA,VALLE VIEJO
70675,2025-03-31 10:49:55,SIN SERVICIO (INTERNET),2025-04-03 16:56:40,CARPIO/LOPEZ,POZO DE MISTOL,9266,CAMBIO DE ACOMETIDA,VALLE VIEJO
70678,2025-03-31 10:52:36,RED EN EL SUELO,2025-04-02 14:30:43,CARPIO/LOPEZ,SUMALAO,7050,REPARACION DE CABLE CORTADO,VALLE VIEJO
70681,2025-03-31 10:56:55,SIN SERVICIO (INTERNET),2025-04-01 18:54:39,CARPIO/LOPEZ,SANTA ROSA,4916,REPARACION DE FO,VALLE VIEJO
70685,2025-03-31 11:11:21,SIN SERVICIO (INTERNET),2025-04-01 16:11:05,ABALLAY/SARMIENTO,SAN JOSE,21939,CAMBIO DE ACOMETIDA,VALLE VIEJO
70688,2025-03-31 11:14:42,SIN SERVICIO (INTERNET),2025-04-01 18:54:39,FERREYRA/PEREYRA,POZO DE MISTOL,9947,CAMBIO DE LUGAR DEL CABLE DE ACOMETIDA,VALLE VIEJO
70690,2025-03-31 11:30:43,RED EN EL SUELO,2025-04-02 13:03:41,UNZAGA F/ UNZAGA M,SANTA ROSA,16557,REPARACION DE FO,VALLE VIEJO
70691,2025-03-31 11:32:24,SIN SERVICIO (INTERNET),2025-04-02 14:30:43,ABALLAY/SARMIENTO,SAN ANTONIO,7747,CAMBIO DE ACOMETIDA,VALLE VIEJO
70692,2025-03-31 11:32:46,SIN SERVICIO (INTERNET),2025-04-03 09:22:02,FERREYRA/PEREYRA,SANTA ROSA,3342,CAMBIO DE ACOMETIDA,VALLE VIEJO
70697,2025-03-31 11:49:17,SIN SERVICIO (INTERNET),2025-04-01 18:54:39,FERREYRA/PEREYRA,SUMALAO,7745,CAMBIO DE ACOMETIDA,VALLE VIEJO
70699,2025-03-31 11:52:17,SIN SERVICIO (INTERNET),2025-04-02 14:30:43,FERREYRA/PEREYRA,SAN JOSE,9929,CAMBIO DE ACOMETIDA,VALLE VIEJO
70710,2025-03-31 12:18:16,SIN SERVICIO (INTERNET),2025-04-01 18:54:39,FERREYRA/PEREYRA,POZO DE MISTOL,17600,CAMBIO DE ACOMETIDA,VALLE VIEJO
70719,2025-03-31 14:23:33,SIN SERVICIO (INTERNET),2025-04-01 17:00:40,ABALLAY/SARMIENTO,EL BAÃƒÂ‘ADO,18596,REPARACION DE FO,VALLE VIEJO
70722,2025-03-31 14:55:36,RED EN EL SUELO,2025-04-02 14:30:43,ABALLAY/SARMIENTO,SAN JOSE,7606,CAMBIO DE ACOMETIDA,VALLE VIEJO
70723,2025-03-31 15:01:54,RED EN EL SUELO,2025-04-02 14:30:43,CARPIO/LOPEZ,SUMALAO,9706,REPARACION DE CABLE CORTADO,VALLE VIEJO
70725,2025-03-31 15:06:35,SIN SERVICIO (INTERNET),2025-04-02 14:30:43,FERREYRA/PEREYRA,SAN JOSE,14177,CAMBIO DE ACOMETIDA,VALLE VIEJO
70728,2025-03-31 16:30:42,SIN SERVICIO (INTERNET),2025-04-02 14:30:43,ABALLAY/SARMIENTO,SAN ANTONIO,7171,CAMBIO DE ACOMETIDA,VALLE VIEJO
70729,2025-03-31 16:34:11,SIN SERVICIO (INTERNET),2025-04-02 14:30:43,FERREYRA/PEREYRA,SAN JOSE,14162,CAMBIO DE ACOMETIDA,VALLE VIEJO
70731,2025-03-31 16:39:22,SIN SERVICIO (INTERNET),2025-04-02 08:19:33,ABALLAY/SARMIENTO,SAN ANTONIO,5117,CAMBIO DE ACOMETIDA,VALLE VIEJO
70732,2025-03-31 16:54:05,SIN SERVICIO (INTERNET),2025-04-02 08:19:33,ABALLAY/SARMIENTO,SAN ANTONIO,16427,CAMBIO DE ACOMETIDA,VALLE VIEJO
70733,2025-03-31 16:55:09,SIN SERVICIO (INTERNET),2025-04-03 09:22:02,FERREYRA/PEREYRA,POLCOS,5610,CAMBIO DE ACOMETIDA,VALLE VIEJO
70737,2025-03-31 17:22:52,SIN SERVICIO (INTERNET),2025-04-02 10:22:00,FERREYRA/PEREYRA,20 VIVIENDAS,19418,CAMBIO DE ACOMETIDA,VALLE VIEJO
70738,2025-03-31 17:29:45,SIN SERVICIO (INTERNET),2025-04-01 18:54:39,ABALLAY/SARMIENTO,SAN ANTONIO,4943,CAMBIO DE ACOMETIDA,VALLE VIEJO
70739,2025-03-31 17:30:55,SIN SERVICIO (INTERNET),2025-04-01 16:11:05,ABALLAY/SARMIENTO,SANTA ROSA,4004,CAMBIO DE ACOMETIDA,VALLE VIEJO
70740,2025-03-31 17:34:11,SIN SERVICIO (INTERNET),2025-04-02 14:30:43,FERREYRA/PEREYRA,LA TERCENA,19282,CAMBIO DE ACOMETIDA,VALLE VIEJO
70741,2025-03-31 17:38:43,SIN SERVICIO (INTERNET),2025-04-01 16:11:05,ABALLAY/SARMIENTO,SANTA ROSA,22521,CAMBIO DE ACOMETIDA,VALLE VIEJO
70748,2025-03-31 18:06:13,SIN SERVICIO (INTERNET),2025-04-02 14:30:43,FERREYRA/PEREYRA,COLLAGASTA,22551,CAMBIO DE ACOMETIDA,VALLE VIEJO
70749,2025-03-31 18:09:01,SIN SERVICIO (INTERNET),2025-04-02 14:30:43,ABALLAY/SARMIENTO,LA FALDA DE SAN ANTONIO,15921,CAMBIO DE ACOMETIDA,VALLE VIEJO
70750,2025-03-31 18:15:28,SIN SERVICIO (INTERNET),2025-04-01 16:11:05,ABALLAY/SARMIENTO,SANTA ROSA,8591,CAMBIO DE ACOMETIDA,VALLE VIEJO
70751,2025-03-31 18:32:16,RED EN EL SUELO,2025-04-02 11:00:54,FERREYRA/PEREYRA,BANDA DE VARELA,20010,CAMBIO DE ACOMETIDA,VALLE VIEJO
70752,2025-03-31 18:33:43,SIN SERVICIO (INTERNET),2025-04-10 08:44:54,FERREYRA/PEREYRA,POLCOS,5687,CAMBIO DE ACOMETIDA,VALLE VIEJO
70753,2025-03-31 18:34:52,SIN SERVICIO (INTERNET),2025-04-01 18:54:39,ABALLAY/SARMIENTO,SAN ANTONIO,8081,CAMBIO DE ACOMETIDA,VALLE VIEJO
70755,2025-03-31 18:39:42,SIN SERVICIO (INTERNET),2025-04-01 16:11:05,ABALLAY/SARMIENTO,SANTA ROSA,21704,CAMBIO DE ACOMETIDA,VALLE VIEJO
70766,2025-03-31 19:54:12,SIN SERVICIO (INTERNET),2025-04-01 16:11:05,ABALLAY/SARMIENTO,SANTA ROSA,16988,REPARACION DE FO,VALLE VIEJO
70768,2025-03-31 20:02:04,MODIFICAR BAJADA,2025-04-04 18:15:52,MARTINES PABLO,SAN MARTÃƒÂN,21610,CAMBIO DE TRAMO DE CABLE,CHUMBICHA
70771,2025-03-31 20:15:40,RED EN EL SUELO,2025-04-03 16:56:40,CARPIO/LOPEZ,SAN ISIDRO,22309,REPARACION DE FO,VALLE VIEJO
70777,2025-04-01 08:06:33,SIN SERVICIO (INTERNET),2025-04-01 16:11:05,ABALLAY/SARMIENTO,SANTA ROSA,19995,CAMBIO DE ACOMETIDA,VALLE VIEJO
70782,2025-04-01 08:36:07,SIN SERVICIO (INTERNET),2025-04-01 11:59:44,FERREYRA/PEREYRA,SAN JOSE,16339,REPARACION DE FO,VALLE VIEJO
70785,2025-04-01 08:49:10,SIN SERVICIO (INTERNET),2025-04-03 09:22:02,FERREYRA/PEREYRA,EL HUECO,3806,CAMBIO DE ACOMETIDA,VALLE VIEJO
70786,2025-04-01 08:50:51,SIN SERVICIO (INTERNET),2025-04-01 11:59:44,UNZAGA F/ UNZAGA M,SANTA ROSA,4064,REPARACION DE FO,VALLE VIEJO
70787,2025-04-01 08:54:50,SIN SERVICIO (INTERNET),2025-04-02 10:22:00,FERREYRA/PEREYRA,BANDA DE VARELA,19610,CAMBIO DE ACOMETIDA,VALLE VIEJO
70793,2025-04-01 09:16:36,SIN SERVICIO (INTERNET),2025-04-03 16:56:40,CARPIO/LOPEZ,POLCOS,20341,CAMBIO DE ACOMETIDA,VALLE VIEJO
70794,2025-04-01 09:16:42,RED EN EL SUELO,2025-04-02 11:20:56,FERREYRA/PEREYRA,BANDA DE VARELA,21299,CAMBIO DE LUGAR DEL CABLE DE ACOMETIDA,VALLE VIEJO
70796,2025-04-01 09:23:42,SIN SERVICIO (INTERNET),2025-04-01 11:59:44,UNZAGA F/ UNZAGA M,SANTA ROSA,3423,REPARACION DE FO,VALLE VIEJO
70798,2025-04-01 09:30:05,SIN SERVICIO (INTERNET),2025-04-02 14:30:43,CARPIO/LOPEZ,SAN ISIDRO,9717,CAMBIO DE ACOMETIDA,VALLE VIEJO
70803,2025-04-01 10:13:54,SIN SERVICIO (INTERNET),2025-04-03 09:22:02,FERREYRA/PEREYRA,SUMALAO,6517,CAMBIO DE ACOMETIDA,VALLE VIEJO
70805,2025-04-01 10:18:30,SIN SERVICIO (INTERNET),2025-04-03 16:56:40,CARPIO/LOPEZ,SAN ISIDRO,4494,CAMBIO DE ACOMETIDA,VALLE VIEJO
70807,2025-04-01 10:24:55,RED EN EL SUELO,2025-04-03 16:18:22,FERREYRA/PEREYRA,SAN ANTONIO,8901,CAMBIO DE LUGAR DEL CABLE DE ACOMETIDA,VALLE VIEJO
70810,2025-04-01 10:51:01,SIN SERVICIO (INTERNET),2025-04-03 16:56:40,CARPIO/LOPEZ,SAN ISIDRO,15085,CAMBIO DE ACOMETIDA,VALLE VIEJO
70812,2025-04-01 10:55:30,SIN SERVICIO (INTERNET),2025-04-03 16:56:40,ABALLAY/SARMIENTO,LA CARRERA,19027,CAMBIO DE ACOMETIDA,VALLE VIEJO
70816,2025-04-01 11:03:28,SIN SERVICIO (INTERNET),2025-04-02 14:30:43,CARPIO/LOPEZ,SANTA ROSA,18238,CAMBIO DE ACOMETIDA,VALLE VIEJO
70819,2025-04-01 11:19:47,SIN SERVICIO (INTERNET),2025-04-03 16:56:40,CARPIO/LOPEZ,SAN ISIDRO,6374,REPARACION DE FO,VALLE VIEJO
70820,2025-04-01 11:20:35,SIN SERVICIO (INTERNET),2025-04-03 16:18:22,FERREYRA/PEREYRA,POLCOS,20970,CAMBIO DE ACOMETIDA,VALLE VIEJO
70821,2025-04-01 11:21:35,SIN SERVICIO (INTERNET),2025-04-04 16:59:16,CARPIO/LOPEZ,SAN ISIDRO,14546,CAMBIO DE ACOMETIDA,VALLE VIEJO
70822,2025-04-01 11:24:04,RED EN EL SUELO,2025-04-02 13:03:41,UNZAGA F/ UNZAGA M,SANTA ROSA,3086,CAMBIO DE LUGAR DEL CABLE DE ACOMETIDA,VALLE VIEJO
70827,2025-04-01 11:44:12,SIN SERVICIO (INTERNET),2025-04-02 12:19:32,FERREYRA/PEREYRA,20 VIVIENDAS,16603,CAMBIO DE ACOMETIDA,VALLE VIEJO
70828,2025-04-01 11:59:32,SIN SERVICIO (INTERNET),2025-04-02 14:30:43,UNZAGA F/ UNZAGA M,POZO DE MISTOL,17378,CAMBIO DE ACOMETIDA,VALLE VIEJO
70835,2025-04-01 15:56:34,SIN SERVICIO (INTERNET),2025-04-03 19:54:55,FERREYRA/BUSTAMANTE,LA TERCENA,19927,CAMBIO DE ACOMETIDA,VALLE VIEJO
70876,2025-04-01 18:56:48,SIN SERVICIO (INTERNET),2025-04-04 17:16:18,ABALLAY/SARMIENTO,SUMALAO,21867,CAMBIO DE ACOMETIDA,VALLE VIEJO
70877,2025-04-01 19:00:42,SIN SERVICIO (INTERNET),2025-04-04 17:16:18,ABALLAY/SARMIENTO,EL BAÃƒÂ‘ADO,4570,CAMBIO DE ACOMETIDA,VALLE VIEJO
70884,2025-04-01 19:47:30,SIN SERVICIO (INTERNET),2025-04-05 11:39:47,ABALLAY/SARMIENTO,SAN ISIDRO,8206,CAMBIO DE ACOMETIDA,VALLE VIEJO
70891,2025-04-02 10:21:53,SIN SERVICIO (INTERNET),2025-04-02 10:22:00,FERREYRA/PEREYRA,BANDA DE VARELA,22682,CAMBIO DE ACOMETIDA,VALLE VIEJO
70893,2025-04-02 11:00:12,SIN SERVICIO (INTERNET),2025-04-05 11:39:47,ABALLAY/SARMIENTO,SANTA ROSA,9821,CAMBIO DE ACOMETIDA,VALLE VIEJO
70894,2025-04-02 11:05:45,SIN SERVICIO (INTERNET),2025-04-04 16:59:16,CARPIO/LOPEZ,SANTA ROSA,4189,CAMBIO DE ACOMETIDA,VALLE VIEJO
70896,2025-04-02 11:11:56,SIN SERVICIO (INTERNET),2025-04-03 19:54:55,FERREYRA/BUSTAMANTE,LA CARRERA,18219,CAMBIO DE ACOMETIDA,VALLE VIEJO
70900,2025-04-02 12:18:06,SIN SERVICIO (INTERNET),2025-04-03 19:54:55,FERREYRA/BUSTAMANTE,SAN JOSE,8019,CAMBIO DE ACOMETIDA,VALLE VIEJO
70901,2025-04-02 12:19:20,SIN SERVICIO (INTERNET),2025-04-02 14:30:43,CARPIO/LOPEZ,SANTA ROSA,4049,CAMBIO DE ACOMETIDA,VALLE VIEJO
70905,2025-04-02 12:51:53,SIN SERVICIO (INTERNET),2025-04-02 14:30:43,FERREYRA/PEREYRA,SAN JOSE,14706,CAMBIO DE ACOMETIDA,VALLE VIEJO
70906,2025-04-02 12:52:20,SIN SERVICIO (INTERNET),2025-04-02 14:30:43,FERREYRA/PEREYRA,SAN JOSE,14503,CAMBIO DE ACOMETIDA,VALLE VIEJO
70909,2025-04-03 08:49:49,FUENTE ONT DAÃƒÂ‘ADA,2025-04-03 19:54:55,FERREYRA/BUSTAMANTE,SANTA ROSA,4311,CAMBIO DE ACOMETIDA,VALLE VIEJO
70920,2025-04-03 09:20:08,SIN SERVICIO (INTERNET),2025-04-03 19:34:51,MARTINES PABLO,SAN MARTÃƒÂN,2489,CAMBIO DE TRAMO DE CABLE,CHUMBICHA
70921,2025-04-03 09:21:44,SIN SERVICIO (INTERNET),2025-04-03 19:54:55,FERREYRA/BUSTAMANTE,SAN JOSE,15750,CAMBIO DE ACOMETIDA,VALLE VIEJO
70927,2025-04-03 09:46:06,FUENTE ONT DAÃƒÂ‘ADA,2025-04-03 19:54:55,FERREYRA/BUSTAMANTE,SAN JOSE,17451,CAMBIO DE ACOMETIDA,VALLE VIEJO
70929,2025-04-03 09:54:41,SIN SERVICIO (INTERNET),2025-04-03 18:37:13,CARPIO/LOPEZ,VILLA DOLORES,4905,CAMBIO DE ACOMETIDA,VALLE VIEJO
70930,2025-04-03 10:05:41,SIN SERVICIO (INTERNET),2025-04-03 19:54:55,FERREYRA/BUSTAMANTE,SANTA ROSA,4730,CAMBIO DE ACOMETIDA,VALLE VIEJO
70949,2025-04-03 11:18:40,SIN SERVICIO (INTERNET),2025-04-04 17:16:18,ABALLAY/SARMIENTO,SANTA ROSA,20127,CAMBIO DE ACOMETIDA,VALLE VIEJO
70953,2025-04-03 11:45:01,SIN SERVICIO (INTERNET),2025-04-07 18:47:28,CARPIO/LOPEZ,SAN JOSE,16298,CAMBIO DE ACOMETIDA,VALLE VIEJO
70954,2025-04-03 11:47:20,RED EN EL SUELO,2025-04-04 19:15:56,UNZAGA F/ UNZAGA M,SAN ANTONIO,9332,CAMBIO DE LUGAR DEL CABLE DE ACOMETIDA,VALLE VIEJO
70967,2025-04-03 17:52:56,SIN SERVICIO (INTERNET),2025-04-04 17:16:18,ABALLAY/SARMIENTO,SANTA ROSA,21740,CAMBIO DE ACOMETIDA,VALLE VIEJO
70991,2025-04-04 08:20:26,FUENTE ONT DAÃƒÂ‘ADA,2025-04-04 16:59:16,CARPIO/LOPEZ,SANTA ROSA,15938,CAMBIO DE ACOMETIDA,VALLE VIEJO
71016,2025-04-04 09:41:39,MODIFICAR BAJADA,2025-04-08 17:32:52,MARTINES PABLO,SAN MARTÃƒÂN,1210,CAMBIO DE TRAMO DE CABLE,CHUMBICHA
71019,2025-04-04 09:58:31,RED EN EL SUELO,2025-04-04 19:15:56,UNZAGA F/ UNZAGA M,SANTA ROSA,4635,CAMBIO DE LUGAR DEL CABLE DE ACOMETIDA,VALLE VIEJO
71029,2025-04-04 11:07:39,SIN SERVICIO (INTERNET),2025-04-07 18:47:28,CARPIO/LOPEZ,EL BAÃƒÂ‘ADO,20288,CAMBIO DE ACOMETIDA,VALLE VIEJO
71033,2025-04-04 11:37:45,SIN SERVICIO (INTERNET),2025-04-08 17:48:38,ABALLAY/SARMIENTO,LA TERCENA,21055,CAMBIO DE ACOMETIDA,VALLE VIEJO
71038,2025-04-04 12:21:00,SIN SERVICIO (INTERNET),2025-04-07 18:47:28,ABALLAY/SARMIENTO,LA FALDA DE SAN ANTONIO,8530,CAMBIO DE ACOMETIDA,VALLE VIEJO
71048,2025-04-04 16:51:22,RED EN EL SUELO,2025-04-07 08:23:14,CARPIO/LOPEZ,SAN ANTONIO,6389,REPARACION DE CABLE CORTADO,VALLE VIEJO
71049,2025-04-04 16:59:00,SIN SERVICIO (INTERNET),2025-04-08 17:48:38,ABALLAY/SARMIENTO,LA CARRERA,18696,CAMBIO DE ACOMETIDA,VALLE VIEJO
71052,2025-04-04 17:16:07,SIN SERVICIO (INTERNET),2025-04-07 18:47:28,ABALLAY/SARMIENTO,LA FALDA DE SAN ANTONIO,9952,CAMBIO DE ACOMETIDA,VALLE VIEJO
71056,2025-04-04 17:49:24,SIN SERVICIO (INTERNET),2025-04-07 18:47:28,CARPIO/LOPEZ,EL BAÃƒÂ‘ADO,20797,CAMBIO DE ACOMETIDA,VALLE VIEJO
71069,2025-04-04 18:56:31,SIN SERVICIO (INTERNET),2025-04-07 08:55:23,SOSA/ARAGON,EL RODEO,22130,CAMBIO DE ACOMETIDA,EL RODEO
71094,2025-04-05 09:06:55,SIN SERVICIO (INTERNET),2025-04-07 08:23:14,CARPIO/LOPEZ,SAN JOSE,18007,CAMBIO DE ACOMETIDA,VALLE VIEJO
71100,2025-04-05 09:24:12,SIN SERVICIO (INTERNET),2025-04-07 18:47:28,CARPIO/LOPEZ,EL BAÃƒÂ‘ADO,16549,CAMBIO DE ACOMETIDA,VALLE VIEJO
71101,2025-04-05 09:29:54,SIN SERVICIO (INTERNET),2025-04-08 16:21:08,CARPIO/LOPEZ,EL BAÃƒÂ‘ADO,9551,CAMBIO DE ACOMETIDA,VALLE VIEJO
71107,2025-04-05 10:00:27,SIN SERVICIO (INTERNET),2025-04-07 18:47:28,ABALLAY/SARMIENTO,SAN JOSE,8033,CAMBIO DE ACOMETIDA,VALLE VIEJO
71108,2025-04-05 10:12:57,NAVEGACION LENTA,2025-04-09 08:43:25,AGUIRRE WALTER OSVALDO,TINOGASTA,586,CAMBIO DE ACOMETIDA,UNET TINOGASTA
71110,2025-04-05 10:49:19,SIN SERVICIO (INTERNET),2025-04-07 18:47:28,ABALLAY/SARMIENTO,SAN JOSE,18282,CAMBIO DE ACOMETIDA,VALLE VIEJO
71120,2025-04-05 11:06:30,SIN SERVICIO (INTERNET),2025-04-08 17:48:38,ABALLAY/SARMIENTO,SAN ANTONIO,16829,CAMBIO DE ACOMETIDA,VALLE VIEJO
71135,2025-04-05 11:39:37,SIN SERVICIO (INTERNET),2025-04-09 16:11:52,CARPIO/LOPEZ,SUMALAO,21555,CAMBIO DE ACOMETIDA,VALLE VIEJO
71136,2025-04-05 11:40:10,SIN SERVICIO (INTERNET),2025-04-09 08:43:25,AGUIRRE WALTER OSVALDO,TINOGASTA,8638,CAMBIO DE ACOMETIDA,UNET TINOGASTA
71137,2025-04-05 11:46:59,SIN SERVICIO (INTERNET),2025-04-08 17:48:38,ABALLAY/SARMIENTO,SAN JOSE,14271,CAMBIO DE ACOMETIDA,VALLE VIEJO
71150,2025-04-07 08:19:47,SIN SERVICIO (INTERNET),2025-04-07 18:47:28,UNZAGA F/ UNZAGA M,SAN JOSE,15178,CAMBIO DE ACOMETIDA,VALLE VIEJO
71151,2025-04-07 08:23:03,SIN SERVICIO (INTERNET),2025-04-07 18:47:28,UNZAGA F/ UNZAGA M,SAN ANTONIO,4025,CAMBIO DE ACOMETIDA,VALLE VIEJO
71166,2025-04-07 09:41:01,SIN SERVICIO (INTERNET),2025-04-10 17:56:47,FERREYRA/BUSTAMANTE,SAN JOSE,9247,CAMBIO DE ACOMETIDA,VALLE VIEJO
71170,2025-04-07 09:50:42,SIN SERVICIO (INTERNET),2025-04-08 16:21:08,ABALLAY/SARMIENTO,LA CARRERA,18514,CAMBIO DE ACOMETIDA,VALLE VIEJO
71174,2025-04-07 09:57:53,SIN SERVICIO (INTERNET),2025-04-11 16:21:11,ABALLAY/SARMIENTO,EL HUECO,16117,CAMBIO DE ACOMETIDA,VALLE VIEJO
71177,2025-04-07 10:02:40,SIN SERVICIO (INTERNET),2025-04-09 08:43:25,AGUIRRE WALTER OSVALDO,TINOGASTA,953,CAMBIO DE ACOMETIDA,UNET TINOGASTA
71183,2025-04-07 10:27:25,SIN SERVICIO (INTERNET),2025-04-09 08:43:25,AGUIRRE WALTER OSVALDO,TINOGASTA,9351,CAMBIO DE ACOMETIDA,UNET TINOGASTA
71190,2025-04-07 10:41:19,RED EN EL SUELO,2025-04-08 17:48:38,UNZAGA F/ UNZAGA M,SAN ANTONIO,6194,CAMBIO DE LUGAR DEL CABLE DE ACOMETIDA,VALLE VIEJO
71194,2025-04-07 11:00:43,SIN SERVICIO (INTERNET),2025-04-10 17:56:47,ABALLAY/SARMIENTO,LA CARRERA,17714,CAMBIO DE ACOMETIDA,VALLE VIEJO
71195,2025-04-07 11:04:03,SIN SERVICIO (INTERNET),2025-04-10 09:00:17,AGUIRRE WALTER OSVALDO,PROGRESO,2621,CAMBIO DE ACOMETIDA,UNET TINOGASTA
71231,2025-04-07 18:20:33,SIN SERVICIO (INTERNET),2025-04-09 08:43:25,JULIO DIAZ,TINOGASTA,18031,CAMBIO DE ACOMETIDA,UNET TINOGASTA
71232,2025-04-07 18:21:19,SIN SERVICIO (INTERNET),2025-04-08 16:21:08,CARPIO/LOPEZ,POLCOS,20341,CAMBIO DE ACOMETIDA,VALLE VIEJO
71242,2025-04-07 19:38:28,NAVEGACION LENTA,2025-04-25 16:54:51,ABALLAY/SARMIENTO,SAN ANTONIO,9550,CAMBIO DE ACOMETIDA,VALLE VIEJO
71263,2025-04-08 09:06:09,SIN SERVICIO (INTERNET),2025-04-11 16:21:11,CARPIO/LOPEZ,SUMALAO,21117,CAMBIO DE ACOMETIDA,VALLE VIEJO
71277,2025-04-08 09:53:10,SIN SERVICIO (INTERNET),2025-04-09 16:11:52,CARPIO/LOPEZ,SUMALAO,9242,CAMBIO DE ACOMETIDA,VALLE VIEJO
71302,2025-04-08 16:52:11,SIN SERVICIO (INTERNET),2025-04-15 17:44:12,FERREYRA/BUSTAMANTE,SUMALAO,14518,CAMBIO DE ACOMETIDA,VALLE VIEJO
71303,2025-04-08 17:00:26,SIN SERVICIO (INTERNET),2025-04-10 17:56:47,ABALLAY/SARMIENTO,SAN JOSE,16296,CAMBIO DE ACOMETIDA,VALLE VIEJO
71304,2025-04-08 17:13:46,SIN SERVICIO (INTERNET),2025-04-15 08:45:16,FERREYRA/PEREYRA,SAN ISIDRO,18839,CAMBIO DE ACOMETIDA,VALLE VIEJO
71309,2025-04-08 18:00:20,SIN SERVICIO (INTERNET),2025-04-10 17:56:47,ABALLAY/SARMIENTO,COLLAGASTA,18258,CAMBIO DE ACOMETIDA,VALLE VIEJO
71322,2025-04-09 09:00:07,SIN SERVICIO (INTERNET),2025-04-10 09:20:51,JULIO DIAZ,TINOGASTA,21882,CAMBIO DE ACOMETIDA,UNET TINOGASTA
71358,2025-04-09 09:48:15,SIN SERVICIO (INTERNET),2025-04-10 17:40:13,CARPIO/LOPEZ,SUMALAO,6688,CAMBIO DE ACOMETIDA,VALLE VIEJO
71394,2025-04-09 17:25:15,SIN SERVICIO (INTERNET),2025-04-10 17:40:13,CARPIO/LOPEZ,SUMALAO,17156,CAMBIO DE ACOMETIDA,VALLE VIEJO
71398,2025-04-09 17:42:21,SIN SERVICIO (INTERNET),2025-04-11 16:21:11,ABALLAY/SARMIENTO,SAN ANTONIO,7791,CAMBIO DE ACOMETIDA,VALLE VIEJO
71402,2025-04-09 18:00:30,NAVEGACION LENTA,2025-04-11 08:39:39,JULIO DIAZ,LA PAZ,23195,CAMBIO DE ACOMETIDA,UNET TINOGASTA
71407,2025-04-09 18:59:37,SIN SERVICIO (INTERNET),2025-04-10 17:40:13,CARPIO/LOPEZ,POLCOS,4516,REPARACION DE FO,VALLE VIEJO
71421,2025-04-10 09:20:41,SIN SERVICIO (INTERNET),2025-04-11 08:39:39,JULIO DIAZ,LA PAZ,979,CAMBIO DE ACOMETIDA,UNET TINOGASTA
71472,2025-04-10 16:53:31,SIN SERVICIO (INTERNET),2025-04-11 21:06:03,ABALLAY/SARMIENTO,SAN JOSE,16064,CAMBIO DE ACOMETIDA,VALLE VIEJO
71511,2025-04-11 09:44:23,SIN SERVICIO (INTERNET),2025-04-11 16:21:11,ABALLAY/SARMIENTO,SAN JOSE,8360,CAMBIO DE ACOMETIDA,VALLE VIEJO
71545,2025-04-11 17:08:40,SIN SERVICIO (INTERNET),2025-04-15 17:44:12,ABALLAY/SARMIENTO,SAN JOSE,14397,CAMBIO DE ACOMETIDA,VALLE VIEJO
71547,2025-04-11 17:30:25,SIN SERVICIO (INTERNET),2025-04-16 18:39:23,UNZAGA F/ UNZAGA M,SANTA ROSA,6118,REPARACION DE FO,VALLE VIEJO
71551,2025-04-11 18:19:26,SIN SERVICIO (INTERNET),2025-04-14 19:44:35,FERREYRA/PEREYRA,POZO DE MISTOL,17788,CAMBIO DE ACOMETIDA,VALLE VIEJO
71552,2025-04-11 18:22:57,SIN SERVICIO (INTERNET),2025-04-14 20:04:33,ABALLAY/SARMIENTO,LA CARRERA,20648,REPARACION DE FO,VALLE VIEJO
71553,2025-04-11 18:52:04,SIN SERVICIO (INTERNET),2025-04-15 08:45:16,FERREYRA/PEREYRA,EL BAÃƒÂ‘ADO,4570,CAMBIO DE ACOMETIDA,VALLE VIEJO
71570,2025-04-11 20:17:14,SIN SERVICIO (INTERNET),2025-04-15 17:44:12,ABALLAY/SARMIENTO,SAN JOSE,15271,CAMBIO DE ACOMETIDA,VALLE VIEJO
71576,2025-04-11 20:49:28,SIN SERVICIO (INTERNET),2025-04-14 11:56:56,DARIO ABALLAY,EL BAÃƒÂ‘ADO,19181,CAMBIO DE ACOMETIDA,VALLE VIEJO
71579,2025-04-12 09:15:30,SIN SERVICIO (INTERNET),2025-04-14 08:21:19,UNET SOPORTE VV,EL BAÃƒÂ‘ADO,19343,REPARACION DE FO,VALLE VIEJO
71583,2025-04-12 09:51:21,RED EN EL SUELO,2025-04-15 17:44:12,ABALLAY/SARMIENTO,LA CARRERA,20177,CAMBIO DE LUGAR DEL CABLE DE ACOMETIDA,VALLE VIEJO
71584,2025-04-12 09:59:56,SIN SERVICIO (INTERNET),2025-04-14 08:21:19,UNET SOPORTE VV,EL BAÃƒÂ‘ADO,19474,REPARACION DE FO,VALLE VIEJO
71585,2025-04-12 10:10:43,SIN SERVICIO (INTERNET),2025-04-14 08:21:19,UNET SOPORTE VV,EL BAÃƒÂ‘ADO,19180,REPARACION DE FO,VALLE VIEJO
71586,2025-04-12 10:13:34,SIN SERVICIO (INTERNET),2025-04-14 08:21:19,UNET SOPORTE VV,EL BAÃƒÂ‘ADO,19235,REPARACION DE FO,VALLE VIEJO
71588,2025-04-12 10:23:05,SIN SERVICIO (INTERNET),2025-04-14 08:21:19,UNET SOPORTE VV,POZO DE MISTOL,21167,REPARACION DE FO,VALLE VIEJO
71589,2025-04-12 10:30:07,SIN SERVICIO (INTERNET),2025-04-14 08:21:19,UNET SOPORTE VV,EL BAÃƒÂ‘ADO,21151,REPARACION DE FO,VALLE VIEJO
71591,2025-04-12 10:42:57,SIN SERVICIO (INTERNET),2025-04-14 08:21:19,UNET SOPORTE VV,EL BAÃƒÂ‘ADO,18161,REPARACION DE FO,VALLE VIEJO
71592,2025-04-12 10:43:36,SIN SERVICIO (INTERNET),2025-04-14 08:21:19,UNET SOPORTE VV,SUMALAO,17135,REPARACION DE FO,VALLE VIEJO
71593,2025-04-12 10:47:28,SIN SERVICIO (INTERNET),2025-04-14 08:21:19,UNET SOPORTE VV,EL BAÃƒÂ‘ADO,19313,REPARACION DE FO,VALLE VIEJO
71597,2025-04-12 11:19:40,SIN SERVICIO (INTERNET),2025-04-14 08:21:19,UNET SOPORTE VV,SAN ISIDRO,19088,REPARACION DE FO,VALLE VIEJO
71598,2025-04-12 11:25:03,SIN SERVICIO (INTERNET),2025-04-14 20:04:33,ABALLAY/SARMIENTO,SANTA ROSA,20502,CAMBIO DE ACOMETIDA,VALLE VIEJO
71600,2025-04-12 11:39:19,SIN SERVICIO (INTERNET),2025-04-15 17:44:12,ABALLAY/SARMIENTO,LA CARRERA,22569,CAMBIO DE ACOMETIDA,VALLE VIEJO
71606,2025-04-14 08:16:42,SIN SERVICIO (INTERNET),2025-04-17 12:25:39,ABALLAY/SARMIENTO,EL BAÃƒÂ‘ADO,22517,CAMBIO DE ACOMETIDA,VALLE VIEJO
71653,2025-04-14 11:43:09,SIN SERVICIO (INTERNET),2025-04-16 08:36:19,AGUIRRE WALTER OSVALDO,TINOGASTA,15765,CAMBIO DE ACOMETIDA,UNET TINOGASTA
71671,2025-04-14 17:16:07,SIN SERVICIO (INTERNET),2025-04-21 11:03:00,UNZAGA F/ UNZAGA M,PORTAL NORTE 3,20530,REPARACION DE FO,VALLE VIEJO
71674,2025-04-14 18:04:06,SIN SERVICIO (INTERNET),2025-04-15 16:23:20,CARPIO/LOPEZ,SAN ANTONIO,17859,CAMBIO DE ACOMETIDA,VALLE VIEJO
71679,2025-04-14 18:17:17,SIN SERVICIO (INTERNET),2025-04-15 16:23:20,CARPIO/LOPEZ,SAN JOSE,9978,CAMBIO DE ACOMETIDA,VALLE VIEJO
71682,2025-04-14 18:36:17,SIN SERVICIO (INTERNET),2025-04-17 12:25:39,ABALLAY/SARMIENTO,SAN ISIDRO,17354,CAMBIO DE ACOMETIDA,VALLE VIEJO
71686,2025-04-14 19:07:52,SIN SERVICIO (INTERNET),2025-04-16 17:12:57,FERREYRA/BUSTAMANTE,SAN ANTONIO,8028,CAMBIO DE ACOMETIDA,VALLE VIEJO
71687,2025-04-14 19:17:52,RED EN EL SUELO,2025-04-16 16:38:20,CARPIO/LOPEZ,SANTA ROSA,7354,REPARACION DE CABLE CORTADO,VALLE VIEJO
71689,2025-04-14 19:34:33,SIN SERVICIO (INTERNET),2025-04-16 18:39:23,UNZAGA F/ UNZAGA M,SAN ISIDRO,17953,REPARACION DE FO,VALLE VIEJO
71692,2025-04-15 08:11:03,SIN SERVICIO (INTERNET),2025-04-21 09:46:52,FERREYRA/BUSTAMANTE,SAN ANTONIO,18408,CAMBIO DE ACOMETIDA,VALLE VIEJO
71712,2025-04-15 10:07:09,SIN SERVICIO (INTERNET),2025-04-17 12:25:39,ABALLAY/SARMIENTO,SANTA ROSA,3921,CAMBIO DE ACOMETIDA,VALLE VIEJO
71714,2025-04-15 10:14:01,SIN SERVICIO (INTERNET),2025-04-16 18:39:23,UNZAGA F/ UNZAGA M,SAN ISIDRO,9435,REPARACION DE FO,VALLE VIEJO
71725,2025-04-15 11:19:23,SIN SERVICIO (INTERNET),2025-04-21 08:47:02,JUAN OVEJERO,TINOGASTA,22533,CAMBIO DE ACOMETIDA,UNET TINOGASTA
71727,2025-04-15 11:46:11,SIN SERVICIO (INTERNET),2025-04-16 19:30:11,ABALLAY/SARMIENTO,SUMALAO,18375,CAMBIO DE ACOMETIDA,VALLE VIEJO
71732,2025-04-15 16:16:48,SIN SERVICIO (INTERNET),2025-04-16 17:12:57,FERREYRA/BUSTAMANTE,SANTA ROSA,16269,CAMBIO DE ACOMETIDA,VALLE VIEJO
71733,2025-04-15 17:02:05,SIN SERVICIO (INTERNET),2025-04-16 16:38:20,CARPIO/LOPEZ,LA CARRERA,19027,CAMBIO DE ACOMETIDA,VALLE VIEJO
71740,2025-04-15 18:43:33,SIN SERVICIO (INTERNET),2025-04-16 17:12:57,FERREYRA/BUSTAMANTE,LA FALDA DE SAN ANTONIO,16493,CAMBIO DE ACOMETIDA,VALLE VIEJO
71743,2025-04-15 19:27:01,SIN SERVICIO (INTERNET),2025-04-16 18:39:23,UNZAGA F/ UNZAGA M,SAN ISIDRO,9936,REPARACION DE FO,VALLE VIEJO
71746,2025-04-15 19:52:55,SIN SERVICIO (INTERNET),2025-04-17 11:48:36,FERREYRA/BUSTAMANTE,SAN JOSÃƒÂ‰,21529,CAMBIO DE ACOMETIDA,VALLE VIEJO
71750,2025-04-15 20:06:32,SIN SERVICIO (INTERNET),2025-04-21 10:01:46,FERREYRA/BUSTAMANTE,SANTA ROSA,21679,CAMBIO DE ACOMETIDA,VALLE VIEJO
71755,2025-04-15 20:51:16,DECO TV SIN SEÃƒÂ‘AL,2025-04-17 08:39:56,JUAN OVEJERO,CENTRO,2256,CAMBIO DE ACOMETIDA,UNET TINOGASTA
71763,2025-04-16 09:37:45,SIN SERVICIO (INTERNET),2025-04-16 09:37:53,FERREYRA/BUSTAMANTE,POZO DE MISTOL,20806,CAMBIO DE ACOMETIDA,VALLE VIEJO
71764,2025-04-16 09:48:23,PROBLEMAS DE SEÃƒÂ‘AL,2025-04-28 08:10:48,UNZAGA F/ UNZAGA M,SAN ISIDRO,5338,REPARACION DE FO,VALLE VIEJO
71765,2025-04-16 09:54:11,SIN SERVICIO (INTERNET),2025-04-17 12:25:39,CARPIO/LOPEZ,SAN ANTONIO,5951,CAMBIO DE ACOMETIDA,VALLE VIEJO
71775,2025-04-16 10:25:31,SIN SERVICIO (INTERNET),2025-04-16 19:30:11,ABALLAY/SARMIENTO,SUMALAO,7474,CAMBIO DE ACOMETIDA,VALLE VIEJO
71778,2025-04-16 10:44:33,MODIFICAR BAJADA,2025-04-17 11:06:46,MARTINES PABLO,CENTRO,6292,CAMBIO DE TRAMO DE CABLE,CHUMBICHA
71782,2025-04-16 11:01:16,MODIFICAR BAJADA,2025-04-17 11:06:46,MARTINES PABLO,SAN MARTÃƒÂN,6639,CAMBIO DE TRAMO DE CABLE,CHUMBICHA
71798,2025-04-16 17:13:43,SIN SERVICIO (INTERNET),2025-04-16 19:30:11,ABALLAY/SARMIENTO,SANTA ROSA,23140,CAMBIO DE ACOMETIDA,VALLE VIEJO
71800,2025-04-16 17:51:44,SIN SERVICIO (INTERNET),2025-04-21 09:46:52,FERREYRA/PEREYRA,SANTA ROSA,5974,CAMBIO DE ACOMETIDA,VALLE VIEJO
71801,2025-04-16 18:24:18,SIN SERVICIO (INTERNET),2025-04-16 19:30:11,ABALLAY/SARMIENTO,SUMALAO,5509,CAMBIO DE ACOMETIDA,VALLE VIEJO
71803,2025-04-16 18:55:48,SIN SERVICIO (INTERNET),2025-04-17 12:25:39,FERREYRA/PEREYRA,SANTA ROSA,20949,CAMBIO DE ACOMETIDA,VALLE VIEJO
71806,2025-04-16 19:14:37,SIN SERVICIO (INTERNET),2025-04-21 11:03:00,ABALLAY/SARMIENTO,SAN ISIDRO,22186,CAMBIO DE ACOMETIDA,VALLE VIEJO
71810,2025-04-16 19:27:58,SIN SERVICIO (INTERNET),2025-04-21 11:03:00,UNZAGA F/ UNZAGA M,PORTAL NORTE 2,20642,REPARACION DE FO,VALLE VIEJO
71820,2025-04-16 20:40:39,SIN SERVICIO (INTERNET),2025-04-21 10:01:46,FERREYRA/BUSTAMANTE,SAN JOSE,21507,CAMBIO DE ACOMETIDA,VALLE VIEJO
71826,2025-04-17 09:06:51,SIN SERVICIO (INTERNET),2025-04-21 11:03:00,UNZAGA F/ UNZAGA M,PORTAL NORTE 3,18163,REPARACION DE FO,VALLE VIEJO
71829,2025-04-17 09:09:22,SIN SERVICIO (INTERNET),2025-04-21 11:03:00,UNZAGA F/ UNZAGA M,PORTAL NORTE 1,18939,REPARACION DE FO,VALLE VIEJO
71840,2025-04-17 09:18:41,SIN SERVICIO (INTERNET),2025-04-17 12:25:39,FERREYRA/PEREYRA,SANTA ROSA,9347,CAMBIO DE ACOMETIDA,VALLE VIEJO
71842,2025-04-17 09:20:01,SIN SERVICIO (INTERNET),2025-04-21 10:01:46,FERREYRA/BUSTAMANTE,SAN JOSE,16952,CAMBIO DE ACOMETIDA,VALLE VIEJO
71858,2025-04-17 10:26:33,MODIFICAR BAJADA DECO,2025-04-22 11:08:19,MARTINES PABLO,CENTRO,23158,CAMBIO DE TRAMO DE CABLE,CHUMBICHA
71864,2025-04-17 11:51:17,SIN SERVICIO (INTERNET),2025-04-21 09:46:52,FERREYRA/PEREYRA,SANTA ROSA,20078,CAMBIO DE ACOMETIDA,VALLE VIEJO
71870,2025-04-17 12:19:34,SIN SERVICIO (INTERNET),2025-04-22 16:51:27,CARPIO/LOPEZ,SANTA ROSA,17066,CAMBIO DE ACOMETIDA,VALLE VIEJO
71880,2025-04-21 09:24:05,SIN SERVICIO (INTERNET),2025-04-22 16:51:27,CARPIO/LOPEZ,SANTA ROSA,9883,REPARACION DE FO,VALLE VIEJO
71881,2025-04-21 09:24:54,SIN SERVICIO (INTERNET),2025-04-21 16:37:00,CARPIO/LOPEZ,SAN JOSE,15204,CAMBIO DE ACOMETIDA,VALLE VIEJO
71887,2025-04-21 09:45:30,SIN SERVICIO (INTERNET),2025-04-21 16:37:00,CARPIO/LOPEZ,SAN JOSE,15806,CAMBIO DE LUGAR DEL CABLE DE ACOMETIDA,VALLE VIEJO
71890,2025-04-21 10:01:36,SIN SERVICIO (INTERNET),2025-04-23 17:23:10,CARPIO/LOPEZ,POZO DE MISTOL,17937,CAMBIO DE ACOMETIDA,VALLE VIEJO
71912,2025-04-21 11:32:37,MODIFICAR BAJADA,2025-04-24 19:41:07,AGUIRRE WALTER OSVALDO,TINOGASTA,5246,CAMBIO DE ACOMETIDA,UNET TINOGASTA
71942,2025-04-21 16:26:08,SIN SERVICIO (INTERNET),2025-04-23 19:32:13,ABALLAY/SARMIENTO,LA FALDA DE SAN ANTONIO,17964,CAMBIO DE ACOMETIDA,VALLE VIEJO
71943,2025-04-21 16:27:52,SIN SERVICIO (INTERNET),2025-04-22 16:30:45,ABALLAY/SARMIENTO,SAN JOSE,18995,CAMBIO DE ACOMETIDA,VALLE VIEJO
71975,2025-04-21 18:44:52,SIN SERVICIO (INTERNET),2025-04-22 16:51:27,CARPIO/LOPEZ,SANTA ROSA,7048,REPARACION DE FO,VALLE VIEJO
71994,2025-04-21 19:05:35,SIN SERVICIO (INTERNET),2025-04-22 16:51:27,CARPIO/LOPEZ,LA TERCENA,18787,CAMBIO DE ACOMETIDA,VALLE VIEJO
72009,2025-04-21 20:48:24,SIN SERVICIO (INTERNET),2025-04-22 19:50:28,JUAN OVEJERO,200 VIVIENDAS,4379,CAMBIO DE ACOMETIDA,UNET TINOGASTA
72010,2025-04-21 20:52:13,SIN SERVICIO (INTERNET),2025-04-22 19:21:45,UNZAGA F/ UNZAGA M,SAN ANTONIO,3805,CAMBIO DE ACOMETIDA,VALLE VIEJO
72022,2025-04-22 08:55:26,MODIFICAR BAJADA DECO,2025-04-23 19:32:13,ABALLAY/SARMIENTO,SUMALAO,8327,CAMBIO DE LUGAR DEL CABLE DE ACOMETIDA,VALLE VIEJO
72025,2025-04-22 09:05:26,VERIFICAR SERVICIO,2025-04-23 12:16:20,AGUIRRE WALTER OSVALDO,LA PAZ,23195,CAMBIO DE ACOMETIDA,UNET TINOGASTA
72028,2025-04-22 09:14:53,SIN SERVICIO (INTERNET),2025-04-23 19:32:13,ABALLAY/SARMIENTO,SAN JOSE,14177,CAMBIO DE ACOMETIDA,VALLE VIEJO
72035,2025-04-22 09:42:32,SIN SERVICIO (INTERNET),2025-04-22 19:21:45,UNZAGA F/ UNZAGA M,EL HUECO,22619,CAMBIO DE ACOMETIDA,VALLE VIEJO
72043,2025-04-22 10:51:46,SIN SERVICIO (INTERNET),2025-04-23 17:23:10,CARPIO/LOPEZ,SAN ANTONIO,9603,CAMBIO DE ACOMETIDA,VALLE VIEJO
72065,2025-04-22 12:19:30,SIN SERVICIO (INTERNET),2025-04-23 17:23:10,CARPIO/LOPEZ,EL BAÃƒÂ‘ADO,5848,CAMBIO DE ACOMETIDA,VALLE VIEJO
72093,2025-04-23 09:21:40,SIN SERVICIO (INTERNET),2025-04-24 09:14:39,FERREYRA/BUSTAMANTE,SAN ANTONIO,17952,CAMBIO DE ACOMETIDA,VALLE VIEJO
72105,2025-04-23 10:34:32,MODIFICAR BAJADA,2025-04-24 10:43:13,FERREYRA/PEREYRA,SUMALAO,20292,CAMBIO DE LUGAR DEL CABLE DE ACOMETIDA,VALLE VIEJO
72120,2025-04-23 17:48:39,SIN SERVICIO (INTERNET),2025-04-25 16:54:51,ABALLAY/SARMIENTO,POZO DE MISTOL,16121,CAMBIO DE ACOMETIDA,VALLE VIEJO
72133,2025-04-23 18:37:01,SIN SERVICIO (INTERNET),2025-04-24 16:23:14,CARPIO/LOPEZ,SANTA ROSA,3051,CAMBIO DE ACOMETIDA,VALLE VIEJO
72139,2025-04-23 19:20:22,SIN SERVICIO (INTERNET),2025-04-29 18:44:29,ABALLAY/SARMIENTO,SAN JOSE,19011,CAMBIO DE ACOMETIDA,VALLE VIEJO
72148,2025-04-23 20:30:38,SIN SERVICIO (INTERNET),2025-04-25 10:25:52,FERREYRA/BUSTAMANTE,POZO DE MISTOL,9492,REPARACION DE CABLE CORTADO,VALLE VIEJO
72155,2025-04-24 08:35:43,SIN SERVICIO (INTERNET),2025-04-25 10:25:52,FERREYRA/BUSTAMANTE,LA TERCENA,20570,CAMBIO DE ACOMETIDA,VALLE VIEJO
72205,2025-04-24 17:43:10,RED EN EL SUELO,2025-04-25 19:28:41,CARPIO/LOPEZ,LA TERCENA,18630,CAMBIO DE LUGAR DEL CABLE DE ACOMETIDA,VALLE VIEJO
72206,2025-04-24 17:45:51,SIN SERVICIO (INTERNET),2025-04-25 16:25:19,CARPIO/LOPEZ,SAN ANTONIO,17706,REPARACION DE FO,VALLE VIEJO
72216,2025-04-24 20:05:04,SIN SERVICIO (INTERNET),2025-04-25 16:54:51,ABALLAY/SARMIENTO,SUMALAO,19605,CAMBIO DE ACOMETIDA,VALLE VIEJO
72224,2025-04-25 09:12:27,MODIFICAR BAJADA,2025-05-07 09:28:28,MARTINES PABLO,SAN MARTÃƒÂN,5255,CAMBIO DE TRAMO DE CABLE,CHUMBICHA
72226,2025-04-25 09:32:50,FUENTE ONT DAÃƒÂ‘ADA,2025-04-28 10:57:23,FERREYRA/BUSTAMANTE,SANTA ROSA,9356,CAMBIO DE ACOMETIDA,VALLE VIEJO
72229,2025-04-25 09:49:53,RED EN EL SUELO,2025-04-29 18:43:49,AGUIRRE WALTER OSVALDO,CENTRO,1410,CAMBIO DE ACOMETIDA,UNET TINOGASTA
72231,2025-04-25 09:56:37,SIN SERVICIO (INTERNET),2025-04-25 19:28:41,UNZAGA F/ UNZAGA M,SAN ANTONIO,14835,REPARACION DE FO,VALLE VIEJO
72322,2025-04-26 10:29:52,RED EN EL SUELO,2025-04-28 08:10:48,ABALLAY/SARMIENTO,SAN JOSE,7833,CAMBIO DE LUGAR DEL CABLE DE ACOMETIDA,VALLE VIEJO
72330,2025-04-28 08:25:36,SIN SERVICIO (INTERNET),2025-04-30 19:00:17,UNZAGA F/ UNZAGA M,EL BAÃƒÂ‘ADO,9477,CAMBIO DE ACOMETIDA,VALLE VIEJO
72332,2025-04-28 08:28:34,SIN SERVICIO (INTERNET),2025-04-28 16:26:24,CARPIO/LOPEZ,BANDA DE VARELA,19783,CAMBIO DE ACOMETIDA,VALLE VIEJO
72370,2025-04-28 19:13:05,SIN SERVICIO (INTERNET),2025-04-29 18:44:29,ABALLAY/SARMIENTO,LA TERCENA,22184,CAMBIO DE ACOMETIDA,VALLE VIEJO
72403,2025-04-29 10:30:37,SIN SERVICIO (INTERNET),2025-04-29 17:11:27,ABALLAY/SARMIENTO,SAN JOSE,14408,CAMBIO DE ACOMETIDA,VALLE VIEJO
72407,2025-04-29 10:52:32,SIN SERVICIO (INTERNET),2025-04-29 18:34:19,MARTINES PABLO,54 VIVIENDAS,81,REPARACION DE CABLE CORTADO,CHUMBICHA
72420,2025-04-29 17:11:12,SIN SERVICIO (INTERNET),2025-04-29 18:44:29,UNZAGA F/ UNZAGA M,SAN ANTONIO,14540,CAMBIO DE ACOMETIDA,VALLE VIEJO
72423,2025-04-29 18:13:19,SIN SERVICIO (INTERNET),2025-04-30 18:20:22,CARPIO/LOPEZ,SAN JOSE,17266,CAMBIO DE ACOMETIDA,VALLE VIEJO
72424,2025-04-29 18:44:19,SIN SERVICIO (INTERNET),2025-04-30 19:00:17,UNZAGA F/ UNZAGA M,POZO DE MISTOL,8915,REPARACION DE FO,VALLE VIEJO
72457,2025-04-30 10:40:56,MODIFICAR BAJADA,2025-05-06 09:06:35,MARTINES PABLO,54 VIVIENDAS,2587,CAMBIO DE TRAMO DE CABLE,CHUMBICHA
72465,2025-04-30 11:42:52,SIN SERVICIO (INTERNET),2025-04-30 18:20:22,UNZAGA F/ UNZAGA M,POZO DE MISTOL,8345,CAMBIO DE ACOMETIDA,VALLE VIEJO
72472,2025-04-30 17:42:05,SIN SERVICIO (INTERNET),2025-05-05 08:11:03,CARPIO/LOPEZ,SAN JOSE,18581,CAMBIO DE ACOMETIDA,VALLE VIEJO
72475,2025-04-30 18:16:12,SIN SERVICIO (INTERNET),2025-05-05 08:08:41,CARPIO/LOPEZ,SANTA ROSA,16032,CAMBIO DE ACOMETIDA,VALLE VIEJO
72477,2025-04-30 18:20:12,SIN SERVICIO (INTERNET),2025-05-05 08:11:03,CARPIO/LOPEZ,POLCOS,5650,CAMBIO DE ACOMETIDA,VALLE VIEJO
72479,2025-04-30 18:35:49,SIN SERVICIO (INTERNET),2025-05-06 09:59:14,FERREYRA/PEREYRA,SUMALAO,21420,CAMBIO DE ACOMETIDA,VALLE VIEJO
72493,2025-05-03 08:51:32,SIN SERVICIO (INTERNET),2025-05-05 08:45:09,JUAN OVEJERO,SANTA ROSA,2601,REPARACION DE FO,UNET TINOGASTA
72494,2025-05-03 09:11:51,SIN SERVICIO (INTERNET),2025-05-05 16:47:42,CARPIO/LOPEZ,SANTA ROSA,7350,CAMBIO DE ACOMETIDA,VALLE VIEJO
72499,2025-05-03 09:17:59,SIN SERVICIO (INTERNET),2025-05-05 09:34:15,JULIO DIAZ,TINOGASTA,1648,CAMBIO DE ACOMETIDA,UNET TINOGASTA
72500,2025-05-03 09:18:37,SIN SERVICIO (INTERNET),2025-05-05 08:11:03,CARPIO/LOPEZ,COLLAGASTA,19383,CAMBIO DE ACOMETIDA,VALLE VIEJO
72505,2025-05-03 09:23:28,SIN SERVICIO (INTERNET),2025-05-06 09:59:14,FERREYRA/PEREYRA,SUMALAO,15644,CAMBIO DE ACOMETIDA,VALLE VIEJO
72513,2025-05-03 09:49:25,SIN SERVICIO (INTERNET),2025-05-07 16:15:39,FERREYRA/PEREYRA,POLCOS,16429,CAMBIO DE ACOMETIDA,VALLE VIEJO
72520,2025-05-03 10:05:52,SIN SERVICIO (INTERNET),2025-05-06 09:59:14,FERREYRA/PEREYRA,SUMALAO,19354,CAMBIO DE ACOMETIDA,VALLE VIEJO
72524,2025-05-03 10:34:08,SIN SERVICIO (INTERNET),2025-05-05 19:36:32,CARPIO/LOPEZ,SAN ISIDRO,21149,REPARACION DE FO,VALLE VIEJO
72530,2025-05-03 11:06:56,SIN SERVICIO (INTERNET),2025-05-05 09:34:15,JUAN OVEJERO,VILLA SAN ROQUE,5580,CAMBIO DE ACOMETIDA,UNET TINOGASTA
72549,2025-05-05 08:10:38,SIN SERVICIO (INTERNET),2025-05-05 08:11:03,CARPIO/LOPEZ,SANTA ROSA,7890,CAMBIO DE ACOMETIDA,VALLE VIEJO
72551,2025-05-05 08:24:38,SIN SERVICIO (INTERNET),2025-05-05 19:36:32,CARPIO/LOPEZ,SAN ISIDRO,16904,REPARACION DE FO,VALLE VIEJO
72553,2025-05-05 08:27:03,SIN SERVICIO (INTERNET),2025-05-06 19:40:21,ABALLAY/SARMIENTO,SANTA ROSA,4656,CAMBIO DE ACOMETIDA,VALLE VIEJO
72554,2025-05-05 08:27:51,SIN SERVICIO (INTERNET),2025-05-05 16:47:42,CARPIO/LOPEZ,EL BAÃƒÂ‘ADO,7170,CAMBIO DE ACOMETIDA,VALLE VIEJO
72556,2025-05-05 08:36:40,SIN SERVICIO (INTERNET),2025-05-06 19:40:21,ABALLAY/SARMIENTO,SAN ANTONIO,22489,CAMBIO DE ACOMETIDA,VALLE VIEJO
72557,2025-05-05 08:38:54,SIN SERVICIO (INTERNET),2025-05-05 16:47:42,ABALLAY/SARMIENTO,SAN ISIDRO,21643,CAMBIO DE ACOMETIDA,VALLE VIEJO
72559,2025-05-05 08:46:44,SIN SERVICIO (INTERNET),2025-05-06 17:09:38,CARPIO/LOPEZ,SAN JOSE,18016,CAMBIO DE LUGAR DEL CABLE DE ACOMETIDA,VALLE VIEJO
72566,2025-05-05 09:36:42,SIN SERVICIO (INTERNET),2025-05-07 08:37:36,JUAN OVEJERO,TINOGASTA,19626,CAMBIO DE ACOMETIDA,UNET TINOGASTA
72574,2025-05-05 10:14:21,MODIFICAR BAJADA,2025-05-06 09:06:35,MARTINES PABLO,CENTRO,203,CAMBIO DE TRAMO DE CABLE,CHUMBICHA
72573,2025-05-05 10:15:44,SIN SERVICIO (INTERNET),2025-05-06 19:40:21,ABALLAY/SARMIENTO,LA TERCENA,19152,CAMBIO DE ACOMETIDA,VALLE VIEJO
72577,2025-05-05 10:22:08,SIN SERVICIO (INTERNET),2025-05-05 19:36:32,ABALLAY/SARMIENTO,SAN ISIDRO,22309,REPARACION DE FO,VALLE VIEJO
72589,2025-05-05 11:13:30,SIN SERVICIO (INTERNET),2025-05-07 08:37:36,JUAN OVEJERO,70 VIVIENDAS,381,CAMBIO DE ACOMETIDA,UNET TINOGASTA
72591,2025-05-05 11:21:53,SIN SERVICIO (INTERNET),2025-05-07 08:37:36,JUAN OVEJERO,TINOGASTA,10002,CAMBIO DE ACOMETIDA,UNET TINOGASTA
72612,2025-05-05 17:45:53,SIN SERVICIO (INTERNET),2025-05-07 08:37:36,JUAN OVEJERO,50 VIVIENDAS,1783,CAMBIO DE ACOMETIDA,UNET TINOGASTA
72618,2025-05-05 18:27:21,SIN SERVICIO (INTERNET),2025-05-06 19:40:21,ABALLAY/SARMIENTO,SUMALAO,7252,CAMBIO DE ACOMETIDA,VALLE VIEJO
72619,2025-05-05 18:54:42,SIN SERVICIO (INTERNET),2025-05-07 08:37:36,JUAN OVEJERO,TINOGASTA,1880,CAMBIO DE ACOMETIDA,UNET TINOGASTA
72634,2025-05-06 08:26:53,SIN SERVICIO (INTERNET),2025-05-06 18:36:06,UNZAGA F/ UNZAGA M,POZO DE MISTOL,16782,REPARACION DE FO,VALLE VIEJO
72683,2025-05-06 17:49:09,SIN SERVICIO (INTERNET),2025-05-07 17:58:13,ABALLAY/SARMIENTO,SAN ANTONIO,15639,CAMBIO DE ACOMETIDA,VALLE VIEJO
72687,2025-05-06 19:40:37,SIN SERVICIO (INTERNET),2025-05-07 17:58:13,ABALLAY/SARMIENTO,LA TERCENA,19537,CAMBIO DE ACOMETIDA,VALLE VIEJO
72689,2025-05-06 19:52:02,SIN SERVICIO (INTERNET),2025-05-07 17:58:13,ABALLAY/SARMIENTO,SAN ISIDRO,3539,CAMBIO DE ACOMETIDA,VALLE VIEJO
72700,2025-05-07 09:20:29,SIN SERVICIO (INTERNET),2025-05-07 20:06:26,JULIO DIAZ,TINOGASTA,19626,CAMBIO DE ACOMETIDA,UNET TINOGASTA
72788,2025-05-08 11:52:37,SIN SERVICIO (INTERNET),2025-05-09 12:16:42,ABALLAY/SARMIENTO,SAN JOSE,17073,CAMBIO DE ACOMETIDA,VALLE VIEJO
72807,2025-05-08 18:14:52,SIN SERVICIO (INTERNET),2025-05-09 12:16:42,CARPIO/LOPEZ,SUMALAO,19348,CAMBIO DE ACOMETIDA,VALLE VIEJO
72812,2025-05-08 18:42:08,SIN SERVICIO (INTERNET),2025-05-09 12:16:42,CARPIO/LOPEZ,VILLA DOLORES,3032,CAMBIO DE ACOMETIDA,VALLE VIEJO
72821,2025-05-08 19:48:45,PROBLEMAS DE SEÃƒÂ‘AL,2025-05-12 19:06:42,UNZAGA F/ UNZAGA M,VILLA DOLORES,9282,REPARACION DE FO,VALLE VIEJO
72861,2025-05-09 10:46:24,SIN SERVICIO,2025-05-12 08:49:10,AGUIRRE WALTER OSVALDO,TINOGASTA,5246,CAMBIO DE ACOMETIDA,UNET TINOGASTA
72863,2025-05-09 10:48:17,SIN SERVICIO (INTERNET),2025-05-09 19:29:34,UNZAGA F/ UNZAGA M,SANTA ROSA,22521,CAMBIO DE LUGAR DEL CABLE DE ACOMETIDA,VALLE VIEJO
72866,2025-05-09 11:38:43,SIN SERVICIO (INTERNET),2025-05-12 11:56:24,MARTINES PABLO,54 VIVIENDAS,21813,REPARACION DE CABLE CORTADO,CHUMBICHA
72867,2025-05-09 11:48:18,NAVEGACION LENTA,2025-05-12 08:49:10,AGUIRRE WALTER OSVALDO,TINOGASTA,355,CAMBIO DE ACOMETIDA,UNET TINOGASTA
72869,2025-05-09 12:16:18,SIN SERVICIO (INTERNET),2025-05-09 19:29:34,UNZAGA F/ UNZAGA M,SUMALAO,15076,CAMBIO DE ACOMETIDA,VALLE VIEJO
72876,2025-05-09 17:13:56,SIN SERVICIO (INTERNET),2025-05-12 08:37:43,ABALLAY/SARMIENTO,SANTA ROSA,9830,CAMBIO DE ACOMETIDA,VALLE VIEJO
72878,2025-05-09 17:43:15,SIN SERVICIO (INTERNET),2025-05-12 08:37:43,ABALLAY/SARMIENTO,LA FALDA DE SAN ANTONIO,4746,CAMBIO DE ACOMETIDA,VALLE VIEJO
72895,2025-05-10 09:21:30,MODIFICAR BAJADA,2025-05-12 11:56:24,MARTINES PABLO,50 VIVIENDAS,6490,CAMBIO DE TRAMO DE CABLE,CHUMBICHA
72896,2025-05-10 09:33:03,SIN SERVICIO (INTERNET),2025-05-14 08:41:37,AGUIRRE WALTER OSVALDO,TINOGASTA,1648,CAMBIO DE ACOMETIDA,UNET TINOGASTA
72916,2025-05-10 12:50:48,SIN SERVICIO (INTERNET),2025-05-13 18:42:22,CARPIO/LOPEZ,EL BAÃƒÂ‘ADO,9296,CAMBIO DE ACOMETIDA,VALLE VIEJO
72920,2025-05-12 08:15:23,SIN SERVICIO (INTERNET),2025-05-12 18:40:04,ABALLAY/SARMIENTO,LA CARRERA,18532,CAMBIO DE ACOMETIDA,VALLE VIEJO
72927,2025-05-12 08:27:31,SIN SERVICIO (INTERNET),2025-05-12 18:40:04,ABALLAY/SARMIENTO,SAN ISIDRO,9936,CAMBIO DE ACOMETIDA,VALLE VIEJO
72952,2025-05-12 09:29:15,SIN SERVICIO (INTERNET),2025-05-12 18:14:13,UNZAGA F/ UNZAGA M,SANTA ROSA,14510,CAMBIO DE ACOMETIDA,VALLE VIEJO
72963,2025-05-12 10:44:42,SIN SERVICIO (INTERNET),2025-05-21 11:15:08,MARTINES PABLO,CENTRO,21611,REPARACION DE CABLE CORTADO,CHUMBICHA
72977,2025-05-12 17:43:21,SIN SERVICIO,2025-05-15 20:03:11,AGUIRRE WALTER OSVALDO,SANTA ROSA,21897,CAMBIO DE ACOMETIDA,UNET TINOGASTA
72986,2025-05-12 18:21:14,SIN SERVICIO (INTERNET),2025-05-13 18:42:22,CARPIO/LOPEZ,EL BAÃƒÂ‘ADO,21692,CAMBIO DE ACOMETIDA,VALLE VIEJO
73002,2025-05-13 08:24:49,SIN SERVICIO (INTERNET),2025-05-13 19:00:36,UNZAGA F/ UNZAGA M,PORTAL NORTE 1,17934,CAMBIO DE ACOMETIDA,VALLE VIEJO
73005,2025-05-13 09:23:07,PROBLEMAS DE SEÃƒÂ‘AL,2025-05-14 09:41:16,MARTINES PABLO,SAN CAYETANO,2520,CAMBIO DE TRAMO DE CABLE,CHUMBICHA
73015,2025-05-13 11:28:25,SIN SERVICIO (INTERNET),2025-05-15 20:03:11,AGUIRRE WALTER OSVALDO,CENTRO,966,CAMBIO DE ACOMETIDA,UNET TINOGASTA
73020,2025-05-13 12:04:28,SIN SERVICIO (INTERNET),2025-05-17 08:37:56,AGUIRRE WALTER OSVALDO,TINOGASTA,2839,CAMBIO DE ACOMETIDA,UNET TINOGASTA
73029,2025-05-13 17:13:20,SIN SERVICIO (INTERNET),2025-05-14 17:02:40,UNZAGA F/ UNZAGA M,SUMALAO,15691,REPARACION DE FO,VALLE VIEJO
73030,2025-05-13 17:14:05,SIN SERVICIO (INTERNET),2025-05-14 17:02:40,UNZAGA F/ UNZAGA M,EL BAÃƒÂ‘ADO,18468,REPARACION DE FO,VALLE VIEJO
73031,2025-05-13 17:16:36,MODIFICAR BAJADA DECO,2025-05-15 09:01:06,ABALLAY/SARMIENTO,POLCOS,4174,CAMBIO DE LUGAR DEL CABLE DE ACOMETIDA,VALLE VIEJO
73032,2025-05-13 17:17:21,SIN SERVICIO (INTERNET),2025-05-14 17:02:40,UNZAGA F/ UNZAGA M,SUMALAO,9259,REPARACION DE FO,VALLE VIEJO
73036,2025-05-13 18:24:29,RED EN EL SUELO,2025-05-15 09:01:06,ABALLAY/SARMIENTO,SUMALAO,14949,CAMBIO DE ACOMETIDA,VALLE VIEJO
73040,2025-05-13 19:33:34,SIN SERVICIO (INTERNET),2025-05-15 20:03:11,AGUIRRE WALTER OSVALDO,TINOGASTA,21955,CAMBIO DE ACOMETIDA,UNET TINOGASTA
73044,2025-05-14 08:45:03,SIN SERVICIO (INTERNET),2025-05-15 17:08:19,ABALLAY/SARMIENTO,SAN JOSE,15750,CAMBIO DE ACOMETIDA,VALLE VIEJO
73049,2025-05-14 09:37:20,MODIFICAR BAJADA,2025-05-21 11:15:08,MARTINES PABLO,CENTRO,19598,CAMBIO DE TRAMO DE CABLE,CHUMBICHA
73055,2025-05-14 10:41:40,SIN SERVICIO (INTERNET),2025-05-14 16:34:13,UNET SOPORTE VV,SANTA ROSA,22777,REPARACION DE FO,VALLE VIEJO
73066,2025-05-14 11:51:17,SIN SERVICIO (INTERNET),2025-05-14 16:34:13,UNET SOPORTE VV,SANTA ROSA,5667,REPARACION DE FO,VALLE VIEJO
73074,2025-05-14 12:20:41,SIN SERVICIO (INTERNET),2025-05-21 19:46:55,AGUIRRE WALTER OSVALDO,CENTRO,21222,CAMBIO DE ACOMETIDA,UNET TINOGASTA
73093,2025-05-14 17:30:25,SIN SERVICIO (INTERNET),2025-05-16 17:42:40,ABALLAY/SARMIENTO,SAN ISIDRO,20725,CAMBIO DE ACOMETIDA,VALLE VIEJO
73103,2025-05-14 19:29:20,SIN SERVICIO (INTERNET),2025-05-15 18:50:57,UNZAGA F/ UNZAGA M,SANTA ROSA,21704,REPARACION DE FO,VALLE VIEJO
73105,2025-05-14 19:57:42,SIN SERVICIO (INTERNET),2025-05-17 08:37:56,AGUIRRE WALTER OSVALDO,TINOGASTA,9667,CAMBIO DE ACOMETIDA,UNET TINOGASTA
73111,2025-05-15 09:12:52,SIN SERVICIO (INTERNET),2025-05-17 08:37:56,JUAN OVEJERO,TINOGASTA,9994,CAMBIO DE ACOMETIDA,UNET TINOGASTA
73112,2025-05-15 09:42:21,SIN SERVICIO (INTERNET),2025-05-15 18:50:57,UNZAGA F/ UNZAGA M,SANTA ROSA,5782,REPARACION DE FO,VALLE VIEJO
73113,2025-05-15 09:46:04,PROBLEMAS DE SEÃƒÂ‘AL,2025-05-16 17:42:40,ABALLAY/SARMIENTO,LA TERCENA,18605,CAMBIO DE ACOMETIDA,VALLE VIEJO
73122,2025-05-15 11:13:03,PROBLEMAS DE SEÃƒÂ‘AL,2025-05-20 19:06:20,UNZAGA F/ UNZAGA M,SANTA ROSA,20861,REPARACION DE FO,VALLE VIEJO
73140,2025-05-15 17:47:07,SIN SERVICIO (INTERNET),2025-05-19 08:12:47,UNZAGA F/ UNZAGA M,SANTA ROSA,19670,CAMBIO DE ACOMETIDA,VALLE VIEJO
73159,2025-05-16 08:43:49,RED EN EL SUELO,2025-05-16 18:56:23,UNZAGA F/ UNZAGA M,SANTA ROSA,19079,CAMBIO DE LUGAR DEL CABLE DE ACOMETIDA,VALLE VIEJO
73160,2025-05-16 08:45:05,SIN SERVICIO (INTERNET),2025-05-16 18:56:23,UNZAGA F/ UNZAGA M,SAN ISIDRO,5989,CAMBIO DE ACOMETIDA,VALLE VIEJO
73192,2025-05-16 17:21:19,SIN SERVICIO (INTERNET),2025-05-19 08:12:47,UNZAGA F/ UNZAGA M,EL HUECO,3087,REPARACION DE FO,VALLE VIEJO
73195,2025-05-16 17:36:23,SIN SERVICIO (INTERNET),2025-05-19 08:12:47,UNZAGA F/ UNZAGA M,EL HUECO,20445,REPARACION DE FO,VALLE VIEJO
73204,2025-05-16 18:10:13,SIN SERVICIO (INTERNET),2025-05-19 08:12:47,ABALLAY/SARMIENTO,SAN JOSE,14992,CAMBIO DE ACOMETIDA,VALLE VIEJO
73218,2025-05-17 09:19:26,SIN SERVICIO (INTERNET),2025-05-19 18:57:40,CARPIO/LOPEZ,SAN ISIDRO,4749,CAMBIO DE ACOMETIDA,VALLE VIEJO
73221,2025-05-17 10:08:04,SIN SERVICIO (INTERNET),2025-05-19 19:06:37,ABALLAY/SARMIENTO,SAN JOSE,8254,CAMBIO DE ACOMETIDA,VALLE VIEJO
73256,2025-05-19 08:50:58,SIN SERVICIO (INTERNET),2025-05-19 19:06:37,ABALLAY/SARMIENTO,SAN JOSE,15779,CAMBIO DE ACOMETIDA,VALLE VIEJO
73257,2025-05-19 08:52:10,PROBLEMAS DE SEÃƒÂ‘AL,2025-05-20 19:06:20,UNZAGA F/ UNZAGA M,SANTA ROSA,9061,REPARACION DE FO,VALLE VIEJO
73272,2025-05-19 10:13:33,SIN SERVICIO (INTERNET),2025-05-22 09:04:06,JUAN OVEJERO,TINOGASTA,6419,CAMBIO DE ACOMETIDA,UNET TINOGASTA
73289,2025-05-19 10:42:28,SIN SERVICIO (INTERNET),2025-05-22 20:20:43,JUAN OVEJERO,TINOGASTA,9667,CAMBIO DE ACOMETIDA,UNET TINOGASTA
73290,2025-05-19 10:47:59,VERIFICAR SERVICIO,2025-05-21 19:16:09,MARTINES PABLO,CENTRO,21192,CAMBIO DE TRAMO DE CABLE,CHUMBICHA
73298,2025-05-19 11:52:02,SIN SERVICIO (INTERNET),2025-05-22 20:20:43,JUAN OVEJERO,TINOGASTA,19652,CAMBIO DE ACOMETIDA,UNET TINOGASTA
73314,2025-05-19 17:08:17,SIN SERVICIO (INTERNET),2025-05-21 19:52:14,CARPIO/LOPEZ,SANTA ROSA,4396,CAMBIO DE ACOMETIDA,VALLE VIEJO
73326,2025-05-19 18:57:29,SIN SERVICIO (INTERNET),2025-05-20 19:06:20,ABALLAY/SARMIENTO,SAN JOSE,16783,CAMBIO DE ACOMETIDA,VALLE VIEJO
73332,2025-05-19 19:31:29,RED EN EL SUELO,2025-05-21 09:13:40,JUAN OVEJERO,SANTA ROSA,2454,CAMBIO DE ACOMETIDA,UNET TINOGASTA
73338,2025-05-19 20:00:39,PROBLEMAS DE SEÃƒÂ‘AL,2025-05-20 19:06:20,ABALLAY/SARMIENTO,SUMALAO,16662,CAMBIO DE ACOMETIDA,VALLE VIEJO
73379,2025-05-20 17:22:04,SIN SERVICIO (INTERNET),2025-05-22 19:26:25,ABALLAY/SARMIENTO,SAN JOSE,14162,CAMBIO DE ACOMETIDA,VALLE VIEJO
73389,2025-05-20 19:05:58,SIN SERVICIO (INTERNET),2025-05-21 18:36:20,ABALLAY/SARMIENTO,SIERRA BRAVA,21800,CAMBIO DE ACOMETIDA,VALLE VIEJO
73402,2025-05-21 09:55:26,SIN SERVICIO (INTERNET),2025-05-22 20:20:43,JUAN OVEJERO,TINOGASTA,19628,CAMBIO DE ACOMETIDA,UNET TINOGASTA
73404,2025-05-21 10:16:07,MODIFICAR BAJADA,2025-05-21 19:16:09,MARTINES PABLO,SAN MARTÃƒÂN,1700,CAMBIO DE TRAMO DE CABLE,CHUMBICHA
73411,2025-05-21 10:56:53,MODIFICAR BAJADA DECO,2025-05-21 12:50:36,SOSA/ARAGON,EL RODEO,22934,CAMBIO DE LUGAR DEL CABLE DE ACOMETIDA,EL RODEO
73427,2025-05-21 17:52:24,SIN SERVICIO (INTERNET),2025-05-22 19:41:08,ABALLAY/SARMIENTO,POZO DE MISTOL,21132,CAMBIO DE ACOMETIDA,VALLE VIEJO
73440,2025-05-21 19:51:20,SIN SERVICIO (INTERNET),2025-05-22 19:41:08,ABALLAY/SARMIENTO,POZO DE MISTOL,21671,CAMBIO DE ACOMETIDA,VALLE VIEJO
73505,2025-05-23 11:18:48,RED EN EL SUELO,2025-05-23 19:10:53,UNZAGA F/ UNZAGA M,COLLAGASTA,18323,CAMBIO DE LUGAR DEL CABLE DE ACOMETIDA,VALLE VIEJO
73527,2025-05-23 16:59:16,SIN SERVICIO (INTERNET),2025-05-26 08:12:03,CARPIO/LOPEZ,SANTA ROSA,16467,CAMBIO DE ACOMETIDA,VALLE VIEJO
73553,2025-05-24 10:29:56,SIN SERVICIO (INTERNET),2025-05-26 18:11:52,ABALLAY/SARMIENTO,SAN JOSE,9973,CAMBIO DE ACOMETIDA,VALLE VIEJO
73565,2025-05-26 08:34:19,SIN SERVICIO (INTERNET),2025-05-26 18:11:52,ABALLAY/SARMIENTO,POZO DE MISTOL,20230,CAMBIO DE ACOMETIDA,VALLE VIEJO
73609,2025-05-26 10:42:52,MODIFICAR BAJADA,2025-05-29 16:56:43,ABALLAY/SARMIENTO,POLCOS,21706,CAMBIO DE LUGAR DEL CABLE DE ACOMETIDA,VALLE VIEJO
73642,2025-05-26 19:33:01,SIN SERVICIO (INTERNET),2025-05-28 19:04:44,ABALLAY/SARMIENTO,SAN JOSE,9145,CAMBIO DE LUGAR DEL CABLE DE ACOMETIDA,VALLE VIEJO
73670,2025-05-27 16:15:24,SIN SERVICIO (INTERNET),2025-05-28 19:04:44,ABALLAY/SARMIENTO,LA TERCENA,21668,CAMBIO DE ACOMETIDA,VALLE VIEJO
73675,2025-05-27 16:48:32,RED EN EL SUELO,2025-05-28 19:04:44,CARPIO/LOPEZ,SAN ISIDRO,15273,REPARACION DE CABLE CORTADO,VALLE VIEJO
73696,2025-05-28 08:13:58,SIN SERVICIO (INTERNET),2025-05-28 19:04:44,ABALLAY/SARMIENTO,SAN JOSE,16244,CAMBIO DE ACOMETIDA,VALLE VIEJO
73697,2025-05-28 08:18:08,SIN SERVICIO (INTERNET),2025-05-28 19:04:44,CARPIO/LOPEZ,SANTA ROSA,19016,CAMBIO DE ACOMETIDA,VALLE VIEJO
73711,2025-05-28 09:50:46,SIN SERVICIO (INTERNET),2025-05-28 17:26:53,MARTINES PABLO,SAN MARTÃƒÂN,21607,REPARACION DE CABLE CORTADO,CHUMBICHA
73715,2025-05-28 11:03:04,SIN SERVICIO (INTERNET),2025-05-29 17:49:08,JUAN OVEJERO,VILLA SAN ROQUE,2296,CAMBIO DE ACOMETIDA,UNET TINOGASTA
73720,2025-05-28 11:20:29,SIN SERVICIO (INTERNET),2025-05-28 19:04:44,UNZAGA F/ UNZAGA M,SAN ANTONIO,18184,CAMBIO DE ACOMETIDA,VALLE VIEJO
73726,2025-05-28 12:00:29,SIN SERVICIO (INTERNET),2025-06-02 08:53:46,JUAN OVEJERO,TINOGASTA,19652,CAMBIO DE ACOMETIDA,UNET TINOGASTA
73751,2025-05-28 18:19:57,SIN SERVICIO (INTERNET),2025-05-29 18:39:44,UNZAGA F/ UNZAGA M,SAN JOSE,9240,REPARACION DE FO,VALLE VIEJO
73779,2025-05-28 20:40:07,VERIFICAR SERVICIO,2025-05-29 16:30:41,CARPIO/LOPEZ,SANTA ROSA,8832,CAMBIO DE LUGAR DEL CABLE DE ACOMETIDA,VALLE VIEJO
73782,2025-05-29 08:20:14,PROBLEMAS DE SEÃƒÂ‘AL,2025-05-31 09:52:04,ABALLAY/SARMIENTO,SAN JOSE,9700,CAMBIO DE ACOMETIDA,VALLE VIEJO
73789,2025-05-29 09:38:38,SIN SERVICIO (INTERNET),2025-05-29 16:56:43,FERREYRA/BUSTAMANTE,POZO DE MISTOL,3865,CAMBIO DE ACOMETIDA,VALLE VIEJO
73794,2025-05-29 10:12:44,SIN SERVICIO (INTERNET),2025-05-29 18:39:44,UNZAGA F/ UNZAGA M,SAN JOSE,14434,REPARACION DE FO,VALLE VIEJO
73795,2025-05-29 10:16:13,SIN SERVICIO (INTERNET),2025-06-02 08:53:46,JUAN OVEJERO,TINOGASTA,19628,CAMBIO DE ACOMETIDA,UNET TINOGASTA
73796,2025-05-29 10:22:51,SIN SERVICIO (INTERNET),2025-05-29 18:39:44,FERREYRA/BUSTAMANTE,POZO DE MISTOL,7276,CAMBIO DE ACOMETIDA,VALLE VIEJO
73799,2025-05-29 10:45:39,SIN SERVICIO (INTERNET),2025-05-30 19:31:03,CARPIO/LOPEZ,SANTA ROSA,14987,CAMBIO DE ACOMETIDA,VALLE VIEJO
73825,2025-05-29 11:38:05,SIN SERVICIO (INTERNET),2025-05-30 19:31:03,CARPIO/LOPEZ,SANTA ROSA,18945,CAMBIO DE ACOMETIDA,VALLE VIEJO
73828,2025-05-29 12:04:31,SIN SERVICIO (INTERNET),2025-06-02 08:53:46,JUAN OVEJERO,TINOGASTA,19985,CAMBIO DE ACOMETIDA,UNET TINOGASTA
73830,2025-05-29 12:05:00,MODIFICAR BAJADA,2025-05-30 19:31:03,ABALLAY/SARMIENTO,EL HUECO,4017,CAMBIO DE ACOMETIDA,VALLE VIEJO
73832,2025-05-29 12:23:30,SIN SERVICIO (INTERNET),2025-06-02 19:02:09,JUAN OVEJERO,CENTRO,20439,CAMBIO DE ACOMETIDA,UNET TINOGASTA
73837,2025-05-29 17:19:02,SIN SERVICIO (INTERNET),2025-06-02 08:09:30,ABALLAY/SARMIENTO,LA CARRERA,21144,CAMBIO DE ACOMETIDA,VALLE VIEJO
73840,2025-05-29 17:31:34,SIN SERVICIO (INTERNET),2025-05-30 19:31:03,ABALLAY/SARMIENTO,SAN ISIDRO,3582,CAMBIO DE ACOMETIDA,VALLE VIEJO
73851,2025-05-29 18:13:23,SIN SERVICIO (INTERNET),2025-05-30 19:31:03,ABALLAY/SARMIENTO,SAN JOSE,8171,CAMBIO DE ACOMETIDA,VALLE VIEJO
73857,2025-05-29 19:52:57,SIN SERVICIO (INTERNET),2025-05-31 10:11:01,JUAN OVEJERO,TINOGASTA,20699,CAMBIO DE ACOMETIDA,UNET TINOGASTA
73959,2025-06-02 08:48:25,SIN SERVICIO (INTERNET),2025-06-02 17:08:55,ABALLAY/SARMIENTO,SAN JOSE,19183,CAMBIO DE ACOMETIDA,VALLE VIEJO
73983,2025-06-02 11:59:21,MODIFICAR BAJADA,2025-06-03 16:20:04,ABALLAY/SARMIENTO,EL HUECO,15903,CAMBIO DE ACOMETIDA,VALLE VIEJO
73992,2025-06-02 17:26:49,MODIFICAR BAJADA,2025-06-04 19:40:21,MARTINES PABLO,CENTRO,22995,CAMBIO DE TRAMO DE CABLE,CHUMBICHA
73995,2025-06-02 18:08:27,SIN SERVICIO (INTERNET),2025-06-03 16:20:04,ABALLAY/SARMIENTO,SAN JOSE,9172,CAMBIO DE ACOMETIDA,VALLE VIEJO
74040,2025-06-03 10:32:34,MODIFICAR BAJADA,2025-06-03 16:20:04,ABALLAY/SARMIENTO,SANTA ROSA,3313,CAMBIO DE LUGAR DEL CABLE DE ACOMETIDA,VALLE VIEJO
74051,2025-06-03 16:15:59,SIN SERVICIO (INTERNET),2025-06-03 18:56:57,UNZAGA F/ UNZAGA M,SAN ISIDRO,5029,CAMBIO DE ACOMETIDA,VALLE VIEJO
74066,2025-06-03 18:34:26,SIN SERVICIO (INTERNET),2025-06-05 12:03:03,JUAN OVEJERO,80 VIVIENDAS,486,CAMBIO DE ACOMETIDA,UNET TINOGASTA
74071,2025-06-03 19:07:29,RED EN EL SUELO,2025-06-04 20:27:06,JUAN OVEJERO,TINOGASTA,953,CAMBIO DE ACOMETIDA,UNET TINOGASTA
74080,2025-06-04 08:08:59,SIN SERVICIO (INTERNET),2025-06-04 16:23:05,ABALLAY/SARMIENTO,SANTA ROSA,3963,CAMBIO DE ACOMETIDA,VALLE VIEJO
74083,2025-06-04 08:29:41,SIN SERVICIO (INTERNET),2025-06-04 16:27:02,ABALLAY/SARMIENTO,SANTA ROSA,2877,CAMBIO DE ACOMETIDA,VALLE VIEJO
74103,2025-06-04 10:05:45,MODIFICAR BAJADA,2025-06-04 16:27:02,UNZAGA F/ UNZAGA M,LA FALDA DE SAN ANTONIO,18265,CAMBIO DE LUGAR DEL CABLE DE ACOMETIDA,VALLE VIEJO
74109,2025-06-04 11:12:48,SIN SERVICIO (INTERNET),2025-06-07 08:39:37,JUAN OVEJERO,CENTRO,1036,CAMBIO DE ACOMETIDA,UNET TINOGASTA
74246,2025-06-05 18:08:33,SIN SERVICIO (INTERNET),2025-06-06 18:11:25,UNZAGA F/ UNZAGA M,SAN ISIDRO,15284,CAMBIO DE ACOMETIDA,VALLE VIEJO
74300,2025-06-06 09:59:51,SIN SERVICIO (INTERNET),2025-06-09 10:23:35,AGUIRRE WALTER OSVALDO,TINOGASTA,7519,CAMBIO DE ACOMETIDA,UNET TINOGASTA
74303,2025-06-06 10:49:10,SIN SERVICIO (INTERNET),2025-06-09 17:19:53,CARPIO/LOPEZ,SAN ANTONIO,23553,CAMBIO DE ACOMETIDA,VALLE VIEJO
74316,2025-06-06 12:11:00,SIN SERVICIO (INTERNET),2025-06-09 08:43:10,UNZAGA F/ UNZAGA M,SAN ISIDRO,22186,REPARACION DE CABLE CORTADO,VALLE VIEJO
74319,2025-06-06 12:26:43,SIN SERVICIO (INTERNET),2025-06-09 10:23:35,AGUIRRE WALTER OSVALDO,LA PAZ,18167,CAMBIO DE ACOMETIDA,UNET TINOGASTA
74323,2025-06-06 16:24:40,SIN SERVICIO (INTERNET),2025-06-09 08:43:10,UNZAGA F/ UNZAGA M,SUMALAO,21781,CAMBIO DE ACOMETIDA,VALLE VIEJO
74334,2025-06-06 18:21:39,SIN SERVICIO (INTERNET),2025-06-09 08:43:10,UNZAGA F/ UNZAGA M,LA FALDA DE SAN ANTONIO,16789,CAMBIO DE LUGAR DEL CABLE DE ACOMETIDA,VALLE VIEJO
74411,2025-06-09 08:47:21,MODIFICAR BAJADA,2025-06-12 10:24:53,FERREYRA/BUSTAMANTE,SANTA ROSA,17657,CAMBIO DE LUGAR DEL CABLE DE ACOMETIDA,VALLE VIEJO
74417,2025-06-09 09:49:55,SIN SERVICIO (INTERNET),2025-06-10 19:50:36,JUAN OVEJERO,TINOGASTA,21523,CAMBIO DE ACOMETIDA,UNET TINOGASTA
74424,2025-06-09 10:40:19,SIN SERVICIO (INTERNET),2025-06-11 19:34:40,JUAN OVEJERO,CENTRO,609,CAMBIO DE ACOMETIDA,UNET TINOGASTA
74461,2025-06-09 16:14:44,SIN SERVICIO (INTERNET),2025-06-09 18:42:37,UNZAGA F/ UNZAGA M,SAN JOSE,16665,CAMBIO DE ACOMETIDA,VALLE VIEJO
74463,2025-06-09 17:19:35,SIN SERVICIO (INTERNET),2025-06-11 08:17:29,CARPIO/LOPEZ,LA TERCENA,19927,CAMBIO DE ACOMETIDA,VALLE VIEJO
74465,2025-06-09 19:12:01,SIN SERVICIO (INTERNET),2025-06-10 19:50:36,JUAN OVEJERO,CENTRO,1413,CAMBIO DE ACOMETIDA,UNET TINOGASTA
74501,2025-06-10 10:44:19,RED EN EL SUELO,2025-06-11 20:35:20,AGUIRRE WALTER OSVALDO,TINOGASTA,953,CAMBIO DE ACOMETIDA,UNET TINOGASTA
74502,2025-06-10 10:44:31,PROBLEMAS DE SEÃƒÂ‘AL,2025-06-11 16:23:11,FERREYRA/BUSTAMANTE,SAN JOSE,18249,CAMBIO DE ACOMETIDA,VALLE VIEJO
74567,2025-06-10 15:00:19,MODIFICAR BAJADA DECO,2025-06-11 18:47:38,ABALLAY/SARMIENTO,SAN ISIDRO,6945,CAMBIO DE ACOMETIDA,VALLE VIEJO
74599,2025-06-11 09:18:36,ENGRAMPAR/EMBUTIR CABLE,2025-06-11 11:05:56,SOSA/ARAGON,BARRIO CENTRO,23554,CAMBIO DE LUGAR DEL CABLE DE ACOMETIDA,EL RODEO
74620,2025-06-11 11:30:15,SIN SERVICIO (INTERNET),2025-06-13 08:56:38,JUAN OVEJERO,TINOGASTA,631,CAMBIO DE ACOMETIDA,UNET TINOGASTA
74623,2025-06-11 11:55:56,MODIFICAR BAJADA,2025-06-18 18:33:55,FERREYRA/BUSTAMANTE,BANDA DE VARELA,23586,CAMBIO DE LUGAR DEL CABLE DE ACOMETIDA,VALLE VIEJO
74639,2025-06-11 17:28:56,SIN SERVICIO (INTERNET),2025-06-13 17:19:32,ABALLAY/SARMIENTO,BANDA DE VARELA,20785,CAMBIO DE ACOMETIDA,VALLE VIEJO
74650,2025-06-12 08:54:34,SIN SERVICIO (INTERNET),2025-06-12 19:37:37,JUAN OVEJERO,CENTRO,1059,CAMBIO DE ACOMETIDA,UNET TINOGASTA
74656,2025-06-12 09:54:24,SIN SERVICIO (INTERNET),2025-06-12 18:35:44,UNZAGA F/ UNZAGA M,SANTA ROSA,3561,CAMBIO DE ACOMETIDA,VALLE VIEJO
74673,2025-06-12 12:16:01,SIN SERVICIO (INTERNET),2025-06-13 17:19:32,UNZAGA F/ UNZAGA M,SAN JOSE,9886,CAMBIO DE ACOMETIDA,VALLE VIEJO
74682,2025-06-12 16:33:34,SIN SERVICIO (INTERNET),2025-06-13 17:19:32,CARPIO/LOPEZ,POZO DE MISTOL,15359,CAMBIO DE ACOMETIDA,VALLE VIEJO
74695,2025-06-12 19:26:25,RED EN EL SUELO,2025-06-14 08:57:03,AGUIRRE WALTER OSVALDO,TINOGASTA,1880,CAMBIO DE ACOMETIDA,UNET TINOGASTA
74700,2025-06-13 08:08:53,SIN SERVICIO (INTERNET),2025-06-17 19:01:12,CARPIO/LOPEZ,SUMALAO,15355,CAMBIO DE ACOMETIDA,VALLE VIEJO
74702,2025-06-13 08:35:17,SIN SERVICIO (INTERNET),2025-06-13 17:19:32,ABALLAY/SARMIENTO,SANTA ROSA,14990,CAMBIO DE ACOMETIDA,VALLE VIEJO
74714,2025-06-13 09:52:10,SIN SERVICIO (INTERNET),2025-06-13 17:19:32,UNZAGA F/ UNZAGA M,POZO DE MISTOL,21593,REPARACION DE CABLE CORTADO,VALLE VIEJO
74715,2025-06-13 10:01:49,RED EN EL SUELO,2025-06-13 17:19:32,UNZAGA F/ UNZAGA M,SUMALAO,6338,CAMBIO DE LUGAR DEL CABLE DE ACOMETIDA,VALLE VIEJO
74734,2025-06-13 11:17:06,RED EN EL SUELO,2025-06-17 18:57:02,UNZAGA F/ UNZAGA M,LA CARRERA,21741,CAMBIO DE LUGAR DEL CABLE DE ACOMETIDA,VALLE VIEJO
74788,2025-06-13 16:40:08,SIN SERVICIO (INTERNET),2025-06-17 10:56:51,CARPIO/LOPEZ,SANTA ROSA,4767,CAMBIO DE ACOMETIDA,VALLE VIEJO
74789,2025-06-13 16:50:19,SIN SERVICIO (INTERNET),2025-06-17 19:01:12,CARPIO/LOPEZ,SAN JOSE,16126,CAMBIO DE ACOMETIDA,VALLE VIEJO
74793,2025-06-13 17:37:33,SIN SERVICIO (INTERNET),2025-06-18 18:33:55,FERREYRA/BUSTAMANTE,BANDA DE VARELA,21447,CAMBIO DE ACOMETIDA,VALLE VIEJO
74808,2025-06-14 09:26:57,SIN SERVICIO (INTERNET),2025-06-18 16:34:02,CARPIO/LOPEZ,SAN JOSE,17250,REPARACION DE FO,VALLE VIEJO
74811,2025-06-14 10:40:39,SIN SERVICIO (INTERNET),2025-06-17 18:59:03,JULIO DIAZ,TINOGASTA,1260,CAMBIO DE ACOMETIDA,UNET TINOGASTA
74836,2025-06-17 09:27:05,SIN SERVICIO (INTERNET),2025-06-21 08:41:54,JUAN OVEJERO,TINOGASTA,397,CAMBIO DE ACOMETIDA,UNET TINOGASTA
74837,2025-06-17 09:29:55,SIN SERVICIO (INTERNET),2025-06-18 09:40:10,JUAN OVEJERO,TINOGASTA,19725,CAMBIO DE ACOMETIDA,UNET TINOGASTA
74838,2025-06-17 09:34:41,SIN SERVICIO (INTERNET),2025-06-21 08:41:54,JUAN OVEJERO,TINOGASTA,19652,CAMBIO DE ACOMETIDA,UNET TINOGASTA
74841,2025-06-17 09:39:10,RED EN EL SUELO,2025-06-19 17:23:25,UNZAGA F/ UNZAGA M,SANTA ROSA,9712,CAMBIO DE LUGAR DEL CABLE DE ACOMETIDA,VALLE VIEJO
74844,2025-06-17 09:50:15,SIN SERVICIO (INTERNET),2025-06-17 18:57:02,UNZAGA F/ UNZAGA M,POLCOS,23067,REPARACION DE FO,VALLE VIEJO
74847,2025-06-17 09:55:52,SIN SERVICIO (INTERNET),2025-06-18 09:40:10,JUAN OVEJERO,TINOGASTA,21154,CAMBIO DE ACOMETIDA,UNET TINOGASTA
74849,2025-06-17 10:01:12,SIN SERVICIO (INTERNET),2025-06-17 18:57:02,UNZAGA F/ UNZAGA M,POLCOS,4174,REPARACION DE FO,VALLE VIEJO
74853,2025-06-17 10:44:39,PROBLEMAS DE SEÃƒÂ‘AL,2025-06-17 18:57:02,FERREYRA/BUSTAMANTE,COLLAGASTA,20147,CAMBIO DE ACOMETIDA,VALLE VIEJO
74854,2025-06-17 10:44:41,PROBLEMAS DE SEÃƒÂ‘AL,2025-06-17 18:57:02,FERREYRA/BUSTAMANTE,COLLAGASTA,19194,CAMBIO DE ACOMETIDA,VALLE VIEJO
74855,2025-06-17 10:44:59,SIN SERVICIO (INTERNET),2025-06-17 18:57:02,FERREYRA/BUSTAMANTE,SAN JOSE,21218,CAMBIO DE ACOMETIDA,VALLE VIEJO
74857,2025-06-17 10:56:33,SIN SERVICIO (INTERNET),2025-06-18 08:30:06,FERREYRA/BUSTAMANTE,SAN ANTONIO,21187,CAMBIO DE ACOMETIDA,VALLE VIEJO
74863,2025-06-17 11:13:11,SIN SERVICIO (INTERNET),2025-06-17 16:37:56,ABALLAY/SARMIENTO,LA TERCENA,20569,CAMBIO DE ACOMETIDA,VALLE VIEJO
74880,2025-06-17 16:01:20,RED EN EL SUELO,2025-06-21 12:13:27,ABALLAY/SARMIENTO,SAN JOSE,21747,CAMBIO DE ACOMETIDA,VALLE VIEJO
74891,2025-06-17 17:42:48,SIN SERVICIO (INTERNET),2025-06-18 09:40:10,AGUIRRE WALTER OSVALDO,TINOGASTA,2616,CAMBIO DE ACOMETIDA,UNET TINOGASTA
74906,2025-06-17 19:15:20,SIN SERVICIO (INTERNET),2025-06-19 17:23:25,UNZAGA F/ UNZAGA M,SAN JOSE,16240,CAMBIO DE LUGAR DEL CABLE DE ACOMETIDA,VALLE VIEJO
74907,2025-06-17 19:17:16,MODIFICAR BAJADA,2025-06-19 18:45:41,MARTINES PABLO,20 VIVIENDAS,20943,CAMBIO DE TRAMO DE CABLE,CHUMBICHA
74921,2025-06-18 09:42:47,SIN SERVICIO (INTERNET),2025-06-21 08:41:54,JUAN OVEJERO,CENTRO,609,CAMBIO DE ACOMETIDA,UNET TINOGASTA
74933,2025-06-18 10:56:40,NAVEGACION LENTA,2025-06-21 08:41:54,AGUIRRE WALTER OSVALDO,TINOGASTA,9956,CAMBIO DE ACOMETIDA,UNET TINOGASTA
74945,2025-06-18 11:59:57,SIN SERVICIO (INTERNET),2025-06-19 17:23:25,UNZAGA F/ UNZAGA M,SAN ISIDRO,19276,CAMBIO DE ACOMETIDA,VALLE VIEJO
74950,2025-06-18 14:33:13,FUENTE ONT DAÃƒÂ‘ADA,2025-06-23 20:06:12,ABALLAY/SARMIENTO,EL HUECO,15539,CAMBIO DE ACOMETIDA,VALLE VIEJO
74958,2025-06-18 18:21:28,SIN SERVICIO (INTERNET),2025-06-19 17:23:25,UNZAGA F/ UNZAGA M,SAN JOSE,16471,REPARACION DE CABLE CORTADO,VALLE VIEJO
74965,2025-06-18 19:06:08,RED EN EL SUELO,2025-06-21 08:41:54,AGUIRRE WALTER OSVALDO,TINOGASTA,9531,CAMBIO DE ACOMETIDA,UNET TINOGASTA
74982,2025-06-19 10:18:11,SIN SERVICIO (INTERNET),2025-06-21 08:41:54,JUAN OVEJERO,TINOGASTA,762,CAMBIO DE ACOMETIDA,UNET TINOGASTA
75011,2025-06-19 17:39:41,MODIFICAR BAJADA,2025-06-24 18:42:45,FERREYRA/BUSTAMANTE,SANTA ROSA,7389,CAMBIO DE LUGAR DEL CABLE DE ACOMETIDA,VALLE VIEJO
75012,2025-06-19 18:11:36,SIN SERVICIO (INTERNET),2025-06-21 08:41:54,JUAN OVEJERO,TINOGASTA,5143,CAMBIO DE ACOMETIDA,UNET TINOGASTA
75025,2025-06-21 09:52:06,MODIFICAR BAJADA,2025-06-24 10:48:05,MARTINES PABLO,SAN MARTÃƒÂN,21631,CAMBIO DE TRAMO DE CABLE,CHUMBICHA
75031,2025-06-21 10:08:29,SIN SERVICIO (INTERNET),2025-06-23 11:29:34,JUAN OVEJERO,TINOGASTA,9531,CAMBIO DE ACOMETIDA,UNET TINOGASTA
75049,2025-06-23 08:26:40,SIN SERVICIO (INTERNET),2025-06-23 20:06:12,ABALLAY/SARMIENTO,SANTA ROSA,4134,CAMBIO DE ACOMETIDA,VALLE VIEJO
75055,2025-06-23 08:37:39,SIN SERVICIO (INTERNET),2025-06-24 18:42:45,FERREYRA/BUSTAMANTE,SANTA ROSA,21601,CAMBIO DE ACOMETIDA,VALLE VIEJO
75059,2025-06-23 08:47:27,SIN SERVICIO (INTERNET),2025-06-25 17:04:49,FERREYRA/BUSTAMANTE,SUMALAO,18318,CAMBIO DE ACOMETIDA,VALLE VIEJO
75066,2025-06-23 08:54:27,SIN SERVICIO (INTERNET),2025-06-23 17:50:21,UNZAGA F/ UNZAGA M,SANTA ROSA,14959,CAMBIO DE ACOMETIDA,VALLE VIEJO
75071,2025-06-23 09:24:35,SIN SERVICIO (INTERNET),2025-06-23 11:29:34,AGUIRRE WALTER OSVALDO,LA PAZ,2700,CAMBIO DE ACOMETIDA,UNET TINOGASTA
75075,2025-06-23 09:34:56,SIN SERVICIO (INTERNET),2025-06-23 11:29:34,AGUIRRE WALTER OSVALDO,31 VIVIENDAS,3073,CAMBIO DE ACOMETIDA,UNET TINOGASTA
75080,2025-06-23 10:34:20,SIN SERVICIO (INTERNET),2025-06-25 17:04:49,FERREYRA/BUSTAMANTE,SAN JOSE,22129,CAMBIO DE ACOMETIDA,VALLE VIEJO
75150,2025-06-23 17:07:46,SIN SERVICIO (INTERNET),2025-06-24 18:42:45,FERREYRA/BUSTAMANTE,POZO DE MISTOL,23550,CAMBIO DE ACOMETIDA,VALLE VIEJO
75152,2025-06-23 17:08:40,SIN SERVICIO (INTERNET),2025-06-24 18:42:45,FERREYRA/BUSTAMANTE,SUMALAO,8899,CAMBIO DE ACOMETIDA,VALLE VIEJO
75158,2025-06-23 18:17:49,SIN SERVICIO (INTERNET),2025-06-25 08:42:42,JUAN OVEJERO,TINOGASTA,21853,CAMBIO DE ACOMETIDA,UNET TINOGASTA
75162,2025-06-23 19:03:36,SIN SERVICIO (INTERNET),2025-06-24 18:42:45,UNZAGA F/ UNZAGA M,SUMALAO,16912,REPARACION DE CABLE CORTADO,VALLE VIEJO
75165,2025-06-23 19:34:02,MODIFICAR BAJADA,2025-06-26 08:45:58,JUAN OVEJERO,CENTRO,1414,CAMBIO DE ACOMETIDA,UNET TINOGASTA
75206,2025-06-24 10:52:41,SIN SERVICIO (INTERNET),2025-06-26 08:45:58,JUAN OVEJERO,SANTA ROSA,18204,CAMBIO DE ACOMETIDA,UNET TINOGASTA
75229,2025-06-24 19:19:36,SIN SERVICIO (INTERNET),2025-06-26 08:45:58,JUAN OVEJERO,CENTRO,1772,CAMBIO DE ACOMETIDA,UNET TINOGASTA
75315,2025-06-25 18:11:48,SIN SERVICIO (INTERNET),2025-06-26 19:40:59,CARPIO/LOPEZ,LA CARRERA,19034,CAMBIO DE ACOMETIDA,VALLE VIEJO
75319,2025-06-25 18:43:21,PROBLEMAS DE SEÃƒÂ‘AL,2025-06-26 20:33:57,AGUIRRE WALTER OSVALDO,TINOGASTA,23546,CAMBIO DE ACOMETIDA,UNET TINOGASTA
75322,2025-06-25 19:24:35,SIN SERVICIO (INTERNET),2025-06-26 19:40:59,CARPIO/LOPEZ,SAN JOSE,6231,CAMBIO DE ACOMETIDA,VALLE VIEJO
75323,2025-06-25 19:25:01,SIN SERVICIO (INTERNET),2025-06-26 19:40:59,CARPIO/LOPEZ,SAN JOSE,22903,CAMBIO DE ACOMETIDA,VALLE VIEJO
75327,2025-06-25 19:41:23,SIN SERVICIO (INTERNET),2025-06-26 08:45:58,JUAN OVEJERO,TINOGASTA,670,CAMBIO DE ACOMETIDA,UNET TINOGASTA
75348,2025-06-26 13:59:51,SIN SERVICIO (INTERNET),2025-06-27 18:54:36,UNZAGA F/ UNZAGA M,POZO DE MISTOL,20077,REPARACION DE CABLE CORTADO,VALLE VIEJO
75406,2025-06-27 10:51:24,SIN SERVICIO (INTERNET),2025-06-30 08:56:59,JUAN OVEJERO,TINOGASTA,17911,CAMBIO DE ACOMETIDA,UNET TINOGASTA
75436,2025-06-27 18:27:35,SIN SERVICIO (INTERNET),2025-06-30 10:22:49,UNZAGA F/ UNZAGA M,SUMALAO,18381,CAMBIO DE ACOMETIDA,VALLE VIEJO
75438,2025-06-27 19:29:26,SIN SERVICIO (INTERNET),2025-06-30 08:56:59,AGUIRRE WALTER OSVALDO,100 VIVIENDAS,23018,CAMBIO DE ACOMETIDA,UNET TINOGASTA
75541,2025-06-30 12:18:30,MODIFICAR BAJADA,2025-07-03 17:12:24,FERREYRA/BUSTAMANTE,SANTA ROSA,4944,CAMBIO DE ACOMETIDA,VALLE VIEJO
75566,2025-06-30 18:45:52,SIN SERVICIO (INTERNET),2025-07-02 08:51:06,AGUIRRE WALTER OSVALDO,TINOGASTA,17832,CAMBIO DE ACOMETIDA,UNET TINOGASTA
75627,2025-07-01 18:42:16,MODIFICAR BAJADA,2025-07-03 17:12:24,FERREYRA/BUSTAMANTE,SANTA ROSA,21020,CAMBIO DE TRAMO DE CABLE,VALLE VIEJO
75704,2025-07-02 18:14:58,SIN SERVICIO (INTERNET),2025-07-07 09:50:40,MARTINES PABLO,54 VIVIENDAS,21813,REPARACION DE CABLE CORTADO,CHUMBICHA
75747,2025-07-03 17:55:00,SIN SERVICIO,2025-07-07 08:40:47,AGUIRRE WALTER OSVALDO,200 VIVIENDAS,9418,CAMBIO DE ACOMETIDA,UNET TINOGASTA
75754,2025-07-04 08:47:23,SIN SERVICIO (INTERNET),2025-07-07 08:40:47,AGUIRRE WALTER OSVALDO,CENTRO,2368,CAMBIO DE ACOMETIDA,UNET TINOGASTA
75755,2025-07-04 08:48:26,SIN SERVICIO (INTERNET),2025-07-07 08:40:47,AGUIRRE WALTER OSVALDO,CENTRO,473,CAMBIO DE ACOMETIDA,UNET TINOGASTA
75776,2025-07-04 10:40:10,RED EN EL SUELO,2025-07-04 11:04:09,CARPIO/LOPEZ,SAN ANTONIO,9526,CAMBIO DE LUGAR DEL CABLE DE ACOMETIDA,VALLE VIEJO
75823,2025-07-07 09:08:26,SIN SERVICIO (INTERNET),2025-07-07 16:49:52,JULIO DIAZ,CENTRO,20910,CAMBIO DE ACOMETIDA,UNET TINOGASTA
75852,2025-07-07 09:31:27,MODIFICAR BAJADA,2025-07-08 09:50:05,MARTINES PABLO,50 VIVIENDAS,285,CAMBIO DE TRAMO DE CABLE,CHUMBICHA
75880,2025-07-07 10:01:52,SIN SERVICIO (INTERNET),2025-07-07 16:49:52,AGUIRRE WALTER OSVALDO,TINOGASTA,1050,CAMBIO DE ACOMETIDA,UNET TINOGASTA
75883,2025-07-07 10:05:52,SIN SERVICIO (INTERNET),2025-07-08 16:20:56,CARPIO/LOPEZ,SANTA ROSA,22185,CAMBIO DE ACOMETIDA,VALLE VIEJO
75892,2025-07-07 10:52:33,MODIFICAR BAJADA,2025-07-15 18:21:55,CARPIO/LOPEZ,SAN JOSE,20163,CAMBIO DE LUGAR DEL CABLE DE ACOMETIDA,VALLE VIEJO
75897,2025-07-07 10:59:38,SIN SERVICIO (INTERNET),2025-07-08 19:47:07,JUAN OVEJERO,LA PAZ,2700,CAMBIO DE ACOMETIDA,UNET TINOGASTA
75898,2025-07-07 11:02:21,SIN SERVICIO (INTERNET),2025-07-08 19:47:07,JUAN OVEJERO,TINOGASTA,2870,CAMBIO DE ACOMETIDA,UNET TINOGASTA
75909,2025-07-07 11:38:06,RED EN EL SUELO,2025-07-08 19:47:07,AGUIRRE WALTER OSVALDO,TINOGASTA,953,CAMBIO DE ACOMETIDA,UNET TINOGASTA
75931,2025-07-07 16:57:23,SIN SERVICIO (INTERNET),2025-07-08 16:53:04,UNZAGA F/ UNZAGA M,SANTA ROSA,7890,CAMBIO DE ACOMETIDA,VALLE VIEJO
75937,2025-07-07 17:44:34,SIN SERVICIO (INTERNET),2025-07-07 16:49:52,AGUIRRE WALTER OSVALDO,TINOGASTA,741,CAMBIO DE ACOMETIDA,UNET TINOGASTA
75941,2025-07-07 18:41:14,SIN SERVICIO (INTERNET),2025-07-08 18:41:45,UNZAGA F/ UNZAGA M,LA CARRERA,19350,CAMBIO DE LUGAR DEL CABLE DE ACOMETIDA,VALLE VIEJO
75943,2025-07-07 18:47:27,SIN SERVICIO (INTERNET),2025-07-08 16:53:04,UNZAGA F/ UNZAGA M,SANTA ROSA,16032,CAMBIO DE ACOMETIDA,VALLE VIEJO
75953,2025-07-07 19:50:49,SIN SERVICIO (INTERNET),2025-07-08 19:47:07,JUAN OVEJERO,TINOGASTA,20444,CAMBIO DE ACOMETIDA,UNET TINOGASTA
75956,2025-07-08 09:05:29,SIN SERVICIO (INTERNET),2025-07-08 19:47:07,AGUIRRE WALTER OSVALDO,CENTRO,576,CAMBIO DE ACOMETIDA,UNET TINOGASTA
75986,2025-07-08 16:06:51,SIN SERVICIO (INTERNET),2025-07-10 17:03:50,CARPIO/LOPEZ,SANTA ROSA,21669,CAMBIO DE ACOMETIDA,VALLE VIEJO
76076,2025-07-10 10:33:37,SIN SERVICIO (INTERNET),2025-07-10 17:03:50,CARPIO/LOPEZ,SUMALAO,15687,CAMBIO DE ACOMETIDA,VALLE VIEJO
76090,2025-07-10 11:56:08,RED EN EL SUELO,2025-07-15 18:21:55,CARPIO/LOPEZ,EL HUECO,20955,REPARACION DE FO,VALLE VIEJO
76108,2025-07-10 16:32:40,SIN SERVICIO (INTERNET),2025-07-14 11:11:47,ABALLAY/SARMIENTO,LA CARRERA,22007,CAMBIO DE ACOMETIDA,VALLE VIEJO
76112,2025-07-10 16:59:00,SIN SERVICIO (INTERNET),2025-07-11 17:20:53,ABALLAY/SARMIENTO,SANTA ROSA,3249,CAMBIO DE ACOMETIDA,VALLE VIEJO
76141,2025-07-11 10:15:16,SIN SERVICIO (INTERNET),2025-07-14 08:30:31,JUAN OVEJERO,TINOGASTA,6500,CAMBIO DE ACOMETIDA,UNET TINOGASTA
76144,2025-07-11 10:34:06,SIN SERVICIO (INTERNET),2025-07-14 08:30:31,JUAN OVEJERO,TINOGASTA,9613,CAMBIO DE ACOMETIDA,UNET TINOGASTA
76170,2025-07-11 15:44:29,SIN SERVICIO (INTERNET),2025-07-11 18:12:07,ABALLAY/SARMIENTO,SANTA ROSA,3561,CAMBIO DE ACOMETIDA,VALLE VIEJO
76189,2025-07-11 19:44:06,SIN SERVICIO (INTERNET),2025-07-14 08:30:31,AGUIRRE WALTER OSVALDO,CENTRO,21623,CAMBIO DE ACOMETIDA,UNET TINOGASTA
76250,2025-07-14 09:09:07,SIN SERVICIO (INTERNET),2025-07-16 19:04:38,CARPIO/LOPEZ,EL HUECO,9554,CAMBIO DE ACOMETIDA,VALLE VIEJO
76255,2025-07-14 09:34:03,SIN SERVICIO (INTERNET),2025-07-16 19:04:38,CARPIO/LOPEZ,SANTA ROSA,3857,CAMBIO DE ACOMETIDA,VALLE VIEJO
76274,2025-07-14 11:28:24,SIN SERVICIO (INTERNET),2025-07-15 09:41:03,MARTINES PABLO,SAN MARTÃƒÂN,20186,REPARACION DE CABLE CORTADO,CHUMBICHA
76306,2025-07-14 16:06:28,MODIFICAR BAJADA,2025-07-18 17:46:47,FERREYRA/BUSTAMANTE,SUMALAO,17757,CAMBIO DE ACOMETIDA,VALLE VIEJO
76310,2025-07-14 16:58:48,RED EN EL SUELO,2025-07-15 17:45:58,JUAN OVEJERO,TINOGASTA,21904,CAMBIO DE ACOMETIDA,UNET TINOGASTA
76348,2025-07-15 09:40:04,SIN SERVICIO (INTERNET),2025-07-16 16:08:06,FERREYRA/BUSTAMANTE,SANTA ROSA,4710,CAMBIO DE ACOMETIDA,VALLE VIEJO
76354,2025-07-15 10:40:21,SIN SERVICIO (INTERNET),2025-07-16 08:38:45,JUAN OVEJERO,LA PAZ,19256,CAMBIO DE ACOMETIDA,UNET TINOGASTA
76362,2025-07-15 12:19:50,SIN SERVICIO (INTERNET),2025-07-17 18:55:08,JUAN OVEJERO,TINOGASTA,1568,CAMBIO DE ACOMETIDA,UNET TINOGASTA
76407,2025-07-16 09:47:20,MODIFICAR BAJADA,2025-07-23 08:49:32,FERREYRA/BUSTAMANTE,SANTA ROSA,14799,CAMBIO DE ACOMETIDA,VALLE VIEJO
76436,2025-07-16 11:16:11,SIN SERVICIO (INTERNET),2025-07-17 18:55:08,JUAN OVEJERO,TINOGASTA,23427,CAMBIO DE ACOMETIDA,UNET TINOGASTA
76455,2025-07-16 16:52:49,VERIFICAR SERVICIO,2025-07-17 19:11:10,ABALLAY/SARMIENTO,SAN JOSE,9058,CAMBIO DE ACOMETIDA,VALLE VIEJO
76456,2025-07-16 17:03:25,SIN SERVICIO (INTERNET),2025-07-18 17:46:47,CARPIO/LOPEZ,LA TERCENA,17618,CAMBIO DE ACOMETIDA,VALLE VIEJO
76477,2025-07-17 08:54:42,SIN SERVICIO (INTERNET),2025-07-18 17:46:47,ABALLAY/SARMIENTO,SAN JOSE,20226,CAMBIO DE ACOMETIDA,VALLE VIEJO
76498,2025-07-17 11:37:27,VERIFICAR SERVICIO,2025-07-18 17:46:47,ABALLAY/SARMIENTO,SAN JOSE,17033,CAMBIO DE LUGAR DEL CABLE DE ACOMETIDA,VALLE VIEJO
76523,2025-07-17 19:10:44,SIN SERVICIO (INTERNET),2025-07-18 17:46:47,CARPIO/LOPEZ,LA FALDA DE SAN ANTONIO,8828,CAMBIO DE ACOMETIDA,VALLE VIEJO
76594,2025-07-18 18:22:45,SIN SERVICIO (INTERNET),2025-07-21 19:08:56,CARPIO/LOPEZ,SANTA ROSA,5680,CAMBIO DE ACOMETIDA,VALLE VIEJO
76611,2025-07-19 09:59:45,SIN SERVICIO (INTERNET),2025-07-21 19:08:56,CARPIO/LOPEZ,SANTA ROSA,6855,CAMBIO DE LUGAR DEL CABLE DE ACOMETIDA,VALLE VIEJO
76694,2025-07-21 17:39:48,SIN SERVICIO (INTERNET),2025-07-23 08:49:32,FERREYRA/BUSTAMANTE,SANTA ROSA,7575,CAMBIO DE ACOMETIDA,VALLE VIEJO
76697,2025-07-21 19:08:52,SIN SERVICIO (INTERNET),2025-07-22 09:51:44,JUAN OVEJERO,ANTENA SATELITAL,1845,CAMBIO DE ACOMETIDA,UNET TINOGASTA
76714,2025-07-22 09:24:11,SIN SERVICIO (INTERNET),2025-07-23 18:51:28,JUAN OVEJERO,80 VIVIENDAS,16465,CAMBIO DE ACOMETIDA,UNET TINOGASTA
76732,2025-07-22 10:56:59,ENGRAMPAR CABLE A DECO TV,2025-07-26 09:11:12,JUAN OVEJERO,JARDIN,2003,CAMBIO DE ACOMETIDA,UNET TINOGASTA
76734,2025-07-22 11:10:07,SIN SERVICIO (INTERNET),2025-07-23 18:51:28,JUAN OVEJERO,TINOGASTA,717,CAMBIO DE ACOMETIDA,UNET TINOGASTA
76774,2025-07-22 16:27:31,SIN SERVICIO (INTERNET),2025-07-23 18:06:01,CARPIO/LOPEZ,SAN JOSE,15333,CAMBIO DE ACOMETIDA,VALLE VIEJO
76789,2025-07-23 09:19:38,SIN SERVICIO (INTERNET),2025-07-25 08:52:18,JUAN OVEJERO,TINOGASTA,21853,CAMBIO DE ACOMETIDA,UNET TINOGASTA
76814,2025-07-23 10:35:08,SIN SERVICIO (INTERNET),2025-07-24 17:47:17,CARPIO/LOPEZ,SANTA ROSA,3342,CAMBIO DE ACOMETIDA,VALLE VIEJO
76883,2025-07-23 16:58:11,SIN SERVICIO (INTERNET),2025-07-25 17:32:23,CARPIO/LOPEZ,SAN ISIDRO,18005,CAMBIO DE ACOMETIDA,VALLE VIEJO
76892,2025-07-23 19:08:13,SIN SERVICIO (INTERNET),2025-07-25 08:52:18,JUAN OVEJERO,CENTRO,20279,CAMBIO DE ACOMETIDA,UNET TINOGASTA
76945,2025-07-25 10:56:05,SIN SERVICIO (INTERNET),2025-07-28 08:56:09,SOSA/ARAGON,AGUAS VERDES,22414,CAMBIO DE ACOMETIDA,EL RODEO
76949,2025-07-25 11:27:34,CABLE A DECO TV DAÃƒÂ‘ADO,2025-07-29 18:16:19,CARPIO/LOPEZ,SUMALAO,19750,CAMBIO DE ACOMETIDA,VALLE VIEJO
76953,2025-07-25 11:45:48,PROBLEMAS DE SEÃƒÂ‘AL,2025-07-28 18:51:32,JUAN OVEJERO,TINOGASTA,2297,CAMBIO DE ACOMETIDA,UNET TINOGASTA
76976,2025-07-26 09:10:31,SIN SERVICIO (INTERNET),2025-07-26 11:30:50,JUAN OVEJERO,ESTACION NORTE,16652,CAMBIO DE ACOMETIDA,UNET TINOGASTA
76981,2025-07-26 09:56:18,SIN SERVICIO (INTERNET),2025-08-01 09:39:11,MARTINES PABLO,SAN CAYETANO,5483,REPARACION DE CABLE CORTADO,CHUMBICHA
77009,2025-07-28 09:28:47,SIN SERVICIO (INTERNET),2025-07-31 09:02:41,JULIO DIAZ,TINOGASTA,16053,CAMBIO DE ACOMETIDA,UNET TINOGASTA
77010,2025-07-28 09:33:22,SIN SERVICIO (INTERNET),2025-07-28 18:51:32,JULIO DIAZ,TINOGASTA,2537,CAMBIO DE ACOMETIDA,UNET TINOGASTA
77059,2025-07-28 16:16:24,SIN SERVICIO (INTERNET),2025-07-29 18:16:19,CARPIO/LOPEZ,SANTA ROSA,6757,CAMBIO DE ACOMETIDA,VALLE VIEJO
77064,2025-07-28 17:22:26,RED EN EL SUELO,2025-07-29 16:35:26,JULIO DIAZ,80 VIVIENDAS,2269,CAMBIO DE ACOMETIDA,UNET TINOGASTA
77101,2025-07-29 11:51:58,SIN SERVICIO (INTERNET),2025-08-01 09:09:05,JULIO DIAZ,TINOGASTA,21779,CAMBIO DE ACOMETIDA,UNET TINOGASTA
77121,2025-07-29 18:45:30,RED EN EL SUELO,2025-07-31 09:02:41,JULIO DIAZ,SAN JUAN BAUTISTA,930,CAMBIO DE ACOMETIDA,UNET TINOGASTA
77124,2025-07-29 19:15:43,SIN SERVICIO (INTERNET),2025-07-31 18:19:08,CARPIO/LOPEZ,SAN JOSE,16985,CAMBIO DE ACOMETIDA,VALLE VIEJO
77150,2025-07-30 09:25:18,SIN SERVICIO (INTERNET),2025-07-30 18:59:29,UNET SOPORTE VV,SUMALAO,14777,REPARACION DE FO,VALLE VIEJO
77151,2025-07-30 09:43:09,SIN SERVICIO (INTERNET),2025-07-30 18:59:29,FERREYRA/BUSTAMANTE,POLCOS,5286,CAMBIO DE ACOMETIDA,VALLE VIEJO
77160,2025-07-30 10:26:46,SIN SERVICIO (INTERNET),2025-07-30 18:59:29,UNET SOPORTE VV,POLCOS,21592,REPARACION DE FO,VALLE VIEJO
77165,2025-07-30 10:51:57,SIN SERVICIO (INTERNET),2025-08-04 08:10:53,FERREYRA/BUSTAMANTE,SAN ANTONIO,19934,CAMBIO DE ACOMETIDA,VALLE VIEJO
77170,2025-07-30 11:11:23,SIN SERVICIO (INTERNET),2025-08-02 08:30:46,JUAN OVEJERO,TINOGASTA,329,CAMBIO DE ACOMETIDA,UNET TINOGASTA
77172,2025-07-30 11:26:04,SIN SERVICIO (INTERNET),2025-07-30 18:59:29,FERREYRA/BUSTAMANTE,LA CARRERA,22007,CAMBIO DE ACOMETIDA,VALLE VIEJO
77178,2025-07-30 11:36:44,SIN SERVICIO (INTERNET),2025-07-30 18:59:29,UNET SOPORTE VV,POLCOS,14697,REPARACION DE FO,VALLE VIEJO
77182,2025-07-30 12:02:15,SIN SERVICIO (INTERNET),2025-07-30 18:59:29,UNET SOPORTE VV,POLCOS,20970,REPARACION DE FO,VALLE VIEJO
77193,2025-07-30 18:12:23,SIN SERVICIO (INTERNET),2025-08-01 09:09:05,JUAN OVEJERO,TINOGASTA,1880,CAMBIO DE ACOMETIDA,UNET TINOGASTA
77215,2025-07-31 08:38:51,SIN SERVICIO (INTERNET),2025-08-01 18:00:56,FERREYRA/BUSTAMANTE,SUMALAO,14777,CAMBIO DE ACOMETIDA,VALLE VIEJO
77216,2025-07-31 08:44:16,SIN SERVICIO (INTERNET),2025-08-05 19:10:07,CARPIO/LOPEZ,LA CARRERA,21965,CAMBIO DE ACOMETIDA,VALLE VIEJO
77222,2025-07-31 09:24:17,SIN SERVICIO (INTERNET),2025-08-01 09:09:05,JULIO DIAZ,100 VIVIENDAS,9337,CAMBIO DE ACOMETIDA,UNET TINOGASTA
77249,2025-07-31 12:12:13,SIN SERVICIO (INTERNET),2025-08-05 08:39:35,JULIO DIAZ,TINOGASTA,397,CAMBIO DE ACOMETIDA,UNET TINOGASTA
77251,2025-07-31 12:15:48,SIN SERVICIO (INTERNET),2025-08-04 09:26:35,ABALLAY/SARMIENTO,POLCOS,3887,CAMBIO DE ACOMETIDA,VALLE VIEJO
77266,2025-07-31 16:05:19,SIN SERVICIO (INTERNET),2025-08-04 09:26:35,FERREYRA/BUSTAMANTE,SAN JOSE,7906,CAMBIO DE ACOMETIDA,VALLE VIEJO
77284,2025-07-31 18:24:34,SIN SERVICIO (INTERNET),2025-08-04 09:26:35,ABALLAY/SARMIENTO,SANTA ROSA,4507,CAMBIO DE ACOMETIDA,VALLE VIEJO
77286,2025-07-31 19:03:31,SIN SERVICIO (INTERNET),2025-08-05 08:39:35,JULIO DIAZ,ESTACION NORTE,454,CAMBIO DE ACOMETIDA,UNET TINOGASTA
77292,2025-07-31 19:47:40,SIN SERVICIO (INTERNET),2025-08-05 08:39:35,JULIO DIAZ,100 VIVIENDAS,2059,CAMBIO DE ACOMETIDA,UNET TINOGASTA
77301,2025-08-01 09:16:45,SIN SERVICIO (INTERNET),2025-08-05 12:19:06,JULIO DIAZ,50 VIVIENDAS,23632,CAMBIO DE ACOMETIDA,UNET TINOGASTA
77305,2025-08-01 09:38:54,PROBLEMAS DE SEÃƒÂ‘AL,2025-08-05 09:55:16,MARTINES PABLO,SAN MARTÃƒÂN,47,CAMBIO DE TRAMO DE CABLE,CHUMBICHA
77311,2025-08-01 10:19:50,CABLE HDMI/RCA DAÃƒÂ‘ADO,2025-08-05 19:01:09,AGUIRRE WALTER OSVALDO,VILLA SAN ROQUE,7511,CAMBIO DE ACOMETIDA,UNET TINOGASTA
77326,2025-08-01 12:16:11,SIN SERVICIO (INTERNET),2025-08-05 19:01:09,AGUIRRE WALTER OSVALDO,TINOGASTA,22926,CAMBIO DE ACOMETIDA,UNET TINOGASTA
77339,2025-08-01 16:23:46,SIN SERVICIO (INTERNET),2025-08-04 09:26:35,FERREYRA/BUSTAMANTE,POZO DE MISTOL,16565,CAMBIO DE ACOMETIDA,VALLE VIEJO
77346,2025-08-01 17:16:07,SIN SERVICIO (INTERNET),2025-08-04 09:26:35,FERREYRA/BUSTAMANTE,SAN ANTONIO,20000,CAMBIO DE ACOMETIDA,VALLE VIEJO
77349,2025-08-01 18:05:23,SIN SERVICIO (INTERNET),2025-08-04 09:26:35,FERREYRA/BUSTAMANTE,POZO DE MISTOL,9660,CAMBIO DE ACOMETIDA,VALLE VIEJO
77352,2025-08-01 18:38:49,RED ELECTRIFICADA,2025-08-05 08:39:35,AGUIRRE WALTER OSVALDO,ESTACION NORTE,6782,CAMBIO DE ACOMETIDA,UNET TINOGASTA
77354,2025-08-01 19:08:31,SIN SERVICIO (INTERNET),2025-08-05 08:39:35,AGUIRRE WALTER OSVALDO,TINOGASTA,901,CAMBIO DE ACOMETIDA,UNET TINOGASTA
77356,2025-08-01 19:36:02,SIN SERVICIO (INTERNET),2025-08-05 12:19:06,JULIO DIAZ,TINOGASTA,15514,CAMBIO DE ACOMETIDA,UNET TINOGASTA
77357,2025-08-01 19:40:43,SIN SERVICIO (INTERNET),2025-08-05 12:19:06,JULIO DIAZ,TINOGASTA,1544,CAMBIO DE ACOMETIDA,UNET TINOGASTA
77359,2025-08-01 19:41:50,SIN SERVICIO (INTERNET),2025-08-04 09:01:43,JULIO DIAZ,LA PAZ,7780,REPARACION DE FO,UNET TINOGASTA
77377,2025-08-02 11:08:49,SIN SERVICIO (INTERNET),2025-08-05 08:39:35,AGUIRRE WALTER OSVALDO,TINOGASTA,23179,CAMBIO DE ACOMETIDA,UNET TINOGASTA
77381,2025-08-02 11:38:34,SIN SERVICIO (INTERNET),2025-08-05 19:01:09,AGUIRRE WALTER OSVALDO,SANTA ROSA,1491,CAMBIO DE ACOMETIDA,UNET TINOGASTA
77396,2025-08-02 12:19:00,SIN SERVICIO (INTERNET),2025-08-04 18:26:25,CARPIO/LOPEZ,POZO DE MISTOL,22389,CAMBIO DE ACOMETIDA,VALLE VIEJO
77400,2025-08-04 08:45:29,SIN SERVICIO (INTERNET),2025-08-05 19:10:07,CARPIO/LOPEZ,SAN ANTONIO,15322,CAMBIO DE ACOMETIDA,VALLE VIEJO
77403,2025-08-04 09:01:32,SIN SERVICIO (INTERNET),2025-08-05 08:39:35,AGUIRRE WALTER OSVALDO,70 VIVIENDAS,911,CAMBIO DE ACOMETIDA,UNET TINOGASTA
77407,2025-08-04 09:26:01,SIN SERVICIO (INTERNET),2025-08-04 18:06:27,ABALLAY/SARMIENTO,SAN ISIDRO,4925,CAMBIO DE ACOMETIDA,VALLE VIEJO
77414,2025-08-04 09:53:06,SIN SERVICIO (INTERNET),2025-08-04 09:53:26,FERREYRA/BUSTAMANTE,SANTA ROSA,21630,CAMBIO DE ACOMETIDA,VALLE VIEJO
77415,2025-08-04 09:53:59,SIN SERVICIO (INTERNET),2025-08-05 08:39:35,AGUIRRE WALTER OSVALDO,TINOGASTA,21033,CAMBIO DE ACOMETIDA,UNET TINOGASTA
77418,2025-08-04 10:12:32,SIN SERVICIO (INTERNET),2025-08-06 18:30:44,CARPIO/LOPEZ,VILLA DOLORES,20739,CAMBIO DE ACOMETIDA,VALLE VIEJO
77424,2025-08-04 10:24:46,SIN SERVICIO (INTERNET),2025-08-06 08:55:43,AGUIRRE WALTER OSVALDO,TINOGASTA,19258,CAMBIO DE ACOMETIDA,UNET TINOGASTA
77429,2025-08-04 10:58:15,SIN SERVICIO (INTERNET),2025-08-07 16:05:13,CARPIO/LOPEZ,POZO DE MISTOL,23115,CAMBIO DE ACOMETIDA,VALLE VIEJO
77430,2025-08-04 11:20:06,SIN SERVICIO (INTERNET),2025-08-06 18:30:44,CARPIO/LOPEZ,POLCOS,6287,CAMBIO DE ACOMETIDA,VALLE VIEJO
77437,2025-08-04 12:44:52,SIN SERVICIO (INTERNET),2025-08-06 18:53:26,CARPIO/LOPEZ,SAN JOSE,20103,CAMBIO DE ACOMETIDA,VALLE VIEJO
77474,2025-08-04 18:38:48,SIN SERVICIO (INTERNET),2025-08-05 19:01:09,AGUIRRE WALTER OSVALDO,PROGRESO,2621,CAMBIO DE ACOMETIDA,UNET TINOGASTA
77476,2025-08-04 18:43:00,MODIFICAR BAJADA,2025-08-08 19:23:53,FERREYRA/BUSTAMANTE,SANTA ROSA,4188,CAMBIO DE ACOMETIDA,VALLE VIEJO
77479,2025-08-04 19:16:02,SIN SERVICIO,2025-08-05 12:19:06,JULIO DIAZ,200 VIVIENDAS,14457,CAMBIO DE ACOMETIDA,UNET TINOGASTA
77483,2025-08-04 19:54:52,SIN SERVICIO (INTERNET),2025-08-07 08:40:58,AGUIRRE WALTER OSVALDO,CENTRO,1976,CAMBIO DE ACOMETIDA,UNET TINOGASTA
77504,2025-08-05 09:54:49,MODIFICAR BAJADA,2025-08-11 11:26:43,MARTINES PABLO,40 VIVIENDAS SUR,196,CAMBIO DE TRAMO DE CABLE,CHUMBICHA
77532,2025-08-05 12:18:59,SIN SERVICIO (INTERNET),2025-08-06 08:55:43,AGUIRRE WALTER OSVALDO,TINOGASTA,901,CAMBIO DE ACOMETIDA,UNET TINOGASTA
77551,2025-08-05 16:31:14,SIN SERVICIO (INTERNET),2025-08-06 18:30:44,CARPIO/LOPEZ,SANTA ROSA,16153,CAMBIO DE ACOMETIDA,VALLE VIEJO
77554,2025-08-05 16:52:34,SIN SERVICIO (INTERNET),2025-08-07 16:05:13,CARPIO/LOPEZ,SANTA ROSA,22379,CAMBIO DE ACOMETIDA,VALLE VIEJO
77559,2025-08-05 18:11:59,SIN SERVICIO (INTERNET),2025-08-07 16:05:13,CARPIO/LOPEZ,POZO DE MISTOL,7276,CAMBIO DE ACOMETIDA,VALLE VIEJO
77588,2025-08-06 09:06:32,SIN SERVICIO (INTERNET),2025-08-08 19:23:53,FERREYRA/BUSTAMANTE,SAN ANTONIO,7818,CAMBIO DE ACOMETIDA,VALLE VIEJO
77596,2025-08-06 10:14:54,SIN SERVICIO (INTERNET),2025-08-08 19:23:53,FERREYRA/BUSTAMANTE,EL BAÃƒÂ‘ADO,9392,CAMBIO DE ACOMETIDA,VALLE VIEJO
77603,2025-08-06 11:04:13,PROBLEMAS DE SEÃƒÂ‘AL,2025-08-08 19:23:53,FERREYRA/BUSTAMANTE,SAN ISIDRO,6468,CAMBIO DE ACOMETIDA,VALLE VIEJO
77609,2025-08-06 11:53:27,PROBLEMAS DE SEÃƒÂ‘AL,2025-08-11 11:26:43,MARTINES PABLO,SAN MARTÃƒÂN,8243,CAMBIO DE TRAMO DE CABLE,CHUMBICHA
77628,2025-08-06 17:31:27,SIN SERVICIO (INTERNET),2025-08-07 16:05:13,CARPIO/LOPEZ,SAN ANTONIO,3349,CAMBIO DE ACOMETIDA,VALLE VIEJO
77640,2025-08-06 20:19:26,SIN SERVICIO (INTERNET),2025-08-08 08:47:35,JUAN OVEJERO,LOS GUAYTIMAS,23891,CAMBIO DE ACOMETIDA,UNET TINOGASTA
77645,2025-08-07 09:16:12,SIN SERVICIO (INTERNET),2025-08-09 08:58:40,AGUIRRE WALTER OSVALDO,TINOGASTA,7920,CAMBIO DE ACOMETIDA,UNET TINOGASTA
77647,2025-08-07 09:39:54,MODIFICAR BAJADA,2025-08-19 17:23:36,MARTINES PABLO,CENTRO,706,CAMBIO DE TRAMO DE CABLE,CHUMBICHA
77656,2025-08-07 10:15:04,DECO TV SIN SEÃƒÂ‘AL,2025-08-09 08:58:40,AGUIRRE WALTER OSVALDO,50 VIVIENDAS,1557,CAMBIO DE ACOMETIDA,UNET TINOGASTA
77674,2025-08-07 12:17:22,SIN SERVICIO,2025-08-09 08:58:40,JUAN OVEJERO,TINOGASTA,14195,CAMBIO DE ACOMETIDA,UNET TINOGASTA
77726,2025-08-08 12:58:59,VERIFICAR SERVICIO,2025-08-08 15:05:28,ARAGON - SOSA,BANDA SUD (ZONA 2),23105,CAMBIO DE ACOMETIDA,LA PUERTA
77738,2025-08-08 18:41:43,SIN SERVICIO (INTERNET),2025-08-11 11:01:21,UNZAGA F/ UNZAGA M,SAN ANTONIO,8816,REPARACION DE CABLE CORTADO,VALLE VIEJO
77747,2025-08-09 09:35:31,SIN SERVICIO (INTERNET),2025-08-13 08:37:40,AGUIRRE WALTER OSVALDO,TINOGASTA,7920,CAMBIO DE ACOMETIDA,UNET TINOGASTA
77758,2025-08-09 11:04:33,PROBLEMAS DE SEÃƒÂ‘AL,2025-08-13 10:42:32,ABALLAY/SARMIENTO,SANTA ROSA,8003,CAMBIO DE ACOMETIDA,VALLE VIEJO
77790,2025-08-11 08:19:53,SIN SERVICIO (INTERNET),2025-08-11 18:01:03,CARPIO/LOPEZ,SAN ANTONIO,4039,CAMBIO DE ACOMETIDA,VALLE VIEJO
77802,2025-08-11 09:42:22,SIN SERVICIO (INTERNET),2025-08-13 19:34:08,CARPIO/LOPEZ,EL HUECO,8526,CAMBIO DE ACOMETIDA,VALLE VIEJO
77814,2025-08-11 11:22:47,MODIFICAR BAJADA,2025-08-14 19:32:38,CARPIO/LOPEZ,SAN ISIDRO,23892,CAMBIO DE LUGAR DEL CABLE DE ACOMETIDA,VALLE VIEJO
77816,2025-08-11 11:28:29,SIN SERVICIO (INTERNET),2025-08-12 17:15:34,CARPIO/LOPEZ,SAN ANTONIO,18184,CAMBIO DE ACOMETIDA,VALLE VIEJO
77852,2025-08-11 16:39:35,SIN SERVICIO (INTERNET),2025-08-12 17:15:34,CARPIO/LOPEZ,SAN JOSE,14663,CAMBIO DE ACOMETIDA,VALLE VIEJO
77853,2025-08-11 16:42:08,SIN SERVICIO (INTERNET),2025-08-12 17:15:34,CARPIO/LOPEZ,SANTA ROSA,2882,CAMBIO DE ACOMETIDA,VALLE VIEJO
77857,2025-08-11 17:21:16,SIN SERVICIO (INTERNET),2025-08-13 19:34:08,CARPIO/LOPEZ,SANTA ROSA,16933,CAMBIO DE ACOMETIDA,VALLE VIEJO
77862,2025-08-11 17:35:29,PROBLEMAS DE SEÃƒÂ‘AL,2025-08-15 08:41:57,AGUIRRE WALTER OSVALDO,TINOGASTA,21284,CAMBIO DE ACOMETIDA,UNET TINOGASTA
77868,2025-08-11 18:31:00,SIN SERVICIO (INTERNET),2025-08-12 17:15:34,CARPIO/LOPEZ,SANTA ROSA,5941,CAMBIO DE ACOMETIDA,VALLE VIEJO
77871,2025-08-11 18:42:07,SIN SERVICIO (INTERNET),2025-08-12 17:15:34,CARPIO/LOPEZ,SANTA ROSA,5260,CAMBIO DE ACOMETIDA,VALLE VIEJO
77881,2025-08-11 19:56:13,SIN SERVICIO (INTERNET),2025-08-13 19:34:08,CARPIO/LOPEZ,SAN JOSE,15079,CAMBIO DE ACOMETIDA,VALLE VIEJO
77901,2025-08-12 09:59:51,VERIFICAR SERVICIO,2025-08-12 17:58:14,MARTINES PABLO,LAS FLORES,15528,CAMBIO DE TRAMO DE CABLE,CHUMBICHA
77917,2025-08-12 14:51:53,SIN SERVICIO (INTERNET),2025-08-14 10:53:18,ABALLAY/SARMIENTO,SAN JOSE,14613,CAMBIO DE ACOMETIDA,VALLE VIEJO
77921,2025-08-12 17:05:18,SIN SERVICIO (INTERNET),2025-08-14 10:53:18,ABALLAY/SARMIENTO,SANTA ROSA,8299,CAMBIO DE ACOMETIDA,VALLE VIEJO
77922,2025-08-12 17:26:35,SIN SERVICIO (INTERNET),2025-08-14 10:53:18,ABALLAY/SARMIENTO,SAN ISIDRO,20969,CAMBIO DE ACOMETIDA,VALLE VIEJO
77923,2025-08-12 17:32:02,SIN SERVICIO (INTERNET),2025-08-13 19:34:08,CARPIO/LOPEZ,SAN JOSE,16471,CAMBIO DE ACOMETIDA,VALLE VIEJO
77924,2025-08-12 17:35:31,SIN SERVICIO (INTERNET),2025-08-13 19:34:08,CARPIO/LOPEZ,SAN JOSE,7583,CAMBIO DE ACOMETIDA,VALLE VIEJO
77925,2025-08-12 17:39:42,SIN SERVICIO (INTERNET),2025-08-13 19:34:08,CARPIO/LOPEZ,EL HUECO,16135,CAMBIO DE ACOMETIDA,VALLE VIEJO
77937,2025-08-13 09:23:05,SIN SERVICIO (INTERNET),2025-08-14 19:32:38,FERREYRA/BUSTAMANTE,SAN JOSÃƒÂ‰,23946,CAMBIO DE ACOMETIDA,VALLE VIEJO
77982,2025-08-13 17:38:29,SIN SERVICIO (INTERNET),2025-08-18 11:37:29,AGUIRRE WALTER OSVALDO,70 VIVIENDAS,309,CAMBIO DE ACOMETIDA,UNET TINOGASTA
77989,2025-08-13 18:38:35,SIN SERVICIO (INTERNET),2025-08-18 11:37:29,AGUIRRE WALTER OSVALDO,LA PAZ,2845,CAMBIO DE ACOMETIDA,UNET TINOGASTA
77992,2025-08-13 18:50:57,SIN SERVICIO (INTERNET),2025-08-18 11:37:29,AGUIRRE WALTER OSVALDO,COOPERATIVA,2572,CAMBIO DE ACOMETIDA,UNET TINOGASTA
77994,2025-08-13 18:59:50,SIN SERVICIO (INTERNET),2025-08-18 08:30:53,FERREYRA/BUSTAMANTE,LA CHACARITA,18463,CAMBIO DE ACOMETIDA,VALLE VIEJO
77995,2025-08-13 19:07:33,SIN SERVICIO (INTERNET),2025-08-18 11:37:29,AGUIRRE WALTER OSVALDO,100 VIVIENDAS,1387,CAMBIO DE ACOMETIDA,UNET TINOGASTA
77996,2025-08-13 19:14:43,SIN SERVICIO (INTERNET),2025-08-14 19:32:38,CARPIO/LOPEZ,SAN ISIDRO,16197,CAMBIO DE ACOMETIDA,VALLE VIEJO
78009,2025-08-14 11:38:15,MAS DE 1 PROBLEMA IDENTIFICADO,2025-08-21 11:14:37,MARTINES PABLO,HOSPITAL,18553,CAMBIO DE TRAMO DE CABLE,CHUMBICHA
78018,2025-08-14 16:02:22,SIN SERVICIO (INTERNET),2025-08-18 17:10:06,CARPIO/LOPEZ,LA FALDA DE SAN ANTONIO,16757,CAMBIO DE ACOMETIDA,VALLE VIEJO
78020,2025-08-14 16:07:09,SIN SERVICIO (INTERNET),2025-08-18 17:10:06,UNET SOPORTE VV,SAN ISIDRO,3235,REPARACION DE FO,VALLE VIEJO
78022,2025-08-14 17:33:12,SIN SERVICIO (INTERNET),2025-08-18 17:10:06,CARPIO/LOPEZ,SAN ISIDRO,9198,REPARACION DE FO,VALLE VIEJO
78023,2025-08-14 17:37:47,SIN SERVICIO (INTERNET),2025-08-18 17:10:06,UNET SOPORTE VV,SAN ISIDRO,4321,REPARACION DE FO,VALLE VIEJO
78026,2025-08-14 18:16:32,SIN SERVICIO (INTERNET),2025-08-19 18:59:32,CARPIO/LOPEZ,SANTA ROSA,4788,CAMBIO DE ACOMETIDA,VALLE VIEJO
78030,2025-08-14 19:16:31,SIN SERVICIO (INTERNET),2025-08-18 17:10:06,CARPIO/LOPEZ,POZO DE MISTOL,5583,CAMBIO DE ACOMETIDA,VALLE VIEJO
78037,2025-08-15 09:39:03,SIN SERVICIO (INTERNET),2025-08-18 17:10:06,UNET SOPORTE VV,SAN ISIDRO,9480,REPARACION DE FO,VALLE VIEJO
78041,2025-08-15 10:34:06,SIN SERVICIO (INTERNET),2025-08-19 20:05:43,AGUIRRE WALTER OSVALDO,CENTRO,772,CAMBIO DE ACOMETIDA,UNET TINOGASTA
78042,2025-08-15 10:40:12,SIN SERVICIO (INTERNET),2025-08-19 08:57:15,ABALLAY/SARMIENTO,SAN JOSE,14839,CAMBIO DE ACOMETIDA,VALLE VIEJO
78070,2025-08-18 08:29:12,SIN SERVICIO (INTERNET),2025-08-19 17:23:36,MARTINES PABLO,CENTRO,5462,REPARACION DE CABLE CORTADO,CHUMBICHA
78072,2025-08-18 08:38:22,SIN SERVICIO (INTERNET),2025-08-20 18:02:13,CARPIO/LOPEZ,POZO DE MISTOL,4210,CAMBIO DE ACOMETIDA,VALLE VIEJO
78074,2025-08-18 08:43:07,SIN SERVICIO (INTERNET),2025-08-19 08:35:33,AGUIRRE WALTER OSVALDO,CENTRO,2475,CAMBIO DE ACOMETIDA,UNET TINOGASTA
78088,2025-08-18 10:04:36,SIN SERVICIO (INTERNET),2025-08-20 10:18:09,ABALLAY/SARMIENTO,SAN JOSE,19118,CAMBIO DE ACOMETIDA,VALLE VIEJO
78096,2025-08-18 10:51:37,SIN SERVICIO (INTERNET),2025-08-20 10:18:09,ABALLAY/SARMIENTO,LA TERCENA,18690,CAMBIO DE ACOMETIDA,VALLE VIEJO
78097,2025-08-18 11:05:31,SIN SERVICIO (INTERNET),2025-08-19 18:59:32,CARPIO/LOPEZ,SANTA ROSA,4529,CAMBIO DE ACOMETIDA,VALLE VIEJO
78098,2025-08-18 11:16:05,SIN SERVICIO (INTERNET),2025-08-19 20:05:43,JUAN OVEJERO,100 VIVIENDAS,8064,CAMBIO DE ACOMETIDA,UNET TINOGASTA
78099,2025-08-18 11:16:10,SIN SERVICIO (INTERNET),2025-08-21 17:17:51,CARPIO/LOPEZ,BANDA DE VARELA,19620,CAMBIO DE ACOMETIDA,VALLE VIEJO
78110,2025-08-18 12:15:17,SIN SERVICIO (INTERNET),2025-08-22 08:33:33,JUAN OVEJERO,SANTA ROSA,7261,CAMBIO DE ACOMETIDA,UNET TINOGASTA
78113,2025-08-18 12:19:23,SIN SERVICIO (INTERNET),2025-08-19 20:05:43,AGUIRRE WALTER OSVALDO,TINOGASTA,15762,CAMBIO DE ACOMETIDA,UNET TINOGASTA
78116,2025-08-18 12:34:31,SIN SERVICIO (INTERNET),2025-08-19 20:05:43,AGUIRRE WALTER OSVALDO,LA PAZ,18085,CAMBIO DE ACOMETIDA,UNET TINOGASTA
78118,2025-08-18 12:37:31,SIN SERVICIO (INTERNET),2025-08-19 20:05:43,AGUIRRE WALTER OSVALDO,TINOGASTA,18328,CAMBIO DE ACOMETIDA,UNET TINOGASTA
78127,2025-08-18 16:30:08,SIN SERVICIO (INTERNET),2025-08-20 18:02:13,CARPIO/LOPEZ,LA CARRERA,18532,CAMBIO DE ACOMETIDA,VALLE VIEJO
78144,2025-08-18 18:59:52,VERIFICAR SERVICIO,2025-08-22 08:33:33,JUAN OVEJERO,TINOGASTA,21887,CAMBIO DE ACOMETIDA,UNET TINOGASTA
78148,2025-08-18 19:11:03,SIN SERVICIO (INTERNET),2025-08-21 08:47:08,AGUIRRE WALTER OSVALDO,CENTRO,2306,CAMBIO DE ACOMETIDA,UNET TINOGASTA
78165,2025-08-19 09:54:40,SIN SERVICIO (INTERNET),2025-08-21 08:47:08,JUAN OVEJERO,200 VIVIENDAS,2253,CAMBIO DE ACOMETIDA,UNET TINOGASTA
78166,2025-08-19 09:55:04,SIN SERVICIO (INTERNET),2025-08-21 08:47:08,AGUIRRE WALTER OSVALDO,TINOGASTA,2848,CAMBIO DE ACOMETIDA,UNET TINOGASTA
78220,2025-08-19 18:37:23,SIN SERVICIO (INTERNET),2025-08-21 08:47:08,AGUIRRE WALTER OSVALDO,CENTRO,1469,CAMBIO DE ACOMETIDA,UNET TINOGASTA
78240,2025-08-20 10:15:49,SIN SERVICIO (INTERNET),2025-08-22 08:33:33,JUAN OVEJERO,100 VIVIENDAS,8064,CAMBIO DE ACOMETIDA,UNET TINOGASTA
78253,2025-08-20 12:12:51,MODIFICAR BAJADA,2025-08-29 16:32:51,FERREYRA/BUSTAMANTE,SUMALAO,9415,CAMBIO DE ACOMETIDA,VALLE VIEJO
78285,2025-08-21 08:52:04,SIN SERVICIO (INTERNET),2025-08-22 08:33:33,AGUIRRE WALTER OSVALDO,CENTRO,857,CAMBIO DE ACOMETIDA,UNET TINOGASTA
78292,2025-08-21 09:36:08,SIN SERVICIO (INTERNET),2025-08-22 17:18:31,CARPIO/LOPEZ,SANTA ROSA,6130,CAMBIO DE ACOMETIDA,VALLE VIEJO
78295,2025-08-21 09:56:30,SIN SERVICIO (INTERNET),2025-08-22 17:18:31,CARPIO/LOPEZ,20 VIVIENDAS,16607,CAMBIO DE ACOMETIDA,VALLE VIEJO
78304,2025-08-21 12:27:08,SIN SERVICIO (INTERNET),2025-08-21 15:26:36,SOSA/ARAGON,EL RODEO,22952,CAMBIO DE ACOMETIDA,EL RODEO
78305,2025-08-21 12:29:30,SIN SERVICIO (INTERNET),2025-08-22 17:18:31,CARPIO/LOPEZ,SAN ISIDRO,20546,CAMBIO DE ACOMETIDA,VALLE VIEJO
78315,2025-08-21 17:13:08,SIN SERVICIO (INTERNET),2025-08-22 17:18:31,CARPIO/LOPEZ,POZO DE MISTOL,9079,CAMBIO DE ACOMETIDA,VALLE VIEJO
78322,2025-08-21 19:22:45,SIN SERVICIO (INTERNET),2025-08-23 10:29:39,AGUIRRE WALTER OSVALDO,31 VIVIENDAS,1035,CAMBIO DE ACOMETIDA,UNET TINOGASTA
78323,2025-08-21 19:54:42,SIN SERVICIO (INTERNET),2025-08-22 17:18:31,CARPIO/LOPEZ,20 VIVIENDAS,16609,CAMBIO DE ACOMETIDA,VALLE VIEJO
78330,2025-08-22 09:25:38,SIN SERVICIO (INTERNET),2025-08-23 12:16:20,AGUIRRE WALTER OSVALDO,JARDIN,1796,CAMBIO DE ACOMETIDA,UNET TINOGASTA
78335,2025-08-22 10:08:03,SIN SERVICIO (INTERNET),2025-08-26 17:51:21,ABALLAY/SARMIENTO,SAN ANTONIO,5047,CAMBIO DE ACOMETIDA,VALLE VIEJO
78342,2025-08-22 11:47:09,SIN SERVICIO (INTERNET),2025-08-26 17:51:21,ABALLAY/SARMIENTO,SANTA ROSA,4940,CAMBIO DE ACOMETIDA,VALLE VIEJO
78351,2025-08-22 16:19:20,SIN SERVICIO (INTERNET),2025-08-26 17:51:21,ABALLAY/SARMIENTO,SAN ANTONIO,22284,CAMBIO DE ACOMETIDA,VALLE VIEJO
78361,2025-08-22 19:25:17,SIN SERVICIO (INTERNET),2025-08-26 17:51:21,ABALLAY/SARMIENTO,SUMALAO,22871,CAMBIO DE ACOMETIDA,VALLE VIEJO
78364,2025-08-23 08:45:50,SIN SERVICIO (INTERNET),2025-08-27 08:48:46,JUAN OVEJERO,TINOGASTA,2848,CAMBIO DE ACOMETIDA,UNET TINOGASTA
78380,2025-08-23 10:24:56,SIN SERVICIO (INTERNET),2025-08-27 18:39:34,CARPIO/LOPEZ,LA FALDA DE SAN ANTONIO,16790,CAMBIO DE ACOMETIDA,VALLE VIEJO
78381,2025-08-23 10:29:31,SIN SERVICIO (INTERNET),2025-08-23 12:16:20,JUAN OVEJERO,48 VIVIENDAS,21190,CAMBIO DE ACOMETIDA,UNET TINOGASTA
78411,2025-08-23 11:35:06,SIN SERVICIO (INTERNET),2025-08-27 08:48:46,JULIO DIAZ,SANTA ROSA,6968,CAMBIO DE ACOMETIDA,UNET TINOGASTA
78416,2025-08-23 12:24:07,SIN SERVICIO (INTERNET),2025-08-26 17:51:21,CARPIO/LOPEZ,SUMALAO,22310,CAMBIO DE ACOMETIDA,VALLE VIEJO
78422,2025-08-25 19:15:39,VERIFICAR SERVICIO,2025-08-27 09:01:16,ARAGON - SOSA,BANDA SUD (ZONA 2),23009,CAMBIO DE ACOMETIDA,LA PUERTA
78424,2025-08-26 08:15:06,SIN SERVICIO (INTERNET),2025-08-26 17:51:21,CARPIO/LOPEZ,BANDA DE VARELA,21521,CAMBIO DE ACOMETIDA,VALLE VIEJO
78425,2025-08-26 08:20:34,SIN SERVICIO (INTERNET),2025-08-26 17:51:21,CARPIO/LOPEZ,POLCOS,18069,CAMBIO DE ACOMETIDA,VALLE VIEJO
78432,2025-08-26 09:03:53,SIN SERVICIO (INTERNET),2025-08-27 08:48:46,JULIO DIAZ,TINOGASTA,5522,CAMBIO DE ACOMETIDA,UNET TINOGASTA
78437,2025-08-26 09:11:28,SIN SERVICIO (INTERNET),2025-08-26 18:59:48,MARTINES PABLO,SAN MARTÃƒÂN,20784,REPARACION DE CABLE CORTADO,CHUMBICHA
78444,2025-08-26 09:25:27,SIN SERVICIO (INTERNET),2025-08-27 19:11:33,AGUIRRE WALTER OSVALDO,200 VIVIENDAS,23541,CAMBIO DE ACOMETIDA,UNET TINOGASTA
78445,2025-08-26 09:25:46,SIN SERVICIO (INTERNET),2025-08-27 08:48:46,AGUIRRE WALTER OSVALDO,TINOGASTA,2851,CAMBIO DE ACOMETIDA,UNET TINOGASTA
78446,2025-08-26 09:27:17,SIN SERVICIO (INTERNET),2025-08-27 08:48:46,AGUIRRE WALTER OSVALDO,100 VIVIENDAS,23839,CAMBIO DE ACOMETIDA,UNET TINOGASTA
78447,2025-08-26 09:40:54,PROBLEMAS DE SEÃƒÂ‘AL,2025-08-27 19:11:33,AGUIRRE WALTER OSVALDO,CENTRO,1033,CAMBIO DE ACOMETIDA,UNET TINOGASTA
78451,2025-08-26 10:18:05,SIN SERVICIO (INTERNET),2025-08-28 18:15:41,CARPIO/LOPEZ,EL HUECO,21900,CAMBIO DE ACOMETIDA,VALLE VIEJO
78453,2025-08-26 10:38:03,SIN SERVICIO (INTERNET),2025-08-27 18:39:34,ABALLAY/SARMIENTO,SAN JOSE,19413,CAMBIO DE LUGAR DEL CABLE DE ACOMETIDA,VALLE VIEJO
78459,2025-08-26 11:17:37,RED EN EL SUELO,2025-08-27 19:11:33,AGUIRRE WALTER OSVALDO,CEMENTERIO,2105,CAMBIO DE ACOMETIDA,UNET TINOGASTA
78485,2025-08-26 16:41:37,SIN SERVICIO (INTERNET),2025-08-27 18:39:34,CARPIO/LOPEZ,EL HUECO,3087,CAMBIO DE ACOMETIDA,VALLE VIEJO
78490,2025-08-26 17:37:52,SIN SERVICIO (INTERNET),2025-08-27 18:39:34,CARPIO/LOPEZ,SAN JOSE,14705,CAMBIO DE ACOMETIDA,VALLE VIEJO
78492,2025-08-26 17:42:16,SIN SERVICIO (INTERNET),2025-08-27 18:39:34,CARPIO/LOPEZ,LA CARRERA,19962,CAMBIO DE ACOMETIDA,VALLE VIEJO
78493,2025-08-26 17:43:50,SIN SERVICIO (INTERNET),2025-08-27 18:11:10,ABALLAY/SARMIENTO,SAN JOSE,18556,CAMBIO DE ACOMETIDA,VALLE VIEJO
78501,2025-08-26 18:47:59,CABLE A DECO TV DAÃƒÂ‘ADO,2025-08-29 14:05:24,ABALLAY/SARMIENTO,POZO DE MISTOL,14753,CAMBIO DE ACOMETIDA,VALLE VIEJO
78503,2025-08-26 18:58:57,SIN SERVICIO (INTERNET),2025-08-27 19:11:33,JUAN OVEJERO,TINOGASTA,23544,CAMBIO DE ACOMETIDA,UNET TINOGASTA
78509,2025-08-26 19:49:13,PROBLEMAS DE SEÃƒÂ‘AL,2025-08-27 18:39:34,CARPIO/LOPEZ,SAN ANTONIO,4845,CAMBIO DE ACOMETIDA,VALLE VIEJO
78512,2025-08-26 20:03:53,SIN SERVICIO (INTERNET),2025-08-27 19:11:33,JUAN OVEJERO,TINOGASTA,18207,CAMBIO DE ACOMETIDA,UNET TINOGASTA
78524,2025-08-27 09:41:48,SIN SERVICIO (INTERNET),2025-08-30 08:38:40,AGUIRRE WALTER OSVALDO,LOS ROBLEDOS,19987,CAMBIO DE ACOMETIDA,UNET TINOGASTA
78532,2025-08-27 11:21:11,SIN SERVICIO (INTERNET),2025-08-29 14:05:24,ABALLAY/SARMIENTO,SAN JOSE,16690,CAMBIO DE ACOMETIDA,VALLE VIEJO
78536,2025-08-27 11:55:25,SIN SERVICIO (INTERNET),2025-08-27 16:22:04,SOSA/ARAGON,EL RODEO,22205,CAMBIO DE ACOMETIDA,EL RODEO
78564,2025-08-27 17:47:28,SIN SERVICIO (INTERNET),2025-08-29 08:41:59,JULIO DIAZ,80 VIVIENDAS,21725,CAMBIO DE ACOMETIDA,UNET TINOGASTA
78612,2025-08-28 09:59:27,SIN SERVICIO (INTERNET),2025-08-29 16:20:22,MARTINES PABLO,SAN CAYETANO,8108,REPARACION DE CABLE CORTADO,CHUMBICHA
78617,2025-08-28 10:25:03,SIN SERVICIO (INTERNET),2025-09-02 08:36:31,AGUIRRE WALTER OSVALDO,TINOGASTA,6967,CAMBIO DE ACOMETIDA,UNET TINOGASTA
78621,2025-08-28 11:15:49,SIN SERVICIO (INTERNET),2025-08-30 08:38:40,JUAN OVEJERO,100 VIVIENDAS,1778,CAMBIO DE ACOMETIDA,UNET TINOGASTA
78624,2025-08-28 11:50:05,SIN SERVICIO (INTERNET),2025-08-30 08:38:40,JUAN OVEJERO,70 VIVIENDAS,15099,CAMBIO DE ACOMETIDA,UNET TINOGASTA
78633,2025-08-28 16:20:31,SIN SERVICIO (INTERNET),2025-08-29 16:32:51,CARPIO/LOPEZ,SAN ANTONIO,14330,CAMBIO DE ACOMETIDA,VALLE VIEJO
78642,2025-08-28 18:18:16,RED EN EL SUELO,2025-08-30 08:38:40,AGUIRRE WALTER OSVALDO,SANTA ROSA,2242,CAMBIO DE ACOMETIDA,UNET TINOGASTA
78646,2025-08-28 18:51:38,SIN SERVICIO (INTERNET),2025-09-01 08:33:07,UNZAGA F/ UNZAGA M,SAN JOSE,17396,REPARACION DE CABLE CORTADO,VALLE VIEJO
78652,2025-08-28 19:18:51,SIN SERVICIO (INTERNET),2025-08-29 16:32:51,CARPIO/LOPEZ,SUMALAO,23491,CAMBIO DE ACOMETIDA,VALLE VIEJO
78660,2025-08-29 09:07:53,SIN SERVICIO (INTERNET),2025-09-01 19:05:02,CARPIO/LOPEZ,SANTA ROSA,3473,CAMBIO DE ACOMETIDA,VALLE VIEJO
78673,2025-08-29 11:12:33,SIN SERVICIO (INTERNET),2025-09-02 11:11:16,SOSA/ARAGON,EL RODEO,22366,CAMBIO DE ACOMETIDA,EL RODEO
78707,2025-08-29 16:19:11,SIN SERVICIO (INTERNET),2025-09-01 19:05:02,CARPIO/LOPEZ,SANTA ROSA,3221,CAMBIO DE ACOMETIDA,VALLE VIEJO
78708,2025-08-29 16:20:46,SIN SERVICIO (INTERNET),2025-09-02 18:08:58,CARPIO/LOPEZ,BANDA DE VARELA,23058,CAMBIO DE ACOMETIDA,VALLE VIEJO
78718,2025-08-29 18:24:35,SIN SERVICIO (INTERNET),2025-09-03 16:15:59,FERREYRA/BUSTAMANTE,POLCOS,3756,CAMBIO DE ACOMETIDA,VALLE VIEJO
78719,2025-08-29 18:27:00,SIN SERVICIO (INTERNET),2025-09-01 08:33:07,UNZAGA F/ UNZAGA M,LA FALDA DE SAN ANTONIO,18458,CAMBIO DE LUGAR DEL CABLE DE ACOMETIDA,VALLE VIEJO
78720,2025-08-29 18:39:49,SIN SERVICIO (INTERNET),2025-09-01 09:32:27,MARTINES PABLO,SAN CAYETANO,8108,REPARACION DE CABLE CORTADO,CHUMBICHA
78728,2025-08-29 19:46:56,NAVEGACION LENTA,2025-09-02 08:36:31,AGUIRRE WALTER OSVALDO,TINOGASTA,402,CAMBIO DE ACOMETIDA,UNET TINOGASTA
78730,2025-08-30 08:43:10,SIN SERVICIO (INTERNET),2025-09-02 08:36:31,AGUIRRE WALTER OSVALDO,TINOGASTA,8046,CAMBIO DE ACOMETIDA,UNET TINOGASTA
78746,2025-08-30 10:49:34,SIN SERVICIO (INTERNET),2025-09-01 08:33:07,UNZAGA F/ UNZAGA M,SAN ANTONIO,14324,REPARACION DE CABLE CORTADO,VALLE VIEJO
78751,2025-08-30 11:25:33,SIN SERVICIO (INTERNET),2025-09-02 08:36:31,AGUIRRE WALTER OSVALDO,TINOGASTA,3141,CAMBIO DE ACOMETIDA,UNET TINOGASTA
78752,2025-08-30 11:28:13,SIN SERVICIO (INTERNET),2025-09-01 19:05:02,ABALLAY/SARMIENTO,SAN ANTONIO,9558,CAMBIO DE ACOMETIDA,VALLE VIEJO
78767,2025-08-30 12:22:10,SIN SERVICIO (INTERNET),2025-09-01 19:05:02,CARPIO/LOPEZ,SANTA ROSA,14667,CAMBIO DE ACOMETIDA,VALLE VIEJO
78770,2025-09-01 08:10:30,SIN SERVICIO (INTERNET),2025-09-03 10:39:28,ABALLAY/SARMIENTO,SANTA ROSA,4734,CAMBIO DE ACOMETIDA,VALLE VIEJO
78783,2025-09-01 09:25:52,SIN SERVICIO (INTERNET),2025-09-01 17:01:15,ABALLAY/SARMIENTO,SAN JOSE,7833,CAMBIO DE ACOMETIDA,VALLE VIEJO
78793,2025-09-01 10:48:55,SIN SERVICIO (INTERNET),2025-09-03 10:39:28,ABALLAY/SARMIENTO,SANTA ROSA,6018,CAMBIO DE ACOMETIDA,VALLE VIEJO
78797,2025-09-01 10:59:36,ENGRAMPAR CABLE A DECO TV,2025-09-02 19:24:31,AGUIRRE WALTER OSVALDO,VILLA SAN ROQUE,2233,CAMBIO DE ACOMETIDA,UNET TINOGASTA
78800,2025-09-01 11:11:34,SIN SERVICIO (INTERNET),2025-09-03 10:39:28,ABALLAY/SARMIENTO,SUMALAO,17254,CAMBIO DE ACOMETIDA,VALLE VIEJO
78805,2025-09-01 11:37:41,SIN SERVICIO (INTERNET),2025-09-02 18:08:58,CARPIO/LOPEZ,BANDA DE VARELA,20010,CAMBIO DE ACOMETIDA,VALLE VIEJO
78813,2025-09-01 12:14:34,SIN SERVICIO (INTERNET),2025-09-02 19:24:31,AGUIRRE WALTER OSVALDO,TINOGASTA,17479,CAMBIO DE ACOMETIDA,UNET TINOGASTA
78858,2025-09-01 16:13:38,PROBLEMAS DE SEÃƒÂ‘AL,2025-09-04 19:16:01,CARPIO/LOPEZ,SANTA ROSA,20488,CAMBIO DE ACOMETIDA,VALLE VIEJO
78866,2025-09-01 18:22:24,SIN SERVICIO (INTERNET),2025-09-03 10:39:28,ABALLAY/SARMIENTO,SUMALAO,6745,CAMBIO DE ACOMETIDA,VALLE VIEJO
78867,2025-09-01 18:24:22,DECO TV SIN SEÃƒÂ‘AL,2025-09-02 19:24:31,AGUIRRE WALTER OSVALDO,TINOGASTA,21032,CAMBIO DE ACOMETIDA,UNET TINOGASTA
78883,2025-09-01 19:36:54,DECO TV SIN SEÃƒÂ‘AL,2025-09-03 19:09:00,AGUIRRE WALTER OSVALDO,TINOGASTA,23875,CAMBIO DE ACOMETIDA,UNET TINOGASTA
78887,2025-09-01 20:00:57,RED EN EL SUELO,2025-09-02 19:24:31,AGUIRRE WALTER OSVALDO,TINOGASTA,699,CAMBIO DE ACOMETIDA,UNET TINOGASTA
78891,2025-09-02 08:47:51,SIN SERVICIO (INTERNET),2025-09-02 19:24:31,AGUIRRE WALTER OSVALDO,TINOGASTA,24068,CAMBIO DE ACOMETIDA,UNET TINOGASTA
78913,2025-09-02 09:25:37,SIN SERVICIO (INTERNET),2025-09-03 16:15:59,FERREYRA/BUSTAMANTE,SAN ISIDRO,3709,CAMBIO DE ACOMETIDA,VALLE VIEJO
78914,2025-09-02 09:38:24,SIN SERVICIO (INTERNET),2025-09-03 19:09:00,JUAN OVEJERO,TINOGASTA,20291,CAMBIO DE ACOMETIDA,UNET TINOGASTA
78915,2025-09-02 09:40:16,SIN SERVICIO (INTERNET),2025-09-03 18:40:17,CARPIO/LOPEZ,BANDA DE VARELA,22681,CAMBIO DE ACOMETIDA,VALLE VIEJO
78930,2025-09-02 11:58:23,SIN SERVICIO (INTERNET),2025-09-02 18:08:58,ABALLAY/B UNZAGA,SAN JOSE,15039,CAMBIO DE ACOMETIDA,VALLE VIEJO
78986,2025-09-03 08:48:42,SIN SERVICIO (INTERNET),2025-09-03 19:09:00,AGUIRRE WALTER OSVALDO,60 VIVIENDAS,1747,CAMBIO DE ACOMETIDA,UNET TINOGASTA
79004,2025-09-03 10:49:58,SIN SERVICIO,2025-09-04 19:26:42,AGUIRRE WALTER OSVALDO,TINOGASTA,1298,CAMBIO DE ACOMETIDA,UNET TINOGASTA
79037,2025-09-03 16:51:18,SIN SERVICIO (INTERNET),2025-09-04 19:16:01,CARPIO/LOPEZ,SANTA ROSA,3453,CAMBIO DE ACOMETIDA,VALLE VIEJO
79086,2025-09-03 18:05:54,SIN SERVICIO (INTERNET),2025-09-06 09:02:32,JUAN OVEJERO,SANTA ROSA,2497,CAMBIO DE ACOMETIDA,UNET TINOGASTA
79092,2025-09-03 19:08:37,SIN SERVICIO (INTERNET),2025-09-04 19:26:42,AGUIRRE WALTER OSVALDO,TINOGASTA,7913,CAMBIO DE ACOMETIDA,UNET TINOGASTA
79106,2025-09-04 10:26:59,SIN SERVICIO (INTERNET),2025-09-06 09:02:32,AGUIRRE WALTER OSVALDO,TINOGASTA,17782,CAMBIO DE ACOMETIDA,UNET TINOGASTA
79112,2025-09-04 11:46:19,SIN SERVICIO (INTERNET),2025-09-04 19:26:42,AGUIRRE WALTER OSVALDO,TINOGASTA,2261,CAMBIO DE ACOMETIDA,UNET TINOGASTA
79113,2025-09-04 11:47:58,PROBLEMAS DE SEÃƒÂ‘AL,2025-09-08 16:31:27,MARTINES PABLO,LA VILLA,8105,REPARACION DE CABLE CORTADO,CHUMBICHA
79130,2025-09-05 08:40:24,SIN SERVICIO (INTERNET),2025-09-06 12:08:05,FERREYRA/BUSTAMANTE,SAN ANTONIO,21846,CAMBIO DE ACOMETIDA,VALLE VIEJO
79137,2025-09-05 09:33:44,SIN SERVICIO (INTERNET),2025-09-06 09:02:32,AGUIRRE WALTER OSVALDO,TINOGASTA,7918,CAMBIO DE ACOMETIDA,UNET TINOGASTA
79152,2025-09-05 12:20:08,MODIFICAR BAJADA,2025-09-08 16:31:27,MARTINES PABLO,KILÃƒÂ“METRO 1,1562,CAMBIO DE LUGAR DEL CABLE DE ACOMETIDA,CHUMBICHA
79154,2025-09-05 12:46:50,SIN SERVICIO (INTERNET),2025-09-08 18:16:26,CARPIO/LOPEZ,SAN JOSE,16305,CAMBIO DE ACOMETIDA,VALLE VIEJO
79253,2025-09-08 10:10:15,SIN SERVICIO (INTERNET),2025-09-09 17:07:16,CARPIO/LOPEZ,SAN JOSE,15129,CAMBIO DE ACOMETIDA,VALLE VIEJO
79264,2025-09-08 11:07:25,SIN SERVICIO (INTERNET),2025-09-09 17:07:16,CARPIO/LOPEZ,POZO DE MISTOL,20791,CAMBIO DE ACOMETIDA,VALLE VIEJO
79279,2025-09-08 14:13:23,SIN SERVICIO (INTERNET),2025-09-08 19:45:55,FERREYRA/BUSTAMANTE,SAN JOSE,8937,CAMBIO DE ACOMETIDA,VALLE VIEJO
79339,2025-09-08 19:45:36,SIN SERVICIO (INTERNET),2025-09-10 17:04:13,ABALLAY/B UNZAGA,EL BAÃƒÂ‘ADO,14416,CAMBIO DE ACOMETIDA,VALLE VIEJO
79341,2025-09-09 08:36:18,RED EN EL SUELO,2025-09-11 08:10:29,CARPIO/LOPEZ,LA CARRERA,18718,REPARACION DE CABLE CORTADO,VALLE VIEJO
79342,2025-09-09 08:53:06,PROBLEMAS DE SEÃƒÂ‘AL,2025-09-11 17:57:43,CARPIO/LOPEZ,SANTA ROSA,18141,CAMBIO DE ACOMETIDA,VALLE VIEJO
79347,2025-09-09 09:21:35,MODIFICAR BAJADA,2025-09-09 17:23:50,MARTINES PABLO,SAN MARTÃƒÂN,21732,CAMBIO DE TRAMO DE CABLE,CHUMBICHA
79378,2025-09-09 18:34:58,PROBLEMAS DE SEÃƒÂ‘AL,2025-09-15 18:31:43,MARTINES PABLO,SAN MARTÃƒÂN,22810,REPARACION DE CABLE CORTADO,CHUMBICHA
79380,2025-09-09 19:11:58,NAVEGACION LENTA,2025-09-10 19:51:59,AGUIRRE WALTER OSVALDO,LA PAZ,19256,CAMBIO DE ACOMETIDA,UNET TINOGASTA
79384,2025-09-10 09:23:52,SIN SERVICIO (INTERNET),2025-09-12 18:01:26,ABALLAY/B UNZAGA,SAN JOSE,21218,CAMBIO DE ACOMETIDA,VALLE VIEJO
79388,2025-09-10 09:39:18,SIN SERVICIO (INTERNET),2025-09-11 17:57:43,CARPIO/LOPEZ,LA TERCENA,18605,CAMBIO DE ACOMETIDA,VALLE VIEJO
79389,2025-09-10 10:05:33,SIN SERVICIO (INTERNET),2025-09-11 17:57:43,CARPIO/LOPEZ,SANTA ROSA,19458,CAMBIO DE ACOMETIDA,VALLE VIEJO
79400,2025-09-10 11:40:24,SIN SERVICIO (INTERNET),2025-09-12 08:32:50,AGUIRRE WALTER OSVALDO,VIRGEN DE VALLE,18090,CAMBIO DE ACOMETIDA,UNET TINOGASTA
79402,2025-09-10 11:43:11,SIN SERVICIO (INTERNET),2025-09-11 17:57:43,CARPIO/LOPEZ,SANTA ROSA,4226,CAMBIO DE ACOMETIDA,VALLE VIEJO
79416,2025-09-10 13:56:10,SIN SERVICIO (INTERNET),2025-09-12 18:01:26,ABALLAY/B UNZAGA,SAN JOSE,9693,CAMBIO DE ACOMETIDA,VALLE VIEJO
79420,2025-09-10 16:03:36,SIN SERVICIO (INTERNET),2025-09-12 18:01:26,ABALLAY/B UNZAGA,BANDA DE VARELA,22702,CAMBIO DE ACOMETIDA,VALLE VIEJO
79422,2025-09-10 16:50:51,SIN SERVICIO (INTERNET),2025-09-12 18:01:26,ABALLAY/B UNZAGA,SAN JOSE,15444,CAMBIO DE ACOMETIDA,VALLE VIEJO
79454,2025-09-10 19:04:36,SIN SERVICIO (INTERNET),2025-09-15 18:31:43,MARTINES PABLO,SAN MARTÃƒÂN,6373,REPARACION DE CABLE CORTADO,CHUMBICHA
79495,2025-09-11 08:37:39,SIN SERVICIO (INTERNET),2025-09-13 08:39:41,AGUIRRE WALTER OSVALDO,TINOGASTA,16125,CAMBIO DE ACOMETIDA,UNET TINOGASTA
79498,2025-09-11 08:45:28,SIN SERVICIO (INTERNET),2025-09-11 15:02:09,SOSA/ARAGON,EL RODEO,22015,CAMBIO DE ACOMETIDA,EL RODEO
79505,2025-09-11 09:49:59,SIN SERVICIO (INTERNET),2025-09-15 09:27:07,ABALLAY/B UNZAGA,SANTA ROSA,4023,CAMBIO DE ACOMETIDA,VALLE VIEJO
79510,2025-09-11 10:29:00,SIN SERVICIO (INTERNET),2025-09-13 08:39:41,JUAN OVEJERO,TINOGASTA,1828,CAMBIO DE ACOMETIDA,UNET TINOGASTA
79511,2025-09-11 10:45:33,NAVEGACION LENTA,2025-09-18 08:50:00,AGUIRRE WALTER OSVALDO,TINOGASTA,9960,CAMBIO DE ACOMETIDA,UNET TINOGASTA
79515,2025-09-11 11:07:49,SIN SERVICIO (INTERNET),2025-09-13 08:39:41,JUAN OVEJERO,TINOGASTA,2297,CAMBIO DE ACOMETIDA,UNET TINOGASTA
79527,2025-09-11 16:20:29,SIN SERVICIO (INTERNET),2025-09-16 17:51:11,ABALLAY/B UNZAGA,SAN ANTONIO,7938,CAMBIO DE ACOMETIDA,VALLE VIEJO
79530,2025-09-11 17:15:19,SIN SERVICIO (INTERNET),2025-09-17 11:36:28,ABALLAY/B UNZAGA,POLCOS,9701,CAMBIO DE ACOMETIDA,VALLE VIEJO
79532,2025-09-11 17:37:49,SIN SERVICIO (INTERNET),2025-09-15 13:43:05,ABALLAY/B UNZAGA,LA CHACARITA,21016,REPARACION DE FO,VALLE VIEJO
79533,2025-09-11 17:38:13,SIN SERVICIO (INTERNET),2025-09-15 09:27:07,ABALLAY/B UNZAGA,SAN JOSE,17552,CAMBIO DE ACOMETIDA,VALLE VIEJO
79534,2025-09-11 17:38:29,SIN SERVICIO (INTERNET),2025-09-15 13:43:05,ABALLAY/B UNZAGA,LA CHACARITA,16405,REPARACION DE FO,VALLE VIEJO
79535,2025-09-11 17:53:37,SIN SERVICIO (INTERNET),2025-09-15 09:27:07,CARPIO/LOPEZ,SAN JOSE,18016,CAMBIO DE ACOMETIDA,VALLE VIEJO
79537,2025-09-11 18:23:01,SIN SERVICIO (INTERNET),2025-09-16 17:51:11,ABALLAY/B UNZAGA,EL BAÃƒÂ‘ADO,22990,CAMBIO DE ACOMETIDA,VALLE VIEJO
79543,2025-09-11 19:26:19,SIN SERVICIO (INTERNET),2025-09-17 08:28:42,AGUIRRE WALTER OSVALDO,200 VIVIENDAS,21267,CAMBIO DE ACOMETIDA,UNET TINOGASTA
79558,2025-09-12 09:33:45,SIN SERVICIO (INTERNET),2025-09-13 08:59:18,JUAN OVEJERO,TINOGASTA,17782,CAMBIO DE ACOMETIDA,UNET TINOGASTA
79567,2025-09-12 11:48:55,SIN SERVICIO (INTERNET),2025-09-15 13:43:05,ABALLAY/B UNZAGA,LOTEO VIUDA DE VARELA,18852,REPARACION DE FO,VALLE VIEJO
79574,2025-09-12 16:39:26,SIN SERVICIO (INTERNET),2025-09-15 11:16:16,ABALLAY/B UNZAGA,SAN ANTONIO,9641,REPARACION DE FO,VALLE VIEJO
79579,2025-09-12 18:01:10,SIN SERVICIO (INTERNET),2025-09-15 11:16:16,ABALLAY/B UNZAGA,SAN ANTONIO,24135,REPARACION DE FO,VALLE VIEJO
79581,2025-09-12 18:47:39,SIN SERVICIO (INTERNET),2025-09-13 08:59:18,JUAN OVEJERO,TINOGASTA,2261,CAMBIO DE ACOMETIDA,UNET TINOGASTA
79619,2025-09-13 09:20:04,SIN SERVICIO (INTERNET),2025-09-15 11:16:16,ABALLAY/B UNZAGA,SAN ANTONIO,14533,REPARACION DE FO,VALLE VIEJO
79640,2025-09-13 10:18:04,SIN SERVICIO (INTERNET),2025-09-17 11:36:28,ABALLAY/B UNZAGA,COLLAGASTA,19204,CAMBIO DE ACOMETIDA,VALLE VIEJO
79641,2025-09-13 10:20:48,NAVEGACION LENTA,2025-09-18 08:50:00,AGUIRRE WALTER OSVALDO,CENTRO,1534,CAMBIO DE ACOMETIDA,UNET TINOGASTA
79657,2025-09-13 11:44:45,SIN SERVICIO (INTERNET),2025-09-17 11:36:28,ABALLAY/B UNZAGA,SANTA ROSA,7846,CAMBIO DE ACOMETIDA,VALLE VIEJO
79662,2025-09-13 12:28:36,SIN SERVICIO (INTERNET),2025-09-16 17:51:11,CARPIO/LOPEZ,LA CARRERA,18831,CAMBIO DE ACOMETIDA,VALLE VIEJO
79683,2025-09-15 10:49:01,RED EN EL SUELO,2025-09-17 08:28:42,AGUIRRE WALTER OSVALDO,CENTRO,14872,CAMBIO DE ACOMETIDA,UNET TINOGASTA
79686,2025-09-15 11:07:46,SIN SERVICIO (INTERNET),2025-09-17 08:28:42,AGUIRRE WALTER OSVALDO,80 VIVIENDAS,19108,CAMBIO DE ACOMETIDA,UNET TINOGASTA
79687,2025-09-15 11:16:02,MODIFICAR BAJADA,2025-09-19 17:49:54,ABALLAY/B UNZAGA,SANTA ROSA,24256,CAMBIO DE LUGAR DEL CABLE DE ACOMETIDA,VALLE VIEJO
79699,2025-09-15 14:33:01,MODIFICAR BAJADA,2025-09-19 17:49:54,ABALLAY/B UNZAGA,SANTA ROSA,22893,CAMBIO DE LUGAR DEL CABLE DE ACOMETIDA,VALLE VIEJO
79701,2025-09-15 14:38:03,SIN SERVICIO (INTERNET),2025-09-17 17:38:34,CARPIO/LOPEZ,SANTA ROSA,7749,CAMBIO DE ACOMETIDA,VALLE VIEJO
79715,2025-09-15 15:15:58,SIN SERVICIO (INTERNET),2025-09-16 16:40:00,SOSA/ARAGON,EL RODEO,22216,CAMBIO DE ACOMETIDA,EL RODEO
79726,2025-09-15 18:12:50,SIN SERVICIO (INTERNET),2025-09-18 08:50:00,AGUIRRE WALTER OSVALDO,100 VIVIENDAS,23839,CAMBIO DE ACOMETIDA,UNET TINOGASTA
79730,2025-09-15 18:41:50,SIN SERVICIO (INTERNET),2025-09-17 17:38:34,CARPIO/LOPEZ,SAN ANTONIO,7706,CAMBIO DE ACOMETIDA,VALLE VIEJO
79846,2025-09-16 16:06:21,SIN SERVICIO (INTERNET),2025-09-19 09:18:28,MARTINES PABLO,SAN MARTÃƒÂN,23828,CAMBIO DE TRAMO DE CABLE,CHUMBICHA
79847,2025-09-16 16:15:32,SIN SERVICIO (INTERNET),2025-09-18 09:53:09,ABALLAY/B UNZAGA,SANTA ROSA,22888,CAMBIO DE ACOMETIDA,VALLE VIEJO
79850,2025-09-16 17:01:13,SIN SERVICIO (INTERNET),2025-09-18 16:21:04,ABALLAY/B UNZAGA,SUMALAO,16588,CAMBIO DE ACOMETIDA,VALLE VIEJO
79856,2025-09-16 19:05:14,SIN SERVICIO (INTERNET),2025-09-18 08:50:00,JUAN OVEJERO,LA PAZ,23195,CAMBIO DE ACOMETIDA,UNET TINOGASTA
79864,2025-09-17 08:27:30,SIN SERVICIO (INTERNET),2025-09-18 09:24:11,FERREYRA/BUSTAMANTE,POLCOS,14697,CAMBIO DE ACOMETIDA,VALLE VIEJO
79868,2025-09-17 09:14:28,MODIFICAR BAJADA,2025-09-19 09:18:28,MARTINES PABLO,HIPÃƒÂ“DROMO,8322,CAMBIO DE TRAMO DE CABLE,CHUMBICHA
79870,2025-09-17 09:24:14,SIN SERVICIO (INTERNET),2025-09-18 12:40:14,CARPIO/LOPEZ,SAN ANTONIO,22344,CAMBIO DE ACOMETIDA,VALLE VIEJO
79874,2025-09-17 11:32:09,SIN SERVICIO (INTERNET),2025-09-19 17:03:00,CARPIO/LOPEZ,SAN JOSE,21511,CAMBIO DE ACOMETIDA,VALLE VIEJO
79876,2025-09-17 11:55:04,SIN SERVICIO (INTERNET),2025-09-19 08:40:15,AGUIRRE WALTER OSVALDO,200 VIVIENDAS,1948,CAMBIO DE ACOMETIDA,UNET TINOGASTA
79901,2025-09-17 17:35:53,SIN SERVICIO (INTERNET),2025-09-19 17:49:54,ABALLAY/B UNZAGA,SUMALAO,23565,CAMBIO DE ACOMETIDA,VALLE VIEJO
79920,2025-09-18 10:41:15,SIN SERVICIO (INTERNET),2025-09-22 10:11:06,UNZAGA M/UNZAGA,SANTA ROSA,3976,CAMBIO DE ACOMETIDA,VALLE VIEJO
79928,2025-09-18 12:22:50,SIN SERVICIO (INTERNET),2025-09-19 17:03:00,CARPIO/LOPEZ,LA FALDA DE SAN ANTONIO,17048,CAMBIO DE ACOMETIDA,VALLE VIEJO
79933,2025-09-18 14:20:47,SIN SERVICIO (INTERNET),2025-09-22 10:11:06,UNZAGA F/ UNZAGA M,COLLAGASTA,18833,CAMBIO DE ACOMETIDA,VALLE VIEJO
79951,2025-09-18 18:24:28,SIN SERVICIO (INTERNET),2025-09-22 10:11:06,UNZAGA F/ UNZAGA M,VILLA DOLORES,3083,CAMBIO DE ACOMETIDA,VALLE VIEJO
79973,2025-09-19 09:36:42,SIN SERVICIO (INTERNET),2025-09-22 10:11:06,UNZAGA F/ UNZAGA M,LA CARRERA,18496,CAMBIO DE ACOMETIDA,VALLE VIEJO
80000,2025-09-19 16:15:21,SIN SERVICIO (INTERNET),2025-09-22 10:11:06,UNZAGA F/ UNZAGA M,SUMALAO,7554,CAMBIO DE LUGAR DEL CABLE DE ACOMETIDA,VALLE VIEJO
80014,2025-09-19 18:57:59,SIN SERVICIO (INTERNET),2025-09-23 19:12:48,CARPIO/LOPEZ,SUMALAO,23377,CAMBIO DE ACOMETIDA,VALLE VIEJO
80016,2025-09-19 19:40:14,SIN SERVICIO (INTERNET),2025-09-24 09:04:59,ABALLAY/B UNZAGA,20 VIVIENDAS,16708,CAMBIO DE ACOMETIDA,VALLE VIEJO
80024,2025-09-20 09:15:55,SIN SERVICIO (INTERNET),2025-09-23 10:39:56,ABALLAY/B UNZAGA,SANTA ROSA,3768,CAMBIO DE ACOMETIDA,VALLE VIEJO
80037,2025-09-20 10:20:49,SIN SERVICIO (INTERNET),2025-09-24 09:04:59,ABALLAY/B UNZAGA,SANTA ROSA,5690,CAMBIO DE ACOMETIDA,VALLE VIEJO
80039,2025-09-20 11:04:01,SIN SERVICIO (INTERNET),2025-09-23 08:34:51,AGUIRRE WALTER OSVALDO,ESTACION SUR,4362,CAMBIO DE ACOMETIDA,UNET TINOGASTA
80059,2025-09-22 08:35:55,SIN SERVICIO (INTERNET),2025-09-23 08:34:51,AGUIRRE WALTER OSVALDO,TINOGASTA,15095,CAMBIO DE ACOMETIDA,UNET TINOGASTA
80063,2025-09-22 08:50:04,PROBLEMAS DE SEÃƒÂ‘AL,2025-09-24 19:16:13,CARPIO/LOPEZ,SANTA ROSA,23718,CAMBIO DE ACOMETIDA,VALLE VIEJO
80068,2025-09-22 09:19:50,SIN SERVICIO (INTERNET),2025-09-23 19:29:00,AGUIRRE WALTER OSVALDO,CENTRO,1159,CAMBIO DE ACOMETIDA,UNET TINOGASTA
80072,2025-09-22 09:41:09,SIN SERVICIO (INTERNET),2025-09-26 08:53:47,AGUIRRE WALTER OSVALDO,NUEVO 40 VIVIENDAS,1578,CAMBIO DE ACOMETIDA,UNET TINOGASTA
80079,2025-09-22 10:13:12,SIN SERVICIO (INTERNET),2025-09-25 08:38:55,AGUIRRE WALTER OSVALDO,CENTRO,1772,CAMBIO DE ACOMETIDA,UNET TINOGASTA
80081,2025-09-22 10:21:27,SIN SERVICIO (INTERNET),2025-09-23 19:29:00,AGUIRRE WALTER OSVALDO,200 VIVIENDAS,873,CAMBIO DE ACOMETIDA,UNET TINOGASTA
80082,2025-09-22 10:29:42,PROBLEMAS DE SEÃƒÂ‘AL,2025-09-27 09:32:03,MARTINES PABLO,LAS FLORES,21287,REPARACION DE CABLE CORTADO,CHUMBICHA
80083,2025-09-22 10:43:25,SIN SERVICIO (INTERNET),2025-09-23 19:29:00,AGUIRRE WALTER OSVALDO,200 VIVIENDAS,23537,CAMBIO DE ACOMETIDA,UNET TINOGASTA
80084,2025-09-22 10:47:35,SIN SERVICIO (INTERNET),2025-09-23 19:29:00,JUAN OVEJERO,200 VIVIENDAS,1409,CAMBIO DE ACOMETIDA,UNET TINOGASTA
80087,2025-09-22 10:59:08,SIN SERVICIO (INTERNET),2025-09-25 08:38:55,JUAN OVEJERO,50 VIVIENDAS,23957,CAMBIO DE ACOMETIDA,UNET TINOGASTA
80094,2025-09-22 11:46:24,SIN SERVICIO (INTERNET),2025-09-25 08:38:55,JUAN OVEJERO,CENTRO,936,CAMBIO DE ACOMETIDA,UNET TINOGASTA
80096,2025-09-22 11:49:32,SIN SERVICIO (INTERNET),2025-09-24 19:16:13,ABALLAY/B UNZAGA,SANTA ROSA,19102,CAMBIO DE ACOMETIDA,VALLE VIEJO
80113,2025-09-22 12:31:37,SIN SERVICIO (INTERNET),2025-09-24 09:04:59,ABALLAY/B UNZAGA,SAN ISIDRO,22522,CAMBIO DE ACOMETIDA,VALLE VIEJO
80118,2025-09-22 16:14:15,SIN SERVICIO (INTERNET),2025-09-24 19:16:13,ABALLAY/B UNZAGA,SUMALAO,17273,CAMBIO DE ACOMETIDA,VALLE VIEJO
80129,2025-09-22 17:57:53,SIN SERVICIO (INTERNET),2025-09-25 08:38:55,JUAN OVEJERO,CENTRO,2722,CAMBIO DE ACOMETIDA,UNET TINOGASTA
80130,2025-09-22 18:01:15,SIN SERVICIO (INTERNET),2025-09-24 19:16:13,ABALLAY/B UNZAGA,SAN JOSE,14760,CAMBIO DE ACOMETIDA,VALLE VIEJO
80134,2025-09-22 18:37:28,SIN SERVICIO (INTERNET),2025-09-24 19:16:13,ABALLAY/B UNZAGA,LA CARRERA,21428,CAMBIO DE ACOMETIDA,VALLE VIEJO
80139,2025-09-22 19:22:50,SIN SERVICIO (INTERNET),2025-09-25 08:38:55,JUAN OVEJERO,TINOGASTA,15240,CAMBIO DE ACOMETIDA,UNET TINOGASTA
80140,2025-09-22 19:28:54,SIN SERVICIO (INTERNET),2025-09-23 19:29:00,JUAN OVEJERO,TINOGASTA,2630,CAMBIO DE ACOMETIDA,UNET TINOGASTA
80142,2025-09-22 19:32:09,SIN SERVICIO (INTERNET),2025-09-22 19:32:56,ABALLAY/B UNZAGA,SAN ANTONIO,6684,CAMBIO DE ACOMETIDA,VALLE VIEJO
80146,2025-09-22 19:48:43,SIN SERVICIO (INTERNET),2025-09-24 09:04:59,ABALLAY/B UNZAGA,SAN ANTONIO,9972,CAMBIO DE ACOMETIDA,VALLE VIEJO
80147,2025-09-22 19:49:17,SIN SERVICIO (INTERNET),2025-09-23 19:12:48,CARPIO/LOPEZ,SAN ANTONIO,6976,CAMBIO DE ACOMETIDA,VALLE VIEJO
80148,2025-09-22 19:49:41,SIN SERVICIO (INTERNET),2025-09-23 19:12:48,CARPIO/LOPEZ,SAN ANTONIO,21757,CAMBIO DE ACOMETIDA,VALLE VIEJO
80185,2025-09-23 16:43:42,SIN SERVICIO (INTERNET),2025-09-24 19:16:13,CARPIO/LOPEZ,SAN ISIDRO,4421,CAMBIO DE ACOMETIDA,VALLE VIEJO
80204,2025-09-24 08:06:45,SIN SERVICIO (INTERNET),2025-09-24 19:16:13,ABALLAY/B UNZAGA,VILLA DOLORES,21798,CAMBIO DE ACOMETIDA,VALLE VIEJO
80208,2025-09-24 08:38:49,SIN SERVICIO (INTERNET),2025-09-26 08:53:47,JUAN OVEJERO,LA PAZ,19854,CAMBIO DE ACOMETIDA,UNET TINOGASTA
80211,2025-09-24 08:44:11,SIN SERVICIO (INTERNET),2025-09-24 10:13:53,FERREYRA/BUSTAMANTE,LOMA NEGRA,23670,CAMBIO DE ACOMETIDA,VALLE VIEJO
80227,2025-09-24 11:55:02,SIN SERVICIO (INTERNET),2025-09-26 19:09:37,ABALLAY/B UNZAGA,SAN ISIDRO,20455,CAMBIO DE ACOMETIDA,VALLE VIEJO
80231,2025-09-24 15:57:20,SIN SERVICIO (INTERNET),2025-09-24 16:59:30,FERREYRA/BUSTAMANTE,SAN ANTONIO,3791,CAMBIO DE ACOMETIDA,VALLE VIEJO
80232,2025-09-24 16:24:00,SIN SERVICIO (INTERNET),2025-09-25 16:55:23,CARPIO/LOPEZ,SANTA ROSA,2885,CAMBIO DE ACOMETIDA,VALLE VIEJO
80233,2025-09-24 16:43:46,SIN SERVICIO (INTERNET),2025-09-25 16:55:23,CARPIO/LOPEZ,SUMALAO,7013,CAMBIO DE ACOMETIDA,VALLE VIEJO
80235,2025-09-24 16:56:57,SIN SERVICIO (INTERNET),2025-09-25 16:55:23,ABALLAY/B UNZAGA,BANDA DE VARELA,24166,CAMBIO DE ACOMETIDA,VALLE VIEJO
80237,2025-09-24 17:42:43,SIN SERVICIO (INTERNET),2025-09-25 16:55:23,CARPIO/LOPEZ,SANTA ROSA,5921,CAMBIO DE ACOMETIDA,VALLE VIEJO
80239,2025-09-24 17:46:34,PROBLEMAS DE SEÃƒÂ‘AL,2025-09-25 16:55:23,ABALLAY/B UNZAGA,LA TERCENA,23745,CAMBIO DE ACOMETIDA,VALLE VIEJO
80247,2025-09-24 19:18:55,SIN SERVICIO (INTERNET),2025-09-27 12:32:08,CARPIO/LOPEZ,SANTA ROSA,7839,CAMBIO DE ACOMETIDA,VALLE VIEJO
80250,2025-09-25 08:31:25,SIN SERVICIO (INTERNET),2025-09-27 12:14:01,FERREYRA/BUSTAMANTE,SAN JOSE,14285,CAMBIO DE ACOMETIDA,VALLE VIEJO
80252,2025-09-25 09:05:55,SIN SERVICIO (INTERNET),2025-09-27 12:32:08,CARPIO/LOPEZ,SAN JOSE,7821,CAMBIO DE ACOMETIDA,VALLE VIEJO
80270,2025-09-25 11:24:54,SIN SERVICIO (INTERNET),2025-09-27 12:32:08,CARPIO/LOPEZ,SUMALAO,5509,CAMBIO DE ACOMETIDA,VALLE VIEJO
80272,2025-09-25 11:28:32,SIN SERVICIO (INTERNET),2025-09-29 17:28:27,ABALLAY/B UNZAGA,SAN JOSE,14966,CAMBIO DE ACOMETIDA,VALLE VIEJO
80274,2025-09-25 12:26:00,SIN SERVICIO (INTERNET),2025-09-30 08:45:39,JUAN OVEJERO,CENTRO,2545,CAMBIO DE ACOMETIDA,UNET TINOGASTA
80286,2025-09-25 16:09:38,SIN SERVICIO (INTERNET),2025-09-27 12:32:08,CARPIO/LOPEZ,SAN JOSE,18516,CAMBIO DE ACOMETIDA,VALLE VIEJO
80294,2025-09-25 18:55:11,SIN SERVICIO (INTERNET),2025-09-26 19:09:37,ABALLAY/B UNZAGA,EL BAÃƒÂ‘ADO,6702,CAMBIO DE ACOMETIDA,VALLE VIEJO
80295,2025-09-25 19:00:50,SIN SERVICIO (INTERNET),2025-09-27 08:34:23,AGUIRRE WALTER OSVALDO,200 VIVIENDAS,959,CAMBIO DE ACOMETIDA,UNET TINOGASTA
80296,2025-09-25 19:02:25,SIN SERVICIO (INTERNET),2025-09-29 17:28:27,ABALLAY/B UNZAGA,SANTA ROSA,22817,CAMBIO DE ACOMETIDA,VALLE VIEJO
80297,2025-09-25 19:09:47,SIN SERVICIO (INTERNET),2025-09-27 12:32:08,CARPIO/LOPEZ,SAN JOSE,14392,CAMBIO DE ACOMETIDA,VALLE VIEJO
80301,2025-09-25 19:44:48,SIN SERVICIO (INTERNET),2025-09-27 12:32:08,CARPIO/LOPEZ,LA CARRERA,18692,CAMBIO DE ACOMETIDA,VALLE VIEJO
80303,2025-09-25 19:52:07,SIN SERVICIO (INTERNET),2025-09-26 19:09:37,ABALLAY/B UNZAGA,SUMALAO,23492,CAMBIO DE ACOMETIDA,VALLE VIEJO
80304,2025-09-25 20:06:51,SIN SERVICIO (INTERNET),2025-09-30 08:38:43,AGUIRRE WALTER OSVALDO,100 VIVIENDAS,1247,CAMBIO DE ACOMETIDA,UNET TINOGASTA
80306,2025-09-26 08:13:17,SIN SERVICIO (INTERNET),2025-09-29 17:28:27,CARPIO/LOPEZ,SANTA ROSA,2901,CAMBIO DE ACOMETIDA,VALLE VIEJO
80307,2025-09-26 08:18:04,SIN SERVICIO (INTERNET),2025-09-29 18:47:42,FERREYRA/BUSTAMANTE,LA CARRERA,19083,CAMBIO DE ACOMETIDA,VALLE VIEJO
80309,2025-09-26 08:31:32,SIN SERVICIO (INTERNET),2025-09-30 17:28:49,FERREYRA/BUSTAMANTE,SAN ANTONIO,21526,CAMBIO DE ACOMETIDA,VALLE VIEJO
80310,2025-09-26 08:35:11,SIN SERVICIO (INTERNET),2025-09-29 18:42:55,FERREYRA/BUSTAMANTE,SAN JOSE,17250,CAMBIO DE ACOMETIDA,VALLE VIEJO
80311,2025-09-26 08:53:39,SIN SERVICIO (INTERNET),2025-09-27 08:34:23,AGUIRRE WALTER OSVALDO,LA PAZ,7196,CAMBIO DE ACOMETIDA,UNET TINOGASTA
80312,2025-09-26 08:53:53,SIN SERVICIO (INTERNET),2025-09-29 08:00:55,CARPIO/LOPEZ,SANTA ROSA,17292,CAMBIO DE ACOMETIDA,VALLE VIEJO
80316,2025-09-26 09:15:50,SIN SERVICIO (INTERNET),2025-09-29 08:00:55,CARPIO/LOPEZ,POLCOS,23744,CAMBIO DE ACOMETIDA,VALLE VIEJO
80323,2025-09-26 09:55:19,SIN SERVICIO (INTERNET),2025-09-30 08:38:43,JUAN OVEJERO,TINOGASTA,14195,CAMBIO DE ACOMETIDA,UNET TINOGASTA
80327,2025-09-26 11:26:33,SIN SERVICIO (INTERNET),2025-09-30 08:45:39,JUAN OVEJERO,LA PAZ,18085,CAMBIO DE ACOMETIDA,UNET TINOGASTA
80332,2025-09-26 15:38:47,SIN SERVICIO (INTERNET),2025-09-29 18:47:42,FERREYRA/BUSTAMANTE,SAN JOSE,9145,CAMBIO DE ACOMETIDA,VALLE VIEJO
80335,2025-09-26 16:17:08,SIN SERVICIO (INTERNET),2025-09-29 18:42:55,FERREYRA/BUSTAMANTE,SIERRA BRAVA,17862,CAMBIO DE ACOMETIDA,VALLE VIEJO
80336,2025-09-26 16:18:55,SIN SERVICIO (INTERNET),2025-10-01 17:59:52,CARPIO/LOPEZ,EL BAÃƒÂ‘ADO,17605,CAMBIO DE ACOMETIDA,VALLE VIEJO
80339,2025-09-26 16:25:16,SIN SERVICIO (INTERNET),2025-09-30 17:28:49,CARPIO/LOPEZ,SAN ISIDRO,15735,CAMBIO DE ACOMETIDA,VALLE VIEJO
80341,2025-09-26 17:14:14,SIN SERVICIO (INTERNET),2025-09-30 17:28:49,FERREYRA/BUSTAMANTE,COLLAGASTA,20880,CAMBIO DE ACOMETIDA,VALLE VIEJO
80342,2025-09-26 17:16:45,SIN SERVICIO (INTERNET),2025-09-30 17:28:49,FERREYRA/BUSTAMANTE,EL HUECO,4743,CAMBIO DE ACOMETIDA,VALLE VIEJO
80347,2025-09-26 18:32:00,SIN SERVICIO (INTERNET),2025-09-29 08:00:55,CARPIO/LOPEZ,SANTA ROSA,3120,CAMBIO DE ACOMETIDA,VALLE VIEJO
80349,2025-09-26 18:43:58,SIN SERVICIO (INTERNET),2025-09-30 17:28:49,FERREYRA/BUSTAMANTE,EL HUECO,16163,CAMBIO DE ACOMETIDA,VALLE VIEJO
80350,2025-09-26 18:46:34,SIN SERVICIO (INTERNET),2025-09-29 18:42:55,FERREYRA/BUSTAMANTE,LA TERCENA,17779,CAMBIO DE ACOMETIDA,VALLE VIEJO
80353,2025-09-26 19:09:25,SIN SERVICIO (INTERNET),2025-09-30 17:28:49,CARPIO/LOPEZ,SIERRA BRAVA,21780,CAMBIO DE ACOMETIDA,VALLE VIEJO
80366,2025-09-27 10:05:44,SIN SERVICIO (INTERNET),2025-09-30 10:45:49,ABALLAY/B UNZAGA,SAN JOSE,9598,CAMBIO DE ACOMETIDA,VALLE VIEJO
80367,2025-09-27 10:12:59,SIN SERVICIO (INTERNET),2025-09-30 10:45:49,ABALLAY/B UNZAGA,SANTA ROSA,3598,CAMBIO DE ACOMETIDA,VALLE VIEJO
80378,2025-09-27 10:30:44,SIN SERVICIO (INTERNET),2025-09-30 10:45:49,ABALLAY/B UNZAGA,SAN ANTONIO,3932,CAMBIO DE ACOMETIDA,VALLE VIEJO
80379,2025-09-27 10:36:39,SIN SERVICIO (INTERNET),2025-09-30 10:45:49,ABALLAY/B UNZAGA,VILLA DOLORES,9188,CAMBIO DE ACOMETIDA,VALLE VIEJO
80380,2025-09-27 10:42:17,SIN SERVICIO (INTERNET),2025-09-30 08:38:43,AGUIRRE WALTER OSVALDO,LOS ROBLEDOS,7092,CAMBIO DE ACOMETIDA,UNET TINOGASTA
80383,2025-09-27 10:47:57,SIN SERVICIO (INTERNET),2025-09-30 10:45:49,ABALLAY/B UNZAGA,SAN ANTONIO,14359,CAMBIO DE ACOMETIDA,VALLE VIEJO
80389,2025-09-27 11:10:23,SIN SERVICIO (INTERNET),2025-09-29 17:28:27,CARPIO/LOPEZ,SAN JOSE,15851,CAMBIO DE ACOMETIDA,VALLE VIEJO
80390,2025-09-27 11:20:05,SIN SERVICIO (INTERNET),2025-09-30 17:28:49,FERREYRA/BUSTAMANTE,LA TERCENA,19639,CAMBIO DE ACOMETIDA,VALLE VIEJO
80393,2025-09-27 11:33:42,SIN SERVICIO (INTERNET),2025-09-30 09:36:07,MARTINES PABLO,LAS FLORES,19362,REPARACION DE CABLE CORTADO,CHUMBICHA
80395,2025-09-27 11:47:03,SIN SERVICIO (INTERNET),2025-09-29 08:00:55,FERREYRA/BUSTAMANTE,SANTA ROSA,16726,CAMBIO DE ACOMETIDA,VALLE VIEJO
80401,2025-09-27 12:17:29,SIN SERVICIO (INTERNET),2025-09-30 08:45:39,JUAN OVEJERO,CENTRO,20408,CAMBIO DE ACOMETIDA,UNET TINOGASTA
80404,2025-09-27 12:28:20,SIN SERVICIO (INTERNET),2025-09-29 18:42:55,FERREYRA/BUSTAMANTE,LA TERCENA,18524,CAMBIO DE ACOMETIDA,VALLE VIEJO
80408,2025-09-29 08:00:06,SIN SERVICIO (INTERNET),2025-09-29 08:00:55,FERREYRA/BUSTAMANTE,SANTA ROSA,24138,CAMBIO DE ACOMETIDA,VALLE VIEJO
80416,2025-09-29 08:51:43,SIN SERVICIO (INTERNET),2025-09-30 19:18:59,ABALLAY/B UNZAGA,SANTA ROSA,21975,CAMBIO DE ACOMETIDA,VALLE VIEJO
80421,2025-09-29 09:04:45,SIN SERVICIO (INTERNET),2025-10-01 17:59:52,CARPIO/LOPEZ,LA FALDA DE SAN ANTONIO,7604,CAMBIO DE ACOMETIDA,VALLE VIEJO
80423,2025-09-29 09:11:14,SIN SERVICIO (INTERNET),2025-10-01 17:59:52,CARPIO/LOPEZ,SAN ANTONIO,7762,CAMBIO DE ACOMETIDA,VALLE VIEJO
80425,2025-09-29 09:12:35,SIN SERVICIO (INTERNET),2025-09-30 08:45:39,JULIO DIAZ,200 VIVIENDAS,2733,CAMBIO DE ACOMETIDA,UNET TINOGASTA
80431,2025-09-29 09:32:13,SIN SERVICIO (INTERNET),2025-10-01 17:59:52,CARPIO/LOPEZ,LA CARRERA,21403,CAMBIO DE ACOMETIDA,VALLE VIEJO
80434,2025-09-29 09:39:23,SIN SERVICIO (INTERNET),2025-10-01 17:59:52,CARPIO/LOPEZ,LA FALDA DE SAN ANTONIO,8945,CAMBIO DE ACOMETIDA,VALLE VIEJO
80440,2025-09-29 09:54:06,SIN SERVICIO (INTERNET),2025-09-30 19:18:59,ABALLAY/B UNZAGA,SANTA ROSA,20058,CAMBIO DE ACOMETIDA,VALLE VIEJO
80442,2025-09-29 09:57:42,SIN SERVICIO (INTERNET),2025-10-04 10:19:27,ABALLAY/B UNZAGA,50 VIVIENDAS NORTE,16462,CAMBIO DE ACOMETIDA,VALLE VIEJO
80446,2025-09-29 10:02:45,SIN SERVICIO (INTERNET),2025-10-06 11:00:53,ABALLAY/B UNZAGA,SUMALAO,21698,CAMBIO DE ACOMETIDA,VALLE VIEJO
80447,2025-09-29 10:03:18,SIN SERVICIO (INTERNET),2025-10-03 11:11:51,ABALLAY/B UNZAGA,POZO DE MISTOL,6492,CAMBIO DE ACOMETIDA,VALLE VIEJO
80449,2025-09-29 10:04:39,SIN SERVICIO (INTERNET),2025-10-01 17:59:52,FERREYRA/BUSTAMANTE,SAN JOSE,9686,CAMBIO DE ACOMETIDA,VALLE VIEJO
80458,2025-09-29 11:07:58,SIN SERVICIO (INTERNET),2025-09-30 08:45:39,AGUIRRE WALTER OSVALDO,TINOGASTA,2854,CAMBIO DE ACOMETIDA,UNET TINOGASTA
80462,2025-09-29 11:43:28,SIN SERVICIO (INTERNET),2025-10-04 10:19:27,ABALLAY/B UNZAGA,POZO DE MISTOL,6974,CAMBIO DE ACOMETIDA,VALLE VIEJO
80463,2025-09-29 11:47:43,SIN SERVICIO (INTERNET),2025-10-03 11:11:51,ABALLAY/B UNZAGA,SAN JOSE,18814,CAMBIO DE ACOMETIDA,VALLE VIEJO
80471,2025-09-29 13:10:31,SIN SERVICIO (INTERNET),2025-09-30 19:18:59,ABALLAY/B UNZAGA,SAN ANTONIO,21401,CAMBIO DE ACOMETIDA,VALLE VIEJO
80476,2025-09-29 16:03:26,SIN SERVICIO (INTERNET),2025-10-04 10:19:27,ABALLAY/B UNZAGA,SUMALAO,9186,CAMBIO DE ACOMETIDA,VALLE VIEJO
80477,2025-09-29 16:13:34,SIN SERVICIO (INTERNET),2025-10-02 19:26:52,CARPIO/LOPEZ,SAN ANTONIO,6596,CAMBIO DE ACOMETIDA,VALLE VIEJO
80479,2025-09-29 16:27:15,SIN SERVICIO (INTERNET),2025-10-01 17:59:52,FERREYRA/BUSTAMANTE,LA TERCENA,18605,CAMBIO DE ACOMETIDA,VALLE VIEJO
80480,2025-09-29 16:29:05,SIN SERVICIO (INTERNET),2025-10-02 11:28:43,ABALLAY/B UNZAGA,SANTA ROSA,3617,CAMBIO DE ACOMETIDA,VALLE VIEJO
80482,2025-09-29 16:40:19,SIN SERVICIO (INTERNET),2025-10-03 11:11:51,ABALLAY/B UNZAGA,LA FALDA DE SAN ANTONIO,5910,CAMBIO DE LUGAR DEL CABLE DE ACOMETIDA,VALLE VIEJO
80483,2025-09-29 16:46:16,SIN SERVICIO (INTERNET),2025-10-01 17:59:52,FERREYRA/BUSTAMANTE,SAN JOSE,16106,CAMBIO DE ACOMETIDA,VALLE VIEJO
80486,2025-09-29 17:12:23,SIN SERVICIO (INTERNET),2025-10-01 17:59:52,FERREYRA/BUSTAMANTE,SAN JOSE,19208,CAMBIO DE ACOMETIDA,VALLE VIEJO
80489,2025-09-29 17:50:59,SIN SERVICIO (INTERNET),2025-10-01 17:59:52,FERREYRA/BUSTAMANTE,SAN JOSE,9238,CAMBIO DE ACOMETIDA,VALLE VIEJO
80490,2025-09-29 17:59:40,SIN SERVICIO (INTERNET),2025-09-30 19:18:59,ABALLAY/B UNZAGA,SANTA ROSA,5703,CAMBIO DE ACOMETIDA,VALLE VIEJO
80493,2025-09-29 18:24:54,SIN SERVICIO (INTERNET),2025-09-30 17:28:49,FERREYRA/BUSTAMANTE,SAN ANTONIO,22344,CAMBIO DE ACOMETIDA,VALLE VIEJO
80497,2025-09-29 19:21:52,SIN SERVICIO (INTERNET),2025-09-30 08:45:39,JULIO DIAZ,LA PAZ,16285,CAMBIO DE ACOMETIDA,UNET TINOGASTA
80499,2025-09-29 19:39:41,SIN SERVICIO (INTERNET),2025-10-01 17:59:52,FERREYRA/BUSTAMANTE,SAN JOSE,17396,CAMBIO DE LUGAR DEL CABLE DE ACOMETIDA,VALLE VIEJO
80501,2025-09-29 19:56:02,SIN SERVICIO (INTERNET),2025-09-30 08:45:39,JULIO DIAZ,TINOGASTA,18476,CAMBIO DE ACOMETIDA,UNET TINOGASTA
80502,2025-09-30 08:23:19,SIN SERVICIO (INTERNET),2025-09-30 17:28:49,FERREYRA/BUSTAMANTE,SANTA ROSA,5822,CAMBIO DE ACOMETIDA,VALLE VIEJO
80509,2025-09-30 09:31:52,SIN SERVICIO (INTERNET),2025-10-02 19:26:52,CARPIO/LOPEZ,LA CARRERA,19412,CAMBIO DE ACOMETIDA,VALLE VIEJO
80510,2025-09-30 09:35:26,MODIFICAR BAJADA,2025-10-01 11:19:06,MARTINES PABLO,SAN MARTÃƒÂN,24008,CAMBIO DE TRAMO DE CABLE,CHUMBICHA
80511,2025-09-30 10:16:33,SIN SERVICIO (INTERNET),2025-10-04 10:19:27,ABALLAY/B UNZAGA,SUMALAO,9706,CAMBIO DE ACOMETIDA,VALLE VIEJO
80513,2025-09-30 10:48:28,SIN SERVICIO (INTERNET),2025-10-03 08:37:41,JUAN OVEJERO,LA CANDELARIA,23974,CAMBIO DE ACOMETIDA,UNET TINOGASTA
80514,2025-09-30 10:50:59,SIN SERVICIO (INTERNET),2025-10-03 19:30:13,CARPIO/LOPEZ,SAN ISIDRO,18977,CAMBIO DE ACOMETIDA,VALLE VIEJO
80540,2025-09-30 18:36:48,SIN SERVICIO (INTERNET),2025-10-02 19:26:52,CARPIO/LOPEZ,PORTAL NORTE 3,19796,CAMBIO DE ACOMETIDA,VALLE VIEJO
80550,2025-09-30 19:23:08,SIN SERVICIO (INTERNET),2025-10-02 08:36:50,JUAN OVEJERO,100 VIVIENDAS,17346,CAMBIO DE ACOMETIDA,UNET TINOGASTA
80559,2025-09-30 19:55:56,SIN SERVICIO (INTERNET),2025-09-30 19:56:06,FERREYRA/BUSTAMANTE,EL HUECO,16326,CAMBIO DE ACOMETIDA,VALLE VIEJO
80572,2025-10-01 10:05:13,SIN SERVICIO (INTERNET),2025-10-04 10:19:27,ABALLAY/B UNZAGA,SAN ISIDRO,17596,CAMBIO DE ACOMETIDA,VALLE VIEJO
80573,2025-10-01 10:09:12,SIN SERVICIO (INTERNET),2025-10-04 10:19:27,ABALLAY/B UNZAGA,SUMALAO,6965,CAMBIO DE ACOMETIDA,VALLE VIEJO
80590,2025-10-01 11:28:12,MODIFICAR BAJADA,2025-10-01 16:59:52,MARTINES PABLO,SAN MARTÃƒÂN,47,CAMBIO DE TRAMO DE CABLE,CHUMBICHA
80591,2025-10-01 11:43:43,SIN SERVICIO (INTERNET),2025-10-01 16:59:52,MARTINES PABLO,HOSPITAL,8389,CAMBIO DE TRAMO DE CABLE,CHUMBICHA
80593,2025-10-01 11:47:13,SIN SERVICIO (INTERNET),2025-10-06 18:37:48,CARPIO/LOPEZ,LA CARRERA,22973,CAMBIO DE ACOMETIDA,VALLE VIEJO
80615,2025-10-01 16:47:41,SIN SERVICIO (INTERNET),2025-10-04 10:19:27,ABALLAY/B UNZAGA,SANTA ROSA,4765,CAMBIO DE ACOMETIDA,VALLE VIEJO
80616,2025-10-01 16:48:05,SIN SERVICIO (INTERNET),2025-10-03 08:37:41,JUAN OVEJERO,TINOGASTA,7918,CAMBIO DE ACOMETIDA,UNET TINOGASTA
80620,2025-10-01 17:58:12,SIN SERVICIO (INTERNET),2025-10-07 10:49:14,ABALLAY/B UNZAGA,SAN ANTONIO,20188,CAMBIO DE ACOMETIDA,VALLE VIEJO
80621,2025-10-01 17:59:42,SIN SERVICIO (INTERNET),2025-10-07 10:49:14,ABALLAY/B UNZAGA,SIERRA BRAVA,16936,CAMBIO DE ACOMETIDA,VALLE VIEJO
80622,2025-10-01 18:13:58,SIN SERVICIO (INTERNET),2025-10-06 11:00:53,ABALLAY/B UNZAGA,SAN ANTONIO,8099,CAMBIO DE ACOMETIDA,VALLE VIEJO
80623,2025-10-01 18:23:12,SIN SERVICIO (INTERNET),2025-10-03 08:37:41,JUAN OVEJERO,SANTA ROSA,1384,CAMBIO DE ACOMETIDA,UNET TINOGASTA
80627,2025-10-01 19:04:22,PROBLEMAS DE SEÃƒÂ‘AL,2025-10-07 19:12:07,ABALLAY/B UNZAGA,SUMALAO,8919,CAMBIO DE ACOMETIDA,VALLE VIEJO
80633,2025-10-02 08:49:41,SIN SERVICIO (INTERNET),2025-10-06 18:37:48,CARPIO/LOPEZ,SAN ANTONIO,15332,CAMBIO DE ACOMETIDA,VALLE VIEJO
80690,2025-10-02 10:44:10,SIN SERVICIO (INTERNET),2025-10-03 19:30:13,CARPIO/LOPEZ,POZO DE MISTOL,15115,CAMBIO DE ACOMETIDA,VALLE VIEJO
80693,2025-10-02 11:02:47,SIN SERVICIO (INTERNET),2025-10-08 08:39:51,AGUIRRE WALTER OSVALDO,CENTRO,17510,CAMBIO DE ACOMETIDA,UNET TINOGASTA
80745,2025-10-02 18:29:38,SIN SERVICIO (INTERNET),2025-10-06 17:57:48,ARAGON/SOSA,SAN JOSE,15914,CAMBIO DE ACOMETIDA,VALLE VIEJO
80747,2025-10-02 18:34:54,PROBLEMAS DE SEÃƒÂ‘AL,2025-10-03 19:30:13,ARAGON/SOSA,SUMALAO,15913,CAMBIO DE ACOMETIDA,VALLE VIEJO
80751,2025-10-02 19:09:53,SIN SERVICIO (INTERNET),2025-10-03 19:30:13,ARAGON/SOSA,LA TERCENA,18606,CAMBIO DE ACOMETIDA,VALLE VIEJO
80755,2025-10-02 19:44:12,SIN SERVICIO (INTERNET),2025-10-03 19:30:13,ARAGON/SOSA,SAN ISIDRO,23129,CAMBIO DE ACOMETIDA,VALLE VIEJO
80777,2025-10-03 09:20:19,SIN SERVICIO (INTERNET),2025-10-07 17:45:34,ARAGON/SOSA,SAN JOSE,17022,CAMBIO DE ACOMETIDA,VALLE VIEJO
80793,2025-10-03 10:29:00,SIN SERVICIO (INTERNET),2025-10-07 08:40:23,JUAN OVEJERO,TINOGASTA,2870,CAMBIO DE ACOMETIDA,UNET TINOGASTA
80800,2025-10-03 11:40:05,SIN SERVICIO (INTERNET),2025-10-07 19:12:07,ABALLAY/B UNZAGA,SANTA ROSA,4324,CAMBIO DE ACOMETIDA,VALLE VIEJO
80810,2025-10-03 16:16:22,SIN SERVICIO (INTERNET),2025-10-06 08:29:54,AGUIRRE WALTER OSVALDO,TINOGASTA,16053,CAMBIO DE ACOMETIDA,UNET TINOGASTA
80831,2025-10-03 19:32:37,SIN SERVICIO (INTERNET),2025-10-06 08:29:54,AGUIRRE WALTER OSVALDO,CENTRO,936,CAMBIO DE ACOMETIDA,UNET TINOGASTA
80834,2025-10-03 20:19:51,SIN SERVICIO (INTERNET),2025-10-07 08:40:23,JUAN OVEJERO,TINOGASTA,2261,CAMBIO DE ACOMETIDA,UNET TINOGASTA
80836,2025-10-04 08:49:55,SIN SERVICIO (INTERNET),2025-10-07 08:40:23,JUAN OVEJERO,TINOGASTA,2863,CAMBIO DE ACOMETIDA,UNET TINOGASTA
80874,2025-10-04 12:31:41,SIN SERVICIO (INTERNET),2025-10-08 08:39:51,JUAN OVEJERO,TINOGASTA,2190,CAMBIO DE ACOMETIDA,UNET TINOGASTA
80879,2025-10-06 08:51:47,SIN SERVICIO (INTERNET),2025-10-07 17:45:34,ARAGON/SOSA,SAN JOSE,20412,CAMBIO DE ACOMETIDA,VALLE VIEJO
80881,2025-10-06 09:07:59,SIN SERVICIO (INTERNET),2025-10-08 17:29:27,JUAN OVEJERO,70 VIVIENDAS,309,CAMBIO DE ACOMETIDA,UNET TINOGASTA
80885,2025-10-06 09:21:32,SIN SERVICIO,2025-10-08 17:29:27,JUAN OVEJERO,200 VIVIENDAS,2698,CAMBIO DE ACOMETIDA,UNET TINOGASTA
80887,2025-10-06 09:21:54,SIN SERVICIO (INTERNET),2025-10-07 17:45:34,ARAGON/SOSA,SAN JOSE,17202,CAMBIO DE ACOMETIDA,VALLE VIEJO
80901,2025-10-06 09:56:08,SIN SERVICIO (INTERNET),2025-10-07 17:45:34,ARAGON/SOSA,BANDA DE VARELA,19479,CAMBIO DE ACOMETIDA,VALLE VIEJO
80917,2025-10-06 10:32:05,SIN SERVICIO (INTERNET),2025-10-13 08:36:41,JUAN OVEJERO,LOS ROBLEDOS,7092,CAMBIO DE ACOMETIDA,UNET TINOGASTA
80919,2025-10-06 10:56:50,SIN SERVICIO (INTERNET),2025-10-07 17:45:34,CARPIO/LOPEZ,POZO DE MISTOL,7167,CAMBIO DE ACOMETIDA,VALLE VIEJO
80923,2025-10-06 11:29:27,SIN SERVICIO (INTERNET),2025-10-07 19:12:07,ABALLAY/B UNZAGA,SANTA ROSA,21304,CAMBIO DE ACOMETIDA,VALLE VIEJO
80929,2025-10-06 11:53:06,SIN SERVICIO (INTERNET),2025-10-07 17:45:34,ARAGON/SOSA,SAN JOSE,17236,CAMBIO DE ACOMETIDA,VALLE VIEJO
80930,2025-10-06 12:12:56,VERIFICAR SERVICIO,2025-10-08 17:29:27,JUAN OVEJERO,31 VIVIENDAS,2352,CAMBIO DE ACOMETIDA,UNET TINOGASTA
80934,2025-10-06 12:31:38,SIN SERVICIO (INTERNET),2025-10-10 08:43:25,JUAN OVEJERO,SANTA ROSA,2715,CAMBIO DE ACOMETIDA,UNET TINOGASTA
80940,2025-10-06 16:49:11,SIN SERVICIO (INTERNET),2025-10-07 17:45:34,CARPIO/LOPEZ,SUMALAO,5093,CAMBIO DE ACOMETIDA,VALLE VIEJO
80950,2025-10-06 18:33:08,SIN SERVICIO (INTERNET),2025-10-07 17:45:34,CARPIO/LOPEZ,SUMALAO,7554,CAMBIO DE ACOMETIDA,VALLE VIEJO
80953,2025-10-06 18:44:05,SIN SERVICIO (INTERNET),2025-10-13 08:36:41,JUAN OVEJERO,TINOGASTA,7918,CAMBIO DE ACOMETIDA,UNET TINOGASTA
80955,2025-10-06 18:53:23,SIN SERVICIO (INTERNET),2025-10-08 17:29:27,JUAN OVEJERO,LA PAZ,964,CAMBIO DE ACOMETIDA,UNET TINOGASTA
80972,2025-10-07 09:23:39,FIBRA DE TRANSPORTE DAÃƒÂ‘ADA,2025-10-09 08:05:46,ABALLAY/B UNZAGA,SAN ISIDRO,7770,CAMBIO DE ACOMETIDA,VALLE VIEJO
80975,2025-10-07 09:39:57,SIN SERVICIO (INTERNET),2025-10-09 08:05:46,ABALLAY/B UNZAGA,POZO DE MISTOL,15262,CAMBIO DE ACOMETIDA,VALLE VIEJO
80976,2025-10-07 09:41:04,SIN SERVICIO (INTERNET),2025-10-08 16:18:50,ARAGON/SOSA,SAN ANTONIO,3409,CAMBIO DE ACOMETIDA,VALLE VIEJO
80978,2025-10-07 09:48:55,SIN SERVICIO (INTERNET),2025-10-08 16:58:24,CARPIO/LOPEZ,SANTA ROSA,9620,REPARACION DE FO,VALLE VIEJO
80981,2025-10-07 09:55:13,RED EN EL SUELO,2025-10-08 16:18:50,UNET SOPORTE VV,SAN JOSE,17743,REPARACION DE FO,VALLE VIEJO
80982,2025-10-07 09:57:26,SIN SERVICIO (INTERNET),2025-10-08 17:29:27,AGUIRRE WALTER OSVALDO,CENTRO,17512,CAMBIO DE ACOMETIDA,UNET TINOGASTA
80988,2025-10-07 10:39:37,SIN SERVICIO (INTERNET),2025-10-08 17:29:27,AGUIRRE WALTER OSVALDO,CENTRO,2450,CAMBIO DE ACOMETIDA,UNET TINOGASTA
81001,2025-10-07 11:41:10,FIBRA DE TRANSPORTE DAÃƒÂ‘ADA,2025-10-08 16:18:50,ARAGON/SOSA,SAN JOSE,19046,CAMBIO DE ACOMETIDA,VALLE VIEJO
81026,2025-10-07 16:30:45,SIN SERVICIO (INTERNET),2025-10-08 16:18:50,UNET SOPORTE VV,SAN JOSE,18610,REPARACION DE FO,VALLE VIEJO
81029,2025-10-07 17:44:18,MODIFICAR BAJADA,2025-10-09 19:30:02,ARAGON/SOSA,SAN JOSE,18611,CAMBIO DE LUGAR DEL CABLE DE ACOMETIDA,VALLE VIEJO
81030,2025-10-07 17:58:39,RED EN EL SUELO,2025-10-09 08:05:46,ABALLAY/B UNZAGA,POZO DE MISTOL,23355,CAMBIO DE LUGAR DEL CABLE DE ACOMETIDA,VALLE VIEJO
81032,2025-10-07 18:21:19,SIN SERVICIO (INTERNET),2025-10-08 16:18:50,UNET SOPORTE VV,SAN JOSE,7966,REPARACION DE FO,VALLE VIEJO
81043,2025-10-08 09:08:59,SIN SERVICIO,2025-10-08 17:29:27,AGUIRRE WALTER OSVALDO,TINOGASTA,2743,CAMBIO DE ACOMETIDA,UNET TINOGASTA
81065,2025-10-08 10:23:54,SIN SERVICIO (INTERNET),2025-10-09 19:30:02,ABALLAY/B UNZAGA,SANTA ROSA,14736,CAMBIO DE ACOMETIDA,VALLE VIEJO
81066,2025-10-08 10:34:26,VERIFICAR SERVICIO,2025-10-21 13:22:33,ABALLAY/B UNZAGA,SUMALAO,14722,CAMBIO DE ACOMETIDA,VALLE VIEJO
81071,2025-10-08 10:58:19,SIN SERVICIO (INTERNET),2025-10-09 18:23:53,CARPIO/LOPEZ,SAN JOSE,16573,CAMBIO DE ACOMETIDA,VALLE VIEJO
81072,2025-10-08 11:09:19,SIN SERVICIO (INTERNET),2025-10-09 19:56:40,CARPIO/LOPEZ,LA FALDA DE SAN ANTONIO,16363,CAMBIO DE ACOMETIDA,VALLE VIEJO
81075,2025-10-08 11:20:13,RED EN EL SUELO,2025-10-09 18:23:53,CARPIO/LOPEZ,SAN JOSE,8891,CAMBIO DE LUGAR DEL CABLE DE ACOMETIDA,VALLE VIEJO
81076,2025-10-08 11:40:39,SIN SERVICIO (INTERNET),2025-10-10 08:43:25,JULIO DIAZ,CENTRO,702,CAMBIO DE ACOMETIDA,UNET TINOGASTA
81082,2025-10-08 12:17:41,SIN SERVICIO (INTERNET),2025-10-10 08:28:57,AGUIRRE WALTER OSVALDO,70 VIVIENDAS,8144,CAMBIO DE ACOMETIDA,UNET TINOGASTA
81117,2025-10-08 18:27:55,NAVEGACION LENTA,2025-10-10 08:28:57,AGUIRRE WALTER OSVALDO,TINOGASTA,24094,CAMBIO DE ACOMETIDA,UNET TINOGASTA
81151,2025-10-09 10:22:05,SIN SERVICIO (INTERNET),2025-10-13 17:26:13,ABALLAY/B UNZAGA,SAN ISIDRO,7363,CAMBIO DE ACOMETIDA,VALLE VIEJO
81159,2025-10-09 11:23:36,SIN SERVICIO (INTERNET),2025-10-13 08:36:41,AGUIRRE WALTER OSVALDO,SANTA ROSA,1541,CAMBIO DE ACOMETIDA,UNET TINOGASTA
81161,2025-10-09 11:29:29,SIN SERVICIO (INTERNET),2025-10-10 12:28:39,UNET SOPORTE VV,LOMA NEGRA,23670,REPARACION DE FO,VALLE VIEJO
81171,2025-10-09 17:03:24,SIN SERVICIO (INTERNET),2025-10-14 09:01:39,CARPIO/LOPEZ,SAN JOSE,15387,CAMBIO DE ACOMETIDA,VALLE VIEJO
81173,2025-10-09 17:16:16,SIN SERVICIO (INTERNET),2025-10-13 17:26:13,ABALLAY/B UNZAGA,LA CHACARITA,19867,CAMBIO DE ACOMETIDA,VALLE VIEJO
81187,2025-10-10 08:53:15,SIN SERVICIO (INTERNET),2025-10-15 09:03:39,JULIO DIAZ,TINOGASTA,2846,CAMBIO DE ACOMETIDA,UNET TINOGASTA
81190,2025-10-10 09:09:19,SIN SERVICIO (INTERNET),2025-10-10 12:13:26,SOSA/ARAGON,EL RODEO,22934,CAMBIO DE ACOMETIDA,EL RODEO
81219,2025-10-10 11:59:47,SIN SERVICIO (INTERNET),2025-10-15 07:52:45,ABALLAY/B UNZAGA,SUMALAO,8520,CAMBIO DE ACOMETIDA,VALLE VIEJO
81224,2025-10-13 08:03:21,SIN SERVICIO (INTERNET),2025-10-14 09:01:39,CARPIO/LOPEZ,SANTA ROSA,8924,REPARACION DE FO,VALLE VIEJO
81226,2025-10-13 08:33:29,SIN SERVICIO (INTERNET),2025-10-13 19:07:45,UNET SOPORTE VV,SANTA ROSA,17663,REPARACION DE FO,VALLE VIEJO
81228,2025-10-13 08:46:45,SIN SERVICIO (INTERNET),2025-10-13 08:36:41,JUAN OVEJERO,VILLA SAN ROQUE,7739,CAMBIO DE ACOMETIDA,UNET TINOGASTA
81230,2025-10-13 08:47:48,SIN SERVICIO (INTERNET),2025-10-13 08:36:41,AGUIRRE WALTER OSVALDO,TINOGASTA,20363,CAMBIO DE ACOMETIDA,UNET TINOGASTA
81231,2025-10-13 08:50:50,SIN SERVICIO (INTERNET),2025-10-15 07:52:45,ABALLAY/B UNZAGA,SANTA ROSA,4940,CAMBIO DE ACOMETIDA,VALLE VIEJO
81243,2025-10-13 09:39:38,SIN SERVICIO (INTERNET),2025-10-15 07:52:45,ABALLAY/B UNZAGA,SAN ANTONIO,16154,CAMBIO DE ACOMETIDA,VALLE VIEJO
81247,2025-10-13 09:48:03,SIN SERVICIO (INTERNET),2025-10-14 09:01:39,CARPIO/LOPEZ,POZO DE MISTOL,9336,CAMBIO DE ACOMETIDA,VALLE VIEJO
81252,2025-10-13 10:16:27,SIN SERVICIO (INTERNET),2025-10-17 10:43:29,ABALLAY/B UNZAGA,SAN ANTONIO,8742,CAMBIO DE ACOMETIDA,VALLE VIEJO
81253,2025-10-13 10:18:00,SIN SERVICIO (INTERNET),2025-10-15 07:52:45,CARPIO/LOPEZ,SANTA ROSA,4061,CAMBIO DE ACOMETIDA,VALLE VIEJO
81287,2025-10-13 11:23:39,SIN SERVICIO (INTERNET),2025-10-15 07:52:45,CARPIO/LOPEZ,SANTA ROSA,3591,REPARACION DE FO,VALLE VIEJO
81292,2025-10-13 11:38:41,SIN SERVICIO (INTERNET),2025-10-15 08:47:30,AGUIRRE WALTER OSVALDO,TINOGASTA,17634,CAMBIO DE ACOMETIDA,UNET TINOGASTA
81300,2025-10-13 16:22:35,SIN SERVICIO (INTERNET),2025-10-15 07:52:45,CARPIO/LOPEZ,SANTA ROSA,16583,CAMBIO DE ACOMETIDA,VALLE VIEJO
81324,2025-10-13 19:46:47,SIN SERVICIO (INTERNET),2025-10-15 19:30:05,ABALLAY/B UNZAGA,SAN JOSE,7204,CAMBIO DE ACOMETIDA,VALLE VIEJO
81328,2025-10-14 08:36:45,SIN SERVICIO (INTERNET),2025-10-15 09:03:39,JUAN OVEJERO,TINOGASTA,3030,CAMBIO DE ACOMETIDA,UNET TINOGASTA
81345,2025-10-14 11:15:15,SIN SERVICIO (INTERNET),2025-10-17 10:43:29,ABALLAY/B UNZAGA,BANDA DE VARELA,21734,CAMBIO DE ACOMETIDA,VALLE VIEJO
81347,2025-10-14 11:24:48,SIN SERVICIO (INTERNET),2025-10-17 10:43:29,ABALLAY/B UNZAGA,SAN JOSE,14503,CAMBIO DE ACOMETIDA,VALLE VIEJO
81351,2025-10-14 11:53:55,SIN SERVICIO (INTERNET),2025-10-16 10:10:30,CARPIO/LOPEZ,SANTA ROSA,15342,CAMBIO DE ACOMETIDA,VALLE VIEJO
81371,2025-10-14 16:38:22,SIN SERVICIO (INTERNET),2025-10-16 10:10:30,CARPIO/LOPEZ,SANTA ROSA,9712,CAMBIO DE ACOMETIDA,VALLE VIEJO
81372,2025-10-14 16:44:23,SIN SERVICIO (INTERNET),2025-10-16 10:10:30,CARPIO/LOPEZ,SANTA ROSA,6050,CAMBIO DE ACOMETIDA,VALLE VIEJO
81377,2025-10-14 18:02:53,SIN SERVICIO (INTERNET),2025-10-16 10:10:30,CARPIO/LOPEZ,SANTA ROSA,6971,CAMBIO DE ACOMETIDA,VALLE VIEJO
81391,2025-10-15 08:47:17,SIN SERVICIO (INTERNET),2025-10-16 08:35:00,AGUIRRE WALTER OSVALDO,TINOGASTA,2743,CAMBIO DE ACOMETIDA,UNET TINOGASTA
81410,2025-10-15 10:13:04,SIN SERVICIO (INTERNET),2025-10-17 10:43:29,CARPIO/LOPEZ,SANTA ROSA,8893,CAMBIO DE ACOMETIDA,VALLE VIEJO
81412,2025-10-15 10:17:53,SIN SERVICIO (INTERNET),2025-10-17 10:43:29,CARPIO/LOPEZ,SANTA ROSA,7614,CAMBIO DE ACOMETIDA,VALLE VIEJO
81422,2025-10-15 11:12:03,SIN SERVICIO (INTERNET),2025-10-17 18:10:40,ABALLAY/B UNZAGA,LA CARRERA,23833,CAMBIO DE ACOMETIDA,VALLE VIEJO
81448,2025-10-15 16:03:31,SIN SERVICIO (INTERNET),2025-10-17 18:10:40,ABALLAY/B UNZAGA,LA TERCENA,23635,CAMBIO DE ACOMETIDA,VALLE VIEJO
81452,2025-10-15 17:22:09,SIN SERVICIO (INTERNET),2025-10-17 18:10:40,ABALLAY/B UNZAGA,SAN ANTONIO,3987,CAMBIO DE ACOMETIDA,VALLE VIEJO
81457,2025-10-15 18:43:57,SIN SERVICIO (INTERNET),2025-10-23 08:00:44,CARPIO/LOPEZ,SANTA ROSA,3913,CAMBIO DE ACOMETIDA,VALLE VIEJO
81485,2025-10-16 09:11:25,SIN SERVICIO (INTERNET),2025-10-18 11:05:43,CARPIO/LOPEZ,SAN ISIDRO,17540,CAMBIO DE ACOMETIDA,VALLE VIEJO
81513,2025-10-16 12:49:05,MODIFICAR BAJADA,2025-10-17 17:01:12,FERREYRA/BUSTAMANTE,LA TERCENA,17041,CAMBIO DE ACOMETIDA,VALLE VIEJO
81536,2025-10-16 16:05:12,SIN SERVICIO (INTERNET),2025-10-21 13:22:33,CARPIO/LOPEZ,SAN JOSE,19877,CAMBIO DE ACOMETIDA,VALLE VIEJO
81543,2025-10-16 17:57:57,SIN SERVICIO (INTERNET),2025-10-18 11:05:43,CARPIO/LOPEZ,SANTA ROSA,14990,CAMBIO DE ACOMETIDA,VALLE VIEJO
81546,2025-10-16 18:56:14,SIN SERVICIO (INTERNET),2025-10-18 08:46:26,AGUIRRE WALTER OSVALDO,CENTRO,1068,CAMBIO DE ACOMETIDA,UNET TINOGASTA
81551,2025-10-16 19:33:33,SIN SERVICIO (INTERNET),2025-10-18 11:05:43,CARPIO/LOPEZ,POZO DE MISTOL,8185,CAMBIO DE ACOMETIDA,VALLE VIEJO
81587,2025-10-17 11:53:46,SIN SERVICIO (INTERNET),2025-10-21 08:56:11,JULIO DIAZ,TINOGASTA,24126,CAMBIO DE ACOMETIDA,UNET TINOGASTA
81644,2025-10-17 13:47:55,SIN SERVICIO (INTERNET),2025-10-21 19:18:07,CARPIO/LOPEZ,SANTA ROSA,15778,CAMBIO DE ACOMETIDA,VALLE VIEJO
81650,2025-10-17 18:10:08,SIN SERVICIO (INTERNET),2025-10-21 11:46:48,ABALLAY/B UNZAGA,PORTAL NORTE 1,18939,REPARACION DE FO,VALLE VIEJO
81653,2025-10-17 18:25:52,MODIFICAR BAJADA,2025-11-04 00:00:00,FERREYRA/BUSTAMANTE,SANTA ROSA,20085,CAMBIO DE ACOMETIDA,VALLE VIEJO
81668,2025-10-18 09:44:47,SIN SERVICIO (INTERNET),2025-10-22 08:31:56,JUAN OVEJERO,TINOGASTA,21259,CAMBIO DE ACOMETIDA,UNET TINOGASTA
81685,2025-10-18 12:19:26,SIN SERVICIO (INTERNET),2025-10-21 11:46:48,ABALLAY/B UNZAGA,SANTA ROSA,17781,CAMBIO DE ACOMETIDA,VALLE VIEJO
81689,2025-10-18 12:41:48,SIN SERVICIO (INTERNET),2025-10-18 12:46:37,ARAGON - SOSA,BANDA SUD (ZONA 2),23109,CAMBIO DE ACOMETIDA,LA PUERTA
81705,2025-10-20 08:55:06,SIN SERVICIO (INTERNET),2025-10-23 08:46:48,CARPIO/LOPEZ,SUMALAO,14915,CAMBIO DE ACOMETIDA,VALLE VIEJO
81707,2025-10-20 09:08:34,SIN SERVICIO (INTERNET),2025-10-22 08:31:56,JUAN OVEJERO,TINOGASTA,7918,CAMBIO DE ACOMETIDA,UNET TINOGASTA
81709,2025-10-20 09:17:30,SIN SERVICIO (INTERNET),2025-10-21 08:56:11,JULIO DIAZ,CENTRO,20910,CAMBIO DE ACOMETIDA,UNET TINOGASTA
81717,2025-10-20 09:39:54,SIN SERVICIO (INTERNET),2025-10-22 10:07:51,ABALLAY/B UNZAGA,BANDA DE VARELA,23638,CAMBIO DE ACOMETIDA,VALLE VIEJO
81719,2025-10-20 09:58:03,SIN SERVICIO (INTERNET),2025-10-22 10:07:51,CARPIO/LOPEZ,VILLA DOLORES,7574,CAMBIO DE ACOMETIDA,VALLE VIEJO
81720,2025-10-20 10:00:11,SIN SERVICIO (INTERNET),2025-10-21 19:18:07,CARPIO/LOPEZ,SANTA ROSA,24363,CAMBIO DE ACOMETIDA,VALLE VIEJO
81738,2025-10-20 10:41:00,SIN SERVICIO (INTERNET),2025-10-24 10:28:53,UNET SOPORTE VV,SUMALAO,24055,REPARACION DE FO,VALLE VIEJO
81741,2025-10-20 10:45:39,SIN SERVICIO (INTERNET),2025-10-23 08:00:44,FERREYRA/BUSTAMANTE,SANTA ROSA,22786,CAMBIO DE ACOMETIDA,VALLE VIEJO
81742,2025-10-20 10:50:26,SIN SERVICIO (INTERNET),2025-10-21 15:43:28,ABALLAY/B UNZAGA,SAN ISIDRO,7753,REPARACION DE FO,VALLE VIEJO
81747,2025-10-20 11:17:46,SIN SERVICIO (INTERNET),2025-10-22 10:07:51,ABALLAY/B UNZAGA,BANDA DE VARELA,22828,CAMBIO DE ACOMETIDA,VALLE VIEJO
81767,2025-10-20 14:33:35,SIN SERVICIO (INTERNET),2025-10-22 11:53:20,ABALLAY/B UNZAGA,LA TERCENA,19638,CAMBIO DE ACOMETIDA,VALLE VIEJO
81769,2025-10-20 15:00:25,SIN SERVICIO (INTERNET),2025-10-22 10:07:51,ABALLAY/B UNZAGA,SUMALAO,6017,CAMBIO DE ACOMETIDA,VALLE VIEJO
81783,2025-10-20 17:47:24,SIN SERVICIO (INTERNET),2025-10-22 10:07:51,ABALLAY/B UNZAGA,LA TERCENA,22214,CAMBIO DE ACOMETIDA,VALLE VIEJO
81784,2025-10-20 17:49:20,SIN SERVICIO (INTERNET),2025-10-22 10:07:51,FERREYRA/BUSTAMANTE,SANTA ROSA,6886,CAMBIO DE ACOMETIDA,VALLE VIEJO
81786,2025-10-20 18:30:40,SIN SERVICIO (INTERNET),2025-10-22 10:07:51,ABALLAY/B UNZAGA,SUMALAO,8017,CAMBIO DE ACOMETIDA,VALLE VIEJO
81792,2025-10-20 19:05:42,SIN SERVICIO (INTERNET),2025-10-22 10:07:51,ABALLAY/B UNZAGA,SAN ANTONIO,6143,CAMBIO DE ACOMETIDA,VALLE VIEJO
81808,2025-10-21 09:18:52,SIN SERVICIO (INTERNET),2025-10-22 10:07:51,ARAGON/SOSA,LA CARRERA,19094,CAMBIO DE ACOMETIDA,VALLE VIEJO
81818,2025-10-21 10:02:30,SIN SERVICIO (INTERNET),2025-10-23 19:41:46,ABALLAY/B UNZAGA,SUMALAO,16261,CAMBIO DE ACOMETIDA,VALLE VIEJO
81822,2025-10-21 10:18:20,SIN SERVICIO (INTERNET),2025-10-22 10:07:51,CARPIO/LOPEZ,SANTA ROSA,7857,CAMBIO DE ACOMETIDA,VALLE VIEJO
81834,2025-10-21 11:23:17,SIN SERVICIO (INTERNET),2025-10-24 18:55:02,FERREYRA/BUSTAMANTE,SANTA ROSA,9262,CAMBIO DE ACOMETIDA,VALLE VIEJO
81839,2025-10-21 11:55:29,SIN SERVICIO (INTERNET),2025-10-22 10:07:51,ARAGON/SOSA,VILLA DOLORES,16174,CAMBIO DE ACOMETIDA,VALLE VIEJO
81846,2025-10-21 12:22:27,DECO TV SIN SEÃƒÂ‘AL,2025-10-23 08:59:44,JUAN OVEJERO,CENTRO,18810,CAMBIO DE ACOMETIDA,UNET TINOGASTA
81899,2025-10-21 18:30:10,SIN SERVICIO (INTERNET),2025-10-23 17:43:33,CARPIO/LOPEZ,SANTA ROSA,20625,CAMBIO DE ACOMETIDA,VALLE VIEJO
81904,2025-10-21 19:13:18,SIN SERVICIO (INTERNET),2025-10-22 10:07:51,FERREYRA/BUSTAMANTE,SANTA ROSA,9137,CAMBIO DE ACOMETIDA,VALLE VIEJO
81907,2025-10-22 08:01:29,SIN SERVICIO (INTERNET),2025-10-22 10:07:51,ARAGON/SOSA,SAN JOSE,14681,CAMBIO DE ACOMETIDA,VALLE VIEJO
81918,2025-10-22 09:16:46,SIN SERVICIO (INTERNET),2025-10-24 08:35:15,JUAN OVEJERO,LA PAZ,6259,CAMBIO DE ACOMETIDA,UNET TINOGASTA
81919,2025-10-22 09:20:40,SIN SERVICIO (INTERNET),2025-10-24 18:55:02,CARPIO/LOPEZ,LA CARRERA,17523,CAMBIO DE ACOMETIDA,VALLE VIEJO
81924,2025-10-22 10:11:27,SIN SERVICIO (INTERNET),2025-10-23 17:43:33,FERREYRA/BUSTAMANTE,POZO DE MISTOL,4354,CAMBIO DE ACOMETIDA,VALLE VIEJO
81925,2025-10-22 10:16:40,SIN SERVICIO (INTERNET),2025-10-23 17:43:33,FERREYRA/BUSTAMANTE,LA CHACARITA,20524,CAMBIO DE ACOMETIDA,VALLE VIEJO
81953,2025-10-22 15:04:22,SIN SERVICIO (INTERNET),2025-10-23 19:35:02,ARAGON/SOSA,SANTA ROSA,19458,CAMBIO DE ACOMETIDA,VALLE VIEJO
81954,2025-10-22 15:27:37,SIN SERVICIO (INTERNET),2025-10-24 18:55:02,CARPIO/LOPEZ,SAN ANTONIO,20000,CAMBIO DE ACOMETIDA,VALLE VIEJO
81956,2025-10-22 16:15:30,SIN SERVICIO (INTERNET),2025-10-23 19:41:46,ABALLAY/B UNZAGA,SANTA ROSA,15071,CAMBIO DE ACOMETIDA,VALLE VIEJO
81964,2025-10-22 16:59:05,SIN SERVICIO (INTERNET),2025-10-23 17:43:33,FERREYRA/BUSTAMANTE,VILLA DOLORES,8905,CAMBIO DE ACOMETIDA,VALLE VIEJO
81973,2025-10-22 18:43:04,SIN SERVICIO (INTERNET),2025-10-23 17:43:33,ARAGON/SOSA,SAN ANTONIO,6311,CAMBIO DE ACOMETIDA,VALLE VIEJO
81980,2025-10-22 20:03:38,SIN SERVICIO (INTERNET),2025-10-23 17:43:33,ARAGON/SOSA,LA FALDA DE SAN ANTONIO,7750,CAMBIO DE ACOMETIDA,VALLE VIEJO
81990,2025-10-23 09:32:05,SIN SERVICIO (INTERNET),2025-10-24 18:55:02,CARPIO/LOPEZ,SAN JOSE,19365,CAMBIO DE ACOMETIDA,VALLE VIEJO
81996,2025-10-23 10:01:03,SIN SERVICIO (INTERNET),2025-10-27 19:56:05,JUAN OVEJERO,TINOGASTA,356,CAMBIO DE ACOMETIDA,UNET TINOGASTA
82005,2025-10-23 11:42:49,SIN SERVICIO (INTERNET),2025-10-27 19:33:57,CARPIO/LOPEZ,SUMALAO,23265,CAMBIO DE ACOMETIDA,VALLE VIEJO
82017,2025-10-23 17:14:02,SIN SERVICIO (INTERNET),2025-10-24 18:55:02,CARPIO/LOPEZ,COLLAGASTA,18765,CAMBIO DE ACOMETIDA,VALLE VIEJO
82020,2025-10-23 17:35:05,SIN SERVICIO (INTERNET),2025-10-24 10:28:53,UNET SOPORTE VV,SUMALAO,6874,REPARACION DE FO,VALLE VIEJO
82053,2025-10-24 09:14:14,SIN SERVICIO (INTERNET),2025-10-27 16:51:03,ABALLAY/B UNZAGA,SANTA ROSA,4286,CAMBIO DE LUGAR DEL CABLE DE ACOMETIDA,VALLE VIEJO
82061,2025-10-24 09:35:24,SIN SERVICIO (INTERNET),2025-10-27 19:33:57,CARPIO/LOPEZ,SANTA ROSA,22888,CAMBIO DE ACOMETIDA,VALLE VIEJO
82066,2025-10-24 10:28:36,SIN SERVICIO (INTERNET),2025-10-28 19:42:53,ABALLAY/B UNZAGA,POLCOS,18398,CAMBIO DE ACOMETIDA,VALLE VIEJO
82067,2025-10-24 10:36:40,SIN SERVICIO (INTERNET),2025-10-27 19:33:57,CARPIO/LOPEZ,SANTA ROSA,15128,CAMBIO DE ACOMETIDA,VALLE VIEJO
82072,2025-10-24 11:00:01,SIN SERVICIO (INTERNET),2025-10-24 19:10:45,ABALLAY/B UNZAGA,LA FALDA DE SAN ANTONIO,14332,CAMBIO DE ACOMETIDA,VALLE VIEJO
82088,2025-10-24 14:54:02,SIN SERVICIO (INTERNET),2025-10-27 11:23:38,ABALLAY/B UNZAGA,BANDA DE VARELA,21513,CAMBIO DE ACOMETIDA,VALLE VIEJO
82089,2025-10-24 14:58:09,SIN SERVICIO (INTERNET),2025-10-30 11:05:15,CARPIO/LOPEZ,SAN JOSE,21589,CAMBIO DE ACOMETIDA,VALLE VIEJO
82094,2025-10-24 17:59:23,SIN SERVICIO (INTERNET),2025-10-27 16:51:03,ABALLAY/B UNZAGA,SUMALAO,8408,CAMBIO DE ACOMETIDA,VALLE VIEJO
82098,2025-10-24 19:10:24,SIN SERVICIO (INTERNET),2025-10-24 19:10:45,ABALLAY/B UNZAGA,POZO DE MISTOL,15546,CAMBIO DE ACOMETIDA,VALLE VIEJO
82108,2025-10-25 09:15:26,PROBLEMAS DE SEÃƒÂ‘AL,2025-10-27 19:33:57,CARPIO/LOPEZ,LA TERCENA,21166,CAMBIO DE ACOMETIDA,VALLE VIEJO
82110,2025-10-25 09:27:57,SIN SERVICIO (INTERNET),2025-10-29 08:43:45,JUAN OVEJERO,TINOGASTA,20640,CAMBIO DE ACOMETIDA,UNET TINOGASTA
82113,2025-10-25 10:39:49,RED EN EL SUELO,2025-10-27 19:33:57,CARPIO/LOPEZ,POZO DE MISTOL,20850,REPARACION DE FO,VALLE VIEJO
82129,2025-10-27 08:14:37,SIN SERVICIO (INTERNET),2025-10-30 19:38:35,ABALLAY/B UNZAGA,SUMALAO,23740,CAMBIO DE ACOMETIDA,VALLE VIEJO
82137,2025-10-27 08:41:11,SIN SERVICIO (INTERNET),2025-10-30 10:42:01,CARPIO/LOPEZ,SANTA ROSA,21198,CAMBIO DE ACOMETIDA,VALLE VIEJO
82145,2025-10-27 08:54:51,SIN SERVICIO (INTERNET),2025-10-29 10:17:52,CARPIO/LOPEZ,SANTA ROSA,3385,CAMBIO DE ACOMETIDA,VALLE VIEJO
82148,2025-10-27 09:07:24,SIN SERVICIO (INTERNET),2025-10-30 11:05:15,CARPIO/LOPEZ,EL BAÃƒÂ‘ADO,18960,CAMBIO DE ACOMETIDA,VALLE VIEJO
82151,2025-10-27 09:32:45,SIN SERVICIO (INTERNET),2025-10-29 08:43:45,AGUIRRE WALTER OSVALDO,CENTRO,21342,CAMBIO DE ACOMETIDA,UNET TINOGASTA
82175,2025-10-27 12:00:15,SIN SERVICIO (INTERNET),2025-10-29 18:23:18,ABALLAY/B UNZAGA,SANTA ROSA,21650,CAMBIO DE ACOMETIDA,VALLE VIEJO
82186,2025-10-27 17:15:50,SIN SERVICIO (INTERNET),2025-10-31 10:56:44,CARPIO/LOPEZ,SAN ISIDRO,14546,CAMBIO DE ACOMETIDA,VALLE VIEJO
82193,2025-10-27 19:17:04,SIN SERVICIO (INTERNET),2025-10-29 08:43:45,JULIO DIAZ,BICENTENARIO,21571,CAMBIO DE ACOMETIDA,UNET TINOGASTA
82195,2025-10-27 19:28:41,SIN SERVICIO (INTERNET),2025-10-30 11:05:15,CARPIO/LOPEZ,BANDA DE VARELA,20783,CAMBIO DE ACOMETIDA,VALLE VIEJO
82196,2025-10-27 19:29:12,SIN SERVICIO (INTERNET),2025-10-30 11:05:15,CARPIO/LOPEZ,BANDA DE VARELA,22681,CAMBIO DE ACOMETIDA,VALLE VIEJO
82197,2025-10-27 19:29:35,SIN SERVICIO (INTERNET),2025-10-29 18:23:18,ABALLAY/B UNZAGA,BANDA DE VARELA,23694,CAMBIO DE ACOMETIDA,VALLE VIEJO
82198,2025-10-27 19:29:59,SIN SERVICIO (INTERNET),2025-10-29 18:23:18,ABALLAY/B UNZAGA,BANDA DE VARELA,22951,CAMBIO DE ACOMETIDA,VALLE VIEJO
82199,2025-10-27 19:30:19,SIN SERVICIO (INTERNET),2025-10-29 18:23:18,ABALLAY/B UNZAGA,BANDA DE VARELA,24108,CAMBIO DE ACOMETIDA,VALLE VIEJO
82201,2025-10-27 19:57:04,SIN SERVICIO (INTERNET),2025-10-30 10:42:01,CARPIO/LOPEZ,SAN ANTONIO,4504,CAMBIO DE ACOMETIDA,VALLE VIEJO
82206,2025-10-28 09:41:32,SIN SERVICIO (INTERNET),2025-10-31 10:56:44,CARPIO/LOPEZ,SAN ISIDRO,15674,CAMBIO DE ACOMETIDA,VALLE VIEJO
82211,2025-10-28 10:19:26,MODIFICAR BAJADA,2025-11-03 19:40:15,ABALLAY/B UNZAGA,VILLA DOLORES,4859,CAMBIO DE ACOMETIDA,VALLE VIEJO
82213,2025-10-28 10:28:39,SIN SERVICIO (INTERNET),2025-10-30 19:38:35,ABALLAY/B UNZAGA,LA TERCENA,17387,CAMBIO DE ACOMETIDA,VALLE VIEJO
82228,2025-10-28 16:22:23,SIN SERVICIO (INTERNET),2025-10-29 18:23:18,ABALLAY/B UNZAGA,COLLAGASTA,18256,CAMBIO DE ACOMETIDA,VALLE VIEJO
82230,2025-10-28 16:24:46,SIN SERVICIO (INTERNET),2025-10-28 19:42:53,FERREYRA/RIVERO,SUMALAO,21874,CAMBIO DE ACOMETIDA,VALLE VIEJO
82245,2025-10-28 19:17:24,SIN SERVICIO (INTERNET),2025-10-30 08:59:07,JUAN OVEJERO,CENTRO,2471,CAMBIO DE ACOMETIDA,UNET TINOGASTA
82281,2025-10-29 10:16:52,SIN SERVICIO (INTERNET),2025-10-31 08:46:12,JUAN OVEJERO,LA PAZ,828,CAMBIO DE ACOMETIDA,UNET TINOGASTA
82289,2025-10-29 11:14:26,SIN SERVICIO (INTERNET),2025-10-31 08:46:12,JUAN OVEJERO,LA PAZ,5592,CAMBIO DE ACOMETIDA,UNET TINOGASTA
82308,2025-10-29 11:56:02,SIN SERVICIO (INTERNET),2025-10-31 16:35:02,ARAGON/SOSA,SAN ISIDRO,15020,CAMBIO DE ACOMETIDA,VALLE VIEJO
82313,2025-10-29 16:12:21,SIN SERVICIO (INTERNET),2025-10-30 17:32:03,ARAGON/SOSA,SANTA ROSA,6971,CAMBIO DE ACOMETIDA,VALLE VIEJO
82315,2025-10-29 17:34:08,RED EN EL SUELO,2025-10-30 17:32:03,ARAGON/SOSA,SANTA ROSA,18162,CAMBIO DE LUGAR DEL CABLE DE ACOMETIDA,VALLE VIEJO
82317,2025-10-29 18:00:27,MODIFICAR BAJADA,2025-10-31 18:48:08,ABALLAY/B UNZAGA,SANTA ROSA,14140,CAMBIO DE LUGAR DEL CABLE DE ACOMETIDA,VALLE VIEJO
82318,2025-10-29 18:18:17,RED EN EL SUELO,2025-10-30 19:19:58,AGUIRRE WALTER OSVALDO,TINOGASTA,24126,CAMBIO DE ACOMETIDA,UNET TINOGASTA
82319,2025-10-29 18:20:47,SIN SERVICIO (INTERNET),2025-10-30 19:19:58,AGUIRRE WALTER OSVALDO,CENTRO,24312,CAMBIO DE ACOMETIDA,UNET TINOGASTA
82331,2025-10-30 08:38:46,SIN SERVICIO (INTERNET),2025-10-30 08:41:42,AGUIRRE WALTER OSVALDO,TINOGASTA,19655,CAMBIO DE ACOMETIDA,UNET TINOGASTA
82332,2025-10-30 08:46:05,SIN SERVICIO (INTERNET),2025-10-30 19:19:58,AGUIRRE WALTER OSVALDO,TINOGASTA,18031,CAMBIO DE ACOMETIDA,UNET TINOGASTA
82338,2025-10-30 09:15:52,SIN SERVICIO (INTERNET),2025-11-03 08:06:54,CARPIO/LOPEZ,SANTA ROSA,4656,CAMBIO DE ACOMETIDA,VALLE VIEJO
82388,2025-10-30 17:30:35,SIN SERVICIO (INTERNET),2025-10-31 16:35:02,ARAGON/SOSA,SANTA ROSA,20895,CAMBIO DE ACOMETIDA,VALLE VIEJO
82416,2025-10-31 09:22:35,SIN SERVICIO (INTERNET),2025-11-04 17:42:29,CARPIO/LOPEZ,SUMALAO,17648,CAMBIO DE ACOMETIDA,VALLE VIEJO
82463,2025-10-31 16:11:28,SIN SERVICIO (INTERNET),2025-11-03 16:45:37,CARPIO/LOPEZ,SAN JOSE,21733,CAMBIO DE ACOMETIDA,VALLE VIEJO
82477,2025-10-31 20:01:27,SIN SERVICIO (INTERNET),2025-11-04 08:44:52,FERREYRA/RIVERO,SUMALAO,21874,CAMBIO DE ACOMETIDA,VALLE VIEJO
82511,2025-11-01 09:46:44,SIN SERVICIO (INTERNET),2025-11-04 17:42:29,CARPIO/LOPEZ,LOMA NEGRA,19447,CAMBIO DE ACOMETIDA,VALLE VIEJO
82518,2025-11-01 10:01:52,SIN SERVICIO (INTERNET),2025-11-01 12:12:32,CARPIO/LOPEZ,SANTA ROSA,4351,CAMBIO DE ACOMETIDA,VALLE VIEJO
82524,2025-11-01 10:21:17,SIN SERVICIO (INTERNET),2025-11-03 19:40:15,ABALLAY/B UNZAGA,SAN ISIDRO,5027,CAMBIO DE ACOMETIDA,VALLE VIEJO
82526,2025-11-01 10:27:49,SIN SERVICIO (INTERNET),2025-11-05 16:56:47,CARPIO/LOPEZ,SAN JOSE,14179,CAMBIO DE ACOMETIDA,VALLE VIEJO
82532,2025-11-01 10:36:17,SIN SERVICIO (INTERNET),2025-11-04 17:42:29,CARPIO/LOPEZ,SAN JOSE,9987,CAMBIO DE ACOMETIDA,VALLE VIEJO
82568,2025-11-03 08:06:27,SIN SERVICIO (INTERNET),2025-11-03 17:17:03,FERREYRA/RIVERO,SANTA ROSA,6411,CAMBIO DE ACOMETIDA,VALLE VIEJO
82604,2025-11-03 11:19:36,SIN SERVICIO (INTERNET),2025-11-04 19:51:38,AGUIRRE WALTER OSVALDO,TINOGASTA,8951,CAMBIO DE ACOMETIDA,UNET TINOGASTA
82628,2025-11-03 15:19:04,SIN SERVICIO (INTERNET),2025-11-04 19:36:41,ABALLAY/B UNZAGA,SAN JOSE,15004,CAMBIO DE ACOMETIDA,VALLE VIEJO
82636,2025-11-03 17:22:46,SIN SERVICIO (INTERNET),2025-11-04 19:46:45,ABALLAY/B UNZAGA,SANTA ROSA,24165,CAMBIO DE ACOMETIDA,VALLE VIEJO
82638,2025-11-03 17:48:52,SIN SERVICIO (INTERNET),2025-11-14 12:25:07,MARTINES PABLO,CENTRO,20228,REPARACION DE CABLE CORTADO,CHUMBICHA
82641,2025-11-03 18:39:40,SIN SERVICIO (INTERNET),2025-11-06 17:40:13,CARPIO/LOPEZ,SUMALAO,19389,CAMBIO DE ACOMETIDA,VALLE VIEJO
82645,2025-11-03 19:02:53,SIN SERVICIO (INTERNET),2025-11-05 07:57:59,UNET SOPORTE VV,SAN JOSE,18521,REPARACION DE FO,VALLE VIEJO
82678,2025-11-04 09:25:48,SIN SERVICIO (INTERNET),2025-11-05 16:56:47,ARAGON/SOSA,SAN ISIDRO,15941,CAMBIO DE ACOMETIDA,VALLE VIEJO
82698,2025-11-04 12:07:43,SIN SERVICIO (INTERNET),2025-11-05 19:07:21,ARAGON/SOSA,POZO DE MISTOL,14396,REPARACION DE FO,VALLE VIEJO
82723,2025-11-04 17:35:42,SIN SERVICIO (INTERNET),2025-11-05 14:35:39,UNET SOPORTE VV,PORTAL NORTE 1,20394,REPARACION DE FO,VALLE VIEJO
82733,2025-11-04 19:36:04,VERIFICAR SERVICIO,2025-11-10 19:25:37,ABALLAY/B UNZAGA,VILLA DOLORES,16559,CAMBIO DE ACOMETIDA,VALLE VIEJO
82734,2025-11-04 19:51:30,SIN SERVICIO (INTERNET),2025-11-06 08:44:56,JUAN OVEJERO,CENTRO,19377,CAMBIO DE ACOMETIDA,UNET TINOGASTA
82744,2025-11-05 08:15:03,SIN SERVICIO (INTERNET),2025-11-06 11:08:09,FERREYRA/RIVERO,LA TERCENA,18623,CAMBIO DE ACOMETIDA,VALLE VIEJO
82777,2025-11-05 15:08:56,SIN SERVICIO (INTERNET),2025-11-10 07:58:51,ABALLAY/B UNZAGA,LA TERCENA,18693,CAMBIO DE ACOMETIDA,VALLE VIEJO
82779,2025-11-05 16:53:29,SIN SERVICIO (INTERNET),2025-11-06 17:40:13,CARPIO/LOPEZ,SUMALAO,15768,CAMBIO DE ACOMETIDA,VALLE VIEJO
82783,2025-11-05 18:09:57,SIN SERVICIO (INTERNET),2025-11-07 20:00:39,ABALLAY/B UNZAGA,SUMALAO,15926,CAMBIO DE ACOMETIDA,VALLE VIEJO
82784,2025-11-05 18:17:25,SIN SERVICIO (INTERNET),2025-11-06 17:40:13,CARPIO/LOPEZ,SANTA ROSA,18979,CAMBIO DE ACOMETIDA,VALLE VIEJO
82787,2025-11-05 18:47:20,SIN SERVICIO (INTERNET),2025-11-07 08:44:46,JUAN OVEJERO,TINOGASTA,4415,CAMBIO DE ACOMETIDA,UNET TINOGASTA
82809,2025-11-06 09:52:30,SIN SERVICIO (INTERNET),2025-11-10 07:58:51,ABALLAY/B UNZAGA,SANTA ROSA,3442,CAMBIO DE ACOMETIDA,VALLE VIEJO
82815,2025-11-06 10:15:30,SIN SERVICIO (INTERNET),2025-11-12 08:02:51,ABALLAY/B UNZAGA,SAN JOSE,9180,CAMBIO DE ACOMETIDA,VALLE VIEJO
82841,2025-11-06 12:02:25,SIN SERVICIO (INTERNET),2025-11-07 20:00:39,ABALLAY/B UNZAGA,SAN JOSE,20722,CAMBIO DE ACOMETIDA,VALLE VIEJO
82852,2025-11-06 17:17:09,SIN SERVICIO (INTERNET),2025-11-12 08:02:28,ABALLAY/B UNZAGA,SAN JOSE,9240,CAMBIO DE ACOMETIDA,VALLE VIEJO
82865,2025-11-06 18:14:39,SIN SERVICIO (INTERNET),2025-11-07 20:00:39,ABALLAY/B UNZAGA,SAN ISIDRO,19533,CAMBIO DE ACOMETIDA,VALLE VIEJO
82866,2025-11-06 18:26:17,SIN SERVICIO (INTERNET),2025-11-08 08:52:12,JUAN OVEJERO,TINOGASTA,8549,CAMBIO DE ACOMETIDA,UNET TINOGASTA
82880,2025-11-06 20:17:25,SIN SERVICIO (INTERNET),2025-11-08 08:52:12,JUAN OVEJERO,TINOGASTA,6529,CAMBIO DE ACOMETIDA,UNET TINOGASTA
82884,2025-11-07 08:48:19,SIN SERVICIO (INTERNET),2025-11-10 18:34:59,UNET SOPORTE VV,POLCOS,15759,REPARACION DE FO,VALLE VIEJO
82885,2025-11-07 08:50:14,SIN SERVICIO (INTERNET),2025-11-10 18:34:59,UNET SOPORTE VV,POLCOS,7989,REPARACION DE FO,VALLE VIEJO
82894,2025-11-07 10:10:16,SIN SERVICIO (INTERNET),2025-11-11 16:34:53,ARAGON/SOSA,SAN JOSE,7583,CAMBIO DE ACOMETIDA,VALLE VIEJO
82899,2025-11-07 10:47:36,SIN SERVICIO (INTERNET),2025-11-08 08:52:12,AGUIRRE WALTER OSVALDO,70 VIVIENDAS,399,CAMBIO DE ACOMETIDA,UNET TINOGASTA
82901,2025-11-07 11:01:47,SIN SERVICIO (INTERNET),2025-11-12 08:02:28,CARPIO/LOPEZ,SANTA ROSA,23799,CAMBIO DE ACOMETIDA,VALLE VIEJO
82907,2025-11-07 11:36:58,SIN SERVICIO (INTERNET),2025-11-13 08:58:30,CARPIO/LOPEZ,SAN ISIDRO,8206,CAMBIO DE ACOMETIDA,VALLE VIEJO
82919,2025-11-07 17:05:33,SIN SERVICIO (INTERNET),2025-11-11 08:37:07,CARPIO/LOPEZ,SANTA ROSA,3179,CAMBIO DE ACOMETIDA,VALLE VIEJO
82924,2025-11-07 17:20:53,SIN SERVICIO (INTERNET),2025-11-12 08:02:28,CARPIO/LOPEZ,SANTA ROSA,22906,CAMBIO DE ACOMETIDA,VALLE VIEJO
82933,2025-11-07 18:41:59,SIN SERVICIO (INTERNET),2025-11-12 19:19:33,ABALLAY/B UNZAGA,SAN ANTONIO,21206,CAMBIO DE ACOMETIDA,VALLE VIEJO
82938,2025-11-07 18:54:00,SIN SERVICIO (INTERNET),2025-11-10 07:58:51,ABALLAY/B UNZAGA,SANTA ROSA,15209,CAMBIO DE ACOMETIDA,VALLE VIEJO
82944,2025-11-07 19:35:59,SIN SERVICIO (INTERNET),2025-11-12 19:19:33,ABALLAY/B UNZAGA,EL HUECO,19588,CAMBIO DE ACOMETIDA,VALLE VIEJO
82946,2025-11-07 20:00:29,SIN SERVICIO (INTERNET),2025-11-12 08:02:51,ABALLAY/B UNZAGA,LOMA NEGRA,19331,CAMBIO DE ACOMETIDA,VALLE VIEJO
82947,2025-11-07 20:06:14,SIN SERVICIO (INTERNET),2025-11-11 08:37:07,CARPIO/LOPEZ,SANTA ROSA,3432,CAMBIO DE ACOMETIDA,VALLE VIEJO
82948,2025-11-07 20:11:51,SIN SERVICIO (INTERNET),2025-11-13 19:24:33,ARAGON/SOSA,SAN JOSE,14314,CAMBIO DE ACOMETIDA,VALLE VIEJO
82955,2025-11-07 20:52:41,SIN SERVICIO (INTERNET),2025-11-10 17:01:20,JUAN OVEJERO,SANTA ROSA,2680,CAMBIO DE ACOMETIDA,UNET TINOGASTA
82978,2025-11-08 09:54:40,SIN SERVICIO (INTERNET),2025-11-10 17:01:20,AGUIRRE WALTER OSVALDO,TINOGASTA,20436,CAMBIO DE ACOMETIDA,UNET TINOGASTA
82998,2025-11-08 10:51:46,SIN SERVICIO (INTERNET),2025-11-12 08:02:51,ABALLAY/B UNZAGA,SUMALAO,18123,CAMBIO DE ACOMETIDA,VALLE VIEJO
83000,2025-11-08 10:55:18,SIN SERVICIO (INTERNET),2025-11-13 08:58:30,CARPIO/LOPEZ,SANTA ROSA,17068,CAMBIO DE ACOMETIDA,VALLE VIEJO
83010,2025-11-08 11:32:02,SIN SERVICIO (INTERNET),2025-11-13 16:29:32,FERREYRA/RIVERO,SAN JOSE,17293,CAMBIO DE ACOMETIDA,VALLE VIEJO
83016,2025-11-08 13:03:23,SIN SERVICIO (INTERNET),2025-11-10 09:17:29,ARAGON - SOSA,BANDA NORTE (ZONA 1),22834,CAMBIO DE ACOMETIDA,LA PUERTA
83026,2025-11-10 09:11:34,SIN SERVICIO (INTERNET),2025-11-10 17:01:20,AGUIRRE WALTER OSVALDO,TINOGASTA,840,CAMBIO DE ACOMETIDA,UNET TINOGASTA
83028,2025-11-10 09:19:05,SIN SERVICIO (INTERNET),2025-11-13 08:03:25,CARPIO/LOPEZ,SUMALAO,19706,CAMBIO DE ACOMETIDA,VALLE VIEJO
83030,2025-11-10 09:36:24,SIN SERVICIO (INTERNET),2025-11-11 16:34:53,ARAGON/SOSA,SAN ANTONIO,18974,CAMBIO DE ACOMETIDA,VALLE VIEJO
83036,2025-11-10 10:11:15,SIN SERVICIO (INTERNET),2025-11-12 08:02:28,CARPIO/LOPEZ,SANTA ROSA,20705,CAMBIO DE ACOMETIDA,VALLE VIEJO
83040,2025-11-10 10:39:17,SIN SERVICIO (INTERNET),2025-11-13 19:24:33,CARPIO/LOPEZ,PORTAL NORTE 2,23987,REPARACION DE FO,VALLE VIEJO
83041,2025-11-10 10:41:20,SIN SERVICIO (INTERNET),2025-11-13 08:03:25,CARPIO/LOPEZ,SAN ISIDRO,9480,CAMBIO DE ACOMETIDA,VALLE VIEJO
83042,2025-11-10 10:47:04,SIN SERVICIO (INTERNET),2025-11-12 19:19:33,ABALLAY/B UNZAGA,SAN ANTONIO,24619,CAMBIO DE ACOMETIDA,VALLE VIEJO
83043,2025-11-10 10:51:12,SIN SERVICIO (INTERNET),2025-11-12 08:02:28,CARPIO/LOPEZ,SANTA ROSA,7632,CAMBIO DE ACOMETIDA,VALLE VIEJO
83044,2025-11-10 10:53:10,SIN SERVICIO (INTERNET),2025-11-10 17:01:20,AGUIRRE WALTER OSVALDO,100 VIVIENDAS,1479,CAMBIO DE ACOMETIDA,UNET TINOGASTA
83047,2025-11-10 11:00:16,SIN SERVICIO (INTERNET),2025-11-15 08:59:00,CARPIO/LOPEZ,POZO DE MISTOL,15724,CAMBIO DE ACOMETIDA,VALLE VIEJO
83067,2025-11-10 17:02:48,SIN SERVICIO (INTERNET),2025-11-13 16:29:32,ARAGON/SOSA,BANDA DE VARELA,21898,CAMBIO DE ACOMETIDA,VALLE VIEJO
83068,2025-11-10 17:06:19,SIN SERVICIO (INTERNET),2025-11-10 19:30:28,ARAGON - SOSA,BANDA NORTE (ZONA 1),22901,CAMBIO DE ACOMETIDA,LA PUERTA
83073,2025-11-10 17:51:10,SIN SERVICIO (INTERNET),2025-11-12 08:02:28,CARPIO/LOPEZ,SANTA ROSA,23739,CAMBIO DE ACOMETIDA,VALLE VIEJO
83078,2025-11-10 18:33:18,SIN SERVICIO (INTERNET),2025-11-11 16:34:53,ARAGON/SOSA,POZO DE MISTOL,20669,CAMBIO DE ACOMETIDA,VALLE VIEJO
83110,2025-11-11 10:42:00,SIN SERVICIO (INTERNET),2025-11-13 19:24:33,ABALLAY/B UNZAGA,SUMALAO,24255,CAMBIO DE ACOMETIDA,VALLE VIEJO
83142,2025-11-11 12:47:30,SIN SERVICIO (INTERNET),2025-11-13 19:24:33,CARPIO/LOPEZ,SAN ANTONIO,19098,CAMBIO DE ACOMETIDA,VALLE VIEJO
83157,2025-11-11 15:25:04,SIN SERVICIO (INTERNET),2025-11-13 16:29:32,FERREYRA/RIVERO,BANDA DE VARELA,21447,CAMBIO DE ACOMETIDA,VALLE VIEJO
83159,2025-11-11 16:34:40,SIN SERVICIO (INTERNET),2025-11-13 16:29:32,FERREYRA/RIVERO,LA CHACARITA,20524,CAMBIO DE ACOMETIDA,VALLE VIEJO
83169,2025-11-11 19:27:45,SIN SERVICIO (INTERNET),2025-11-17 08:23:24,CARPIO/LOPEZ,SAN JOSE,17412,CAMBIO DE ACOMETIDA,VALLE VIEJO
83185,2025-11-12 09:33:01,SIN SERVICIO (INTERNET),2025-11-13 19:24:33,CARPIO/LOPEZ,SAN JOSE,14913,CAMBIO DE ACOMETIDA,VALLE VIEJO
83191,2025-11-12 10:21:12,SIN SERVICIO (INTERNET),2025-11-13 19:24:33,CARPIO/LOPEZ,SANTA ROSA,6695,CAMBIO DE ACOMETIDA,VALLE VIEJO
83202,2025-11-12 11:31:38,SIN SERVICIO (INTERNET),2025-11-14 10:59:31,FERREYRA/RIVERO,SUMALAO,17962,CAMBIO DE ACOMETIDA,VALLE VIEJO
83210,2025-11-12 14:45:55,SIN SERVICIO (INTERNET),2025-11-15 08:59:00,CARPIO/LOPEZ,SUMALAO,23950,CAMBIO DE ACOMETIDA,VALLE VIEJO
83234,2025-11-12 19:41:24,SIN SERVICIO (INTERNET),2025-11-13 19:24:33,CARPIO/LOPEZ,POZO DE MISTOL,14507,CAMBIO DE ACOMETIDA,VALLE VIEJO
83239,2025-11-13 08:31:33,SIN SERVICIO (INTERNET),2025-11-15 10:36:30,SOSA/ARAGON,FALDEO DE CRISTO,22078,CAMBIO DE ACOMETIDA,EL RODEO
83255,2025-11-13 11:15:44,SIN SERVICIO (INTERNET),2025-11-15 08:44:15,JULIO DIAZ,SANTA ROSA,18962,CAMBIO DE ACOMETIDA,UNET TINOGASTA
83262,2025-11-13 11:56:15,SIN SERVICIO (INTERNET),2025-11-18 08:34:59,AGUIRRE WALTER OSVALDO,CENTRO,17512,CAMBIO DE ACOMETIDA,UNET TINOGASTA
83265,2025-11-13 12:16:31,SIN SERVICIO (INTERNET),2025-11-17 16:51:41,CARPIO/LOPEZ,POLCOS,6101,REPARACION DE FO,VALLE VIEJO
83283,2025-11-13 17:24:50,SIN SERVICIO (INTERNET),2025-11-14 16:43:46,ABALLAY/B UNZAGA,SAN ISIDRO,14153,CAMBIO DE ACOMETIDA,VALLE VIEJO
83296,2025-11-14 08:23:18,SIN SERVICIO (INTERNET),2025-11-14 16:43:46,ABALLAY/B UNZAGA,SUMALAO,19866,CAMBIO DE ACOMETIDA,VALLE VIEJO
83322,2025-11-14 10:40:36,MODIFICAR BAJADA,2025-11-25 19:36:27,ARAGON/SOSA,SUMALAO,8017,CAMBIO DE ACOMETIDA,VALLE VIEJO
83324,2025-11-14 10:49:15,SIN SERVICIO (INTERNET),2025-11-14 16:43:46,ARAGON/SOSA,SANTA ROSA,22847,CAMBIO DE ACOMETIDA,VALLE VIEJO
83332,2025-11-14 14:51:22,SIN SERVICIO (INTERNET),2025-11-17 08:23:24,CARPIO/LOPEZ,SAN JOSE,15145,CAMBIO DE ACOMETIDA,VALLE VIEJO
83335,2025-11-14 16:43:31,SIN SERVICIO (INTERNET),2025-11-19 19:17:50,ABALLAY/B UNZAGA,LA CARRERA,18867,CAMBIO DE ACOMETIDA,VALLE VIEJO
83344,2025-11-14 18:50:57,SIN SERVICIO (INTERNET),2025-11-17 16:51:41,CARPIO/LOPEZ,POLCOS,24671,CAMBIO DE ACOMETIDA,VALLE VIEJO
83345,2025-11-14 19:06:02,SIN SERVICIO (INTERNET),2025-11-17 08:23:24,CARPIO/LOPEZ,SAN ANTONIO,21879,CAMBIO DE ACOMETIDA,VALLE VIEJO
83346,2025-11-14 19:29:50,SIN SERVICIO (INTERNET),2025-11-17 16:51:41,CARPIO/LOPEZ,POLCOS,23723,REPARACION DE FO,VALLE VIEJO
83349,2025-11-14 20:50:30,SIN SERVICIO (INTERNET),2025-11-17 08:23:24,CARPIO/LOPEZ,SANTA ROSA,2949,CAMBIO DE ACOMETIDA,VALLE VIEJO
83352,2025-11-15 09:49:46,SIN SERVICIO (INTERNET),2025-11-18 10:10:09,ABALLAY/B UNZAGA,LA TERCENA,20637,CAMBIO DE ACOMETIDA,VALLE VIEJO
83356,2025-11-15 10:10:28,SIN SERVICIO (INTERNET),2025-11-18 10:10:09,ABALLAY/B UNZAGA,SANTA ROSA,8054,CAMBIO DE ACOMETIDA,VALLE VIEJO
83393,2025-11-17 09:00:44,SIN SERVICIO (INTERNET),2025-11-19 19:17:50,CARPIO/LOPEZ,SANTA ROSA,3295,CAMBIO DE ACOMETIDA,VALLE VIEJO
83394,2025-11-17 09:01:58,SIN SERVICIO (INTERNET),2025-11-20 08:04:57,MOLINA MARTIN,EL HUECO,17203,CAMBIO DE ACOMETIDA,VALLE VIEJO
83402,2025-11-17 09:21:10,SIN SERVICIO (INTERNET),2025-11-18 08:34:59,AGUIRRE WALTER OSVALDO,ESTACION NORTE,5380,CAMBIO DE ACOMETIDA,UNET TINOGASTA
83410,2025-11-17 10:12:24,VERIFICAR SERVICIO,2025-11-18 08:34:59,AGUIRRE WALTER OSVALDO,24 SETIEMBRE,24393,CAMBIO DE ACOMETIDA,UNET TINOGASTA
83432,2025-11-17 17:11:52,SIN SERVICIO (INTERNET),2025-11-25 13:03:45,ABALLAY/B UNZAGA,SUMALAO,22874,CAMBIO DE ACOMETIDA,VALLE VIEJO
83478,2025-11-17 18:36:55,VERIFICAR SERVICIO,2025-12-11 09:47:13,ABALLAY/B UNZAGA,SANTA ROSA,17991,CAMBIO DE ACOMETIDA,VALLE VIEJO
83495,2025-11-17 20:36:02,SIN SERVICIO (INTERNET),2025-11-20 18:11:33,CARPIO/LOPEZ,LA TERCENA,18689,CAMBIO DE ACOMETIDA,VALLE VIEJO
83503,2025-11-18 09:57:15,SIN SERVICIO (INTERNET),2025-11-19 19:17:50,ABALLAY/B UNZAGA,SANTA ROSA,21540,CAMBIO DE ACOMETIDA,VALLE VIEJO
83516,2025-11-18 11:39:43,SIN SERVICIO (INTERNET),2025-11-20 18:11:33,FERREYRA/RIVERO,BANDA DE VARELA,21467,CAMBIO DE ACOMETIDA,VALLE VIEJO
83530,2025-11-18 15:55:28,SIN SERVICIO (INTERNET),2025-11-19 19:17:50,CARPIO/LOPEZ,SANTA ROSA,4888,CAMBIO DE ACOMETIDA,VALLE VIEJO
83532,2025-11-18 16:43:16,SIN SERVICIO (INTERNET),2025-11-25 13:03:45,ABALLAY/B UNZAGA,SUMALAO,4891,CAMBIO DE ACOMETIDA,VALLE VIEJO
83563,2025-11-19 08:55:52,SIN SERVICIO (INTERNET),2025-11-19 17:26:55,AGUIRRE WALTER OSVALDO,CENTRO,529,CAMBIO DE ACOMETIDA,UNET TINOGASTA
83568,2025-11-19 09:28:14,SIN SERVICIO (INTERNET),2025-11-25 19:44:51,ABALLAY/B UNZAGA,SAN JOSE,6553,CAMBIO DE ACOMETIDA,VALLE VIEJO
83648,2025-11-19 16:00:23,SIN SERVICIO (INTERNET),2025-11-25 13:03:45,ABALLAY/B UNZAGA,POZO DE MISTOL,24610,CAMBIO DE ACOMETIDA,VALLE VIEJO
83650,2025-11-19 17:11:43,SIN SERVICIO (INTERNET),2025-11-20 18:11:33,FERREYRA/RIVERO,POLCOS,5610,CAMBIO DE ACOMETIDA,VALLE VIEJO
83651,2025-11-19 17:15:41,SIN SERVICIO (INTERNET),2025-11-25 19:44:51,ABALLAY/B UNZAGA,LA FALDA DE SAN ANTONIO,24502,CAMBIO DE ACOMETIDA,VALLE VIEJO
83666,2025-11-19 19:17:35,PROBLEMAS DE SEÃƒÂ‘AL,2025-11-28 08:48:17,ARAGON/SOSA,SAN ANTONIO,5113,CAMBIO DE ACOMETIDA,VALLE VIEJO
83711,2025-11-20 14:41:26,SIN SERVICIO (INTERNET),2025-11-26 08:18:05,CARPIO/LOPEZ,SANTA ROSA,9966,CAMBIO DE ACOMETIDA,VALLE VIEJO
83720,2025-11-20 18:11:18,SIN SERVICIO (INTERNET),2025-11-27 07:52:34,CARPIO/LOPEZ,SANTA ROSA,15813,CAMBIO DE ACOMETIDA,VALLE VIEJO
83726,2025-11-20 19:38:22,PROBLEMAS DE SEÃƒÂ‘AL,2025-11-26 18:05:31,ABALLAY/B UNZAGA,SANTA ROSA,16153,CAMBIO DE ACOMETIDA,VALLE VIEJO
83732,2025-11-21 09:50:42,SIN SERVICIO (INTERNET),2025-11-26 18:05:31,ABALLAY/B UNZAGA,SAN JOSE,9814,CAMBIO DE ACOMETIDA,VALLE VIEJO
83741,2025-11-21 11:01:28,SIN SERVICIO (INTERNET),2025-11-26 18:05:31,ABALLAY/B UNZAGA,SANTA ROSA,3465,CAMBIO DE ACOMETIDA,VALLE VIEJO
83746,2025-11-21 12:10:44,SIN SERVICIO (INTERNET),2025-11-25 19:36:27,ARAGON/SOSA,SAN JOSE,14345,CAMBIO DE ACOMETIDA,VALLE VIEJO
83753,2025-11-25 07:59:00,SIN SERVICIO (INTERNET),2025-11-28 08:48:17,ABALLAY/B UNZAGA,BANDA DE VARELA,23696,CAMBIO DE ACOMETIDA,VALLE VIEJO
83764,2025-11-25 09:02:20,SIN SERVICIO (INTERNET),2025-11-28 08:48:17,FERREYRA/RIVERO,SAN JOSE,9812,CAMBIO DE ACOMETIDA,VALLE VIEJO
83783,2025-11-25 09:36:07,SIN SERVICIO (INTERNET),2025-11-28 08:48:17,CARPIO/LOPEZ,LA CARRERA,20491,CAMBIO DE ACOMETIDA,VALLE VIEJO
83785,2025-11-25 09:43:36,PROBLEMAS DE SEÃƒÂ‘AL,2025-11-28 08:48:17,ARAGON/SOSA,SAN JOSE,9111,CAMBIO DE ACOMETIDA,VALLE VIEJO
83787,2025-11-25 09:45:26,SIN SERVICIO (INTERNET),2025-11-26 20:44:11,SOSA/ARAGON,BARRIO CENTRO,23119,CAMBIO DE ACOMETIDA,EL RODEO
83791,2025-11-25 10:10:58,SIN SERVICIO (INTERNET),2025-11-26 08:39:49,AGUIRRE WALTER OSVALDO,TINOGASTA,19993,CAMBIO DE ACOMETIDA,UNET TINOGASTA
83797,2025-11-25 10:30:07,PROBLEMAS DE SEÃƒÂ‘AL,2025-11-28 08:48:17,ARAGON/SOSA,SAN JOSE,16235,CAMBIO DE ACOMETIDA,VALLE VIEJO
83804,2025-11-25 11:09:58,SIN SERVICIO (INTERNET),2025-11-28 08:48:17,FERREYRA/RIVERO,EL BAÃƒÂ‘ADO,3222,CAMBIO DE ACOMETIDA,VALLE VIEJO
83805,2025-11-25 11:13:19,SIN SERVICIO (INTERNET),2025-11-28 08:48:17,FERREYRA/RIVERO,PORTAL NORTE 1,17948,CAMBIO DE ACOMETIDA,VALLE VIEJO
83806,2025-11-25 11:23:07,SIN SERVICIO (INTERNET),2025-12-01 11:04:59,FERREYRA/RIVERO,SAN ANTONIO,14305,CAMBIO DE ACOMETIDA,VALLE VIEJO
83808,2025-11-25 11:47:03,SIN SERVICIO (INTERNET),2025-11-29 10:36:10,CARPIO/LOPEZ,SAN ANTONIO,19824,CAMBIO DE ACOMETIDA,VALLE VIEJO
83817,2025-11-25 16:31:09,SIN SERVICIO (INTERNET),2025-11-29 10:36:10,CARPIO/LOPEZ,SANTA ROSA,3913,CAMBIO DE ACOMETIDA,VALLE VIEJO
83822,2025-11-25 17:21:17,SIN SERVICIO (INTERNET),2025-11-26 08:18:05,CARPIO/LOPEZ,SAN ANTONIO,4111,CAMBIO DE ACOMETIDA,VALLE VIEJO
83824,2025-11-25 17:24:41,SIN SERVICIO (INTERNET),2025-11-26 08:18:05,CARPIO/LOPEZ,SAN ANTONIO,14330,CAMBIO DE ACOMETIDA,VALLE VIEJO
83826,2025-11-25 17:45:02,SIN SERVICIO (INTERNET),2025-11-27 07:52:34,CARPIO/LOPEZ,SANTA ROSA,5377,CAMBIO DE ACOMETIDA,VALLE VIEJO
83830,2025-11-25 18:09:24,SIN SERVICIO (INTERNET),2025-11-27 08:42:04,AGUIRRE WALTER OSVALDO,LOS RODRIGUEZ,24066,CAMBIO DE ACOMETIDA,UNET TINOGASTA
83949,2025-11-26 16:53:54,SIN SERVICIO (INTERNET),2025-12-01 11:04:59,ABALLAY/B UNZAGA,LA TERCENA,19639,CAMBIO DE ACOMETIDA,VALLE VIEJO
83955,2025-11-26 17:17:40,SIN SERVICIO (INTERNET),2025-11-28 18:30:36,ABALLAY/B UNZAGA,SAN ANTONIO,19325,CAMBIO DE ACOMETIDA,VALLE VIEJO
84034,2025-11-26 17:26:45,SIN SERVICIO (INTERNET),2025-11-27 19:00:33,UNET SOPORTE VV,SAN ANTONIO,3106,REPARACION DE FO,VALLE VIEJO
84036,2025-11-26 17:28:19,SIN SERVICIO (INTERNET),2025-11-28 18:30:36,ABALLAY/B UNZAGA,POZO DE MISTOL,24515,CAMBIO DE ACOMETIDA,VALLE VIEJO
84038,2025-11-26 17:53:46,SIN SERVICIO (INTERNET),2025-11-27 19:00:33,UNET SOPORTE VV,SAN ANTONIO,14448,REPARACION DE FO,VALLE VIEJO
84044,2025-11-26 19:41:40,SIN SERVICIO (INTERNET),2025-11-28 08:51:11,AGUIRRE WALTER OSVALDO,TINOGASTA,24418,CAMBIO DE ACOMETIDA,UNET TINOGASTA
84045,2025-11-26 19:42:26,SIN SERVICIO (INTERNET),2025-11-29 10:36:10,CARPIO/LOPEZ,SAN JOSE,8009,CAMBIO DE ACOMETIDA,VALLE VIEJO
84049,2025-11-26 20:42:25,SIN SERVICIO (INTERNET),2025-11-27 19:00:33,UNET SOPORTE VV,SAN ANTONIO,7733,REPARACION DE FO,VALLE VIEJO
84070,2025-11-27 09:58:03,PROBLEMAS DE SEÃƒÂ‘AL,2025-12-01 20:01:18,ABALLAY/B UNZAGA,SAN ANTONIO,16133,CAMBIO DE ACOMETIDA,VALLE VIEJO
84078,2025-11-27 11:36:36,SIN SERVICIO (INTERNET),2025-11-29 09:17:33,AGUIRRE WALTER OSVALDO,TINOGASTA,8284,CAMBIO DE ACOMETIDA,UNET TINOGASTA
84085,2025-11-27 13:34:36,SIN SERVICIO (INTERNET),2025-11-27 19:00:33,UNET SOPORTE VV,SAN ANTONIO,5547,REPARACION DE FO,VALLE VIEJO
84103,2025-11-27 19:00:23,SIN SERVICIO (INTERNET),2025-11-29 10:36:10,CARPIO/LOPEZ,SANTA ROSA,24386,CAMBIO DE ACOMETIDA,VALLE VIEJO
84108,2025-11-27 20:57:20,MODIFICAR BAJADA,2025-11-29 09:50:10,JUAN OVEJERO,50 VIVIENDAS,536,CAMBIO DE ACOMETIDA,SONOVISION TINOGASTA
84115,2025-11-28 08:51:03,SIN SERVICIO (INTERNET),2025-11-29 09:17:33,AGUIRRE WALTER OSVALDO,TINOGASTA,18262,CAMBIO DE ACOMETIDA,UNET TINOGASTA
84120,2025-11-28 09:18:15,SIN SERVICIO (INTERNET),2025-12-01 20:01:18,ABALLAY/B UNZAGA,SAN JOSE,17033,CAMBIO DE ACOMETIDA,VALLE VIEJO
84149,2025-11-28 17:24:00,SIN SERVICIO (INTERNET),2025-12-03 07:57:19,CARPIO/LOPEZ,POLCOS,7883,CAMBIO DE ACOMETIDA,VALLE VIEJO
84152,2025-11-28 17:40:12,SIN SERVICIO (INTERNET),2025-12-01 20:01:18,ABALLAY/B UNZAGA,SANTA ROSA,22521,CAMBIO DE ACOMETIDA,VALLE VIEJO
84154,2025-11-28 17:56:35,RED EN EL SUELO,2025-11-29 09:17:33,AGUIRRE WALTER OSVALDO,CENTRO,2588,CAMBIO DE ACOMETIDA,UNET TINOGASTA
84155,2025-11-28 18:00:22,SIN SERVICIO (INTERNET),2025-12-03 18:13:57,CARPIO/LOPEZ,BANDA DE VARELA,23058,CAMBIO DE ACOMETIDA,VALLE VIEJO
84158,2025-11-28 18:11:08,SIN SERVICIO (INTERNET),2025-12-03 11:42:09,ABALLAY/B UNZAGA,SUMALAO,21088,CAMBIO DE ACOMETIDA,VALLE VIEJO
84164,2025-11-28 19:12:28,SIN SERVICIO (INTERNET),2025-12-01 20:01:18,CARPIO/LOPEZ,SAN JOSE,14521,CAMBIO DE ACOMETIDA,VALLE VIEJO
84166,2025-11-28 19:24:11,FUENTE ONT DAÃƒÂ‘ADA,2025-12-01 20:01:18,CARPIO/LOPEZ,SAN ANTONIO,18442,CAMBIO DE ACOMETIDA,VALLE VIEJO
84184,2025-11-29 09:04:25,SIN SERVICIO (INTERNET),2025-12-01 11:04:59,ABALLAY/B UNZAGA,POLCOS,4290,CAMBIO DE ACOMETIDA,VALLE VIEJO
84186,2025-11-29 09:11:02,SIN SERVICIO (INTERNET),2025-12-03 11:42:09,ABALLAY/B UNZAGA,SUMALAO,23872,CAMBIO DE ACOMETIDA,VALLE VIEJO
84210,2025-11-29 11:10:32,SIN SERVICIO (INTERNET),2025-12-04 08:06:37,ABALLAY/B UNZAGA,SANTA ROSA,7718,CAMBIO DE LUGAR DEL CABLE DE ACOMETIDA,VALLE VIEJO
84211,2025-11-29 11:22:00,SIN SERVICIO (INTERNET),2025-12-03 18:13:57,FERREYRA/RIVERO,SAN ANTONIO,5888,CAMBIO DE ACOMETIDA,VALLE VIEJO
84220,2025-11-29 12:41:29,SIN SERVICIO (INTERNET),2025-12-03 18:13:57,FERREYRA/RIVERO,BANDA DE VARELA,21398,CAMBIO DE ACOMETIDA,VALLE VIEJO
84222,2025-12-01 08:28:22,SIN SERVICIO (INTERNET),2025-12-02 08:44:59,JULIO DIAZ,TINOGASTA,23287,CAMBIO DE ACOMETIDA,UNET TINOGASTA
84229,2025-12-01 08:56:52,SIN SERVICIO (INTERNET),2025-12-04 08:06:37,ABALLAY/B UNZAGA,SAN ANTONIO,7201,CAMBIO DE ACOMETIDA,VALLE VIEJO
84235,2025-12-01 09:25:42,SIN SERVICIO (INTERNET),2025-12-01 17:09:20,SOSA/ARAGON,EL RODEO,22405,CAMBIO DE ACOMETIDA,EL RODEO
84261,2025-12-01 10:35:13,SIN SERVICIO (INTERNET),2025-12-03 07:57:19,CARPIO/LOPEZ,SAN JOSE,18511,CAMBIO DE ACOMETIDA,VALLE VIEJO
84264,2025-12-01 10:55:01,SIN SERVICIO (INTERNET),2025-12-04 18:30:46,FERREYRA/RIVERO,SANTA ROSA,20387,CAMBIO DE ACOMETIDA,VALLE VIEJO
84324,2025-12-01 17:01:57,SIN SERVICIO (INTERNET),2025-12-04 18:30:46,ABALLAY/B UNZAGA,SAN ANTONIO,17196,CAMBIO DE ACOMETIDA,VALLE VIEJO
84326,2025-12-01 17:07:49,SIN SERVICIO (INTERNET),2025-12-03 11:42:09,ARAGON/SOSA,SAN JOSE,14568,CAMBIO DE ACOMETIDA,VALLE VIEJO
84342,2025-12-01 18:14:44,SIN SERVICIO (INTERNET),2025-12-03 18:13:57,CARPIO/LOPEZ,SANTA ROSA,21067,CAMBIO DE ACOMETIDA,VALLE VIEJO
84354,2025-12-01 20:42:35,MODIFICAR BAJADA,2025-12-05 19:24:06,ARAGON - SOSA,BANDA SUD (ZONA 2),24003,CAMBIO DE ACOMETIDA,LA PUERTA
84362,2025-12-02 09:01:27,SIN SERVICIO (INTERNET),2025-12-04 08:55:53,AGUIRRE WALTER OSVALDO,TINOGASTA,24387,CAMBIO DE ACOMETIDA,UNET TINOGASTA
84379,2025-12-02 11:07:49,SIN SERVICIO (INTERNET),2025-12-04 18:30:46,FERREYRA/RIVERO,SANTA ROSA,7440,CAMBIO DE ACOMETIDA,VALLE VIEJO
84387,2025-12-02 11:44:40,SIN SERVICIO (INTERNET),2025-12-04 18:30:46,ABALLAY/B UNZAGA,POLCOS,15759,CAMBIO DE ACOMETIDA,VALLE VIEJO
84393,2025-12-02 14:40:07,SIN SERVICIO (INTERNET),2025-12-04 08:06:37,ABALLAY/B UNZAGA,POZO DE MISTOL,3035,CAMBIO DE ACOMETIDA,VALLE VIEJO
84402,2025-12-02 17:58:49,SIN SERVICIO (INTERNET),2025-12-04 18:30:46,CARPIO/LOPEZ,SAN JOSE,24383,CAMBIO DE ACOMETIDA,VALLE VIEJO
84407,2025-12-02 18:09:57,SIN SERVICIO (INTERNET),2025-12-04 18:30:46,FERREYRA/RIVERO,SANTA ROSA,20861,CAMBIO DE ACOMETIDA,VALLE VIEJO
84457,2025-12-03 11:16:55,SIN SERVICIO (INTERNET),2025-12-04 18:30:46,FERREYRA/RIVERO,POZO DE MISTOL,6734,CAMBIO DE ACOMETIDA,VALLE VIEJO
84458,2025-12-03 11:26:25,PROBLEMAS DE SEÃƒÂ‘AL,2025-12-05 17:47:03,ABALLAY/B UNZAGA,SAN JOSE,14595,CAMBIO DE ACOMETIDA,VALLE VIEJO
84499,2025-12-03 17:16:44,MODEM DAÃƒÂ‘ADO,2025-12-11 09:47:13,ABALLAY/B UNZAGA,SUMALAO,3218,CAMBIO DE ACOMETIDA,VALLE VIEJO
84504,2025-12-03 18:38:44,SIN SERVICIO (INTERNET),2025-12-05 17:47:03,FERREYRA/RIVERO,LA CHACARITA,19867,CAMBIO DE ACOMETIDA,VALLE VIEJO
84519,2025-12-04 09:04:27,SIN SERVICIO (INTERNET),2025-12-09 10:47:44,CARPIO/LOPEZ,POLCOS,23744,CAMBIO DE ACOMETIDA,VALLE VIEJO
84525,2025-12-04 09:48:16,PROBLEMAS DE SEÃƒÂ‘AL,2025-12-10 07:57:04,ARAGON/SOSA,BANDA DE VARELA,21662,CAMBIO DE ACOMETIDA,VALLE VIEJO
84533,2025-12-04 10:50:02,SIN SERVICIO (INTERNET),2025-12-05 17:47:03,FERREYRA/RIVERO,SAN ANTONIO,18357,CAMBIO DE ACOMETIDA,VALLE VIEJO
84535,2025-12-04 11:22:06,DECO TV SIN SEÃƒÂ‘AL,2025-12-09 08:26:10,JUAN OVEJERO,CENTRO,24312,CAMBIO DE ACOMETIDA,UNET TINOGASTA
84547,2025-12-04 15:13:38,SIN SERVICIO (INTERNET),2025-12-05 17:47:03,FERREYRA/RIVERO,SAN ANTONIO,15051,CAMBIO DE ACOMETIDA,VALLE VIEJO
84553,2025-12-04 17:24:23,SIN SERVICIO (INTERNET),2025-12-05 17:47:03,FERREYRA/RIVERO,SUMALAO,17548,CAMBIO DE ACOMETIDA,VALLE VIEJO
84569,2025-12-04 20:04:25,PROBLEMAS DE SEÃƒÂ‘AL,2025-12-05 17:47:03,FERREYRA/RIVERO,SUMALAO,7050,CAMBIO DE ACOMETIDA,VALLE VIEJO
84577,2025-12-05 08:39:20,SIN SERVICIO (INTERNET),2025-12-10 07:57:04,ARAGON/SOSA,SAN JOSE,14428,CAMBIO DE ACOMETIDA,VALLE VIEJO
84579,2025-12-05 08:54:47,SIN SERVICIO (INTERNET),2025-12-12 08:50:10,AGUIRRE WALTER OSVALDO,70 VIVIENDAS,1233,CAMBIO DE ACOMETIDA,UNET TINOGASTA
84586,2025-12-05 09:16:26,SIN SERVICIO (INTERNET),2025-12-09 21:06:03,AGUIRRE WALTER OSVALDO,100 VIVIENDAS,390,CAMBIO DE ACOMETIDA,UNET TINOGASTA
84600,2025-12-05 09:28:51,SIN SERVICIO (INTERNET),2025-12-09 21:06:03,AGUIRRE WALTER OSVALDO,CEMENTERIO,2640,CAMBIO DE ACOMETIDA,UNET TINOGASTA
84610,2025-12-05 10:34:43,SIN SERVICIO (INTERNET),2025-12-09 21:06:03,AGUIRRE WALTER OSVALDO,LA CANDELARIA STA RO,1953,CAMBIO DE ACOMETIDA,UNET TINOGASTA
84626,2025-12-05 11:50:16,SIN SERVICIO (INTERNET),2025-12-09 08:26:10,JUAN OVEJERO,TINOGASTA,7507,CAMBIO DE ACOMETIDA,UNET TINOGASTA
84628,2025-12-05 11:54:51,SIN SERVICIO (INTERNET),2025-12-09 19:02:37,ABALLAY/B UNZAGA,POZO DE MISTOL,24096,CAMBIO DE ACOMETIDA,VALLE VIEJO
84629,2025-12-05 11:55:46,RED EN EL SUELO,2025-12-09 08:26:10,JUAN OVEJERO,PROGRESO,1504,CAMBIO DE ACOMETIDA,UNET TINOGASTA
84636,2025-12-05 16:29:01,SIN SERVICIO (INTERNET),2025-12-11 09:47:13,ABALLAY/B UNZAGA,SUMALAO,8066,CAMBIO DE ACOMETIDA,VALLE VIEJO
84637,2025-12-05 16:29:38,SIN SERVICIO (INTERNET),2025-12-10 07:57:04,ARAGON/SOSA,SAN JOSE,9483,CAMBIO DE ACOMETIDA,VALLE VIEJO
84638,2025-12-05 16:43:52,SIN SERVICIO (INTERNET),2025-12-05 17:47:03,ABALLAY/B UNZAGA,SAN JOSE,15178,CAMBIO DE ACOMETIDA,VALLE VIEJO
84641,2025-12-05 17:31:00,VERIFICAR SERVICIO,2025-12-09 21:06:03,JUAN OVEJERO,CENTRO,19563,CAMBIO DE ACOMETIDA,UNET TINOGASTA
84648,2025-12-05 18:48:38,SIN SERVICIO (INTERNET),2025-12-09 10:47:44,CARPIO/LOPEZ,SAN ISIDRO,15482,CAMBIO DE ACOMETIDA,VALLE VIEJO
84656,2025-12-05 19:28:36,SIN SERVICIO (INTERNET),2025-12-09 21:06:03,JUAN OVEJERO,CENTRO,675,CAMBIO DE ACOMETIDA,UNET TINOGASTA
84661,2025-12-05 20:30:25,SIN SERVICIO (INTERNET),2025-12-09 21:06:03,JUAN OVEJERO,CENTRO,6172,CAMBIO DE ACOMETIDA,UNET TINOGASTA
84671,2025-12-06 10:04:08,SIN SERVICIO (INTERNET),2025-12-09 19:02:37,ABALLAY/B UNZAGA,POZO DE MISTOL,20230,CAMBIO DE ACOMETIDA,VALLE VIEJO
84688,2025-12-06 11:27:06,SIN SERVICIO (INTERNET),2025-12-09 19:02:37,ABALLAY/B UNZAGA,VILLA DOLORES,9555,CAMBIO DE ACOMETIDA,VALLE VIEJO
84690,2025-12-06 12:01:53,SIN SERVICIO (INTERNET),2025-12-11 08:48:06,JUAN OVEJERO,CENTRO,2095,CAMBIO DE ACOMETIDA,UNET TINOGASTA
84694,2025-12-06 12:24:30,SIN SERVICIO (INTERNET),2025-12-09 19:02:37,ABALLAY/B UNZAGA,EL BAÃƒÂ‘ADO,9392,CAMBIO DE ACOMETIDA,VALLE VIEJO
84696,2025-12-06 12:26:16,SIN SERVICIO (INTERNET),2025-12-09 19:02:37,ABALLAY/B UNZAGA,SANTA ROSA,17410,CAMBIO DE ACOMETIDA,VALLE VIEJO
84706,2025-12-09 08:39:23,SIN SERVICIO,2025-12-09 21:06:03,AGUIRRE WALTER OSVALDO,TINOGASTA,19299,CAMBIO DE ACOMETIDA,UNET TINOGASTA
84707,2025-12-09 09:02:54,SIN SERVICIO (INTERNET),2025-12-12 08:50:10,AGUIRRE WALTER OSVALDO,CENTRO,1642,CAMBIO DE ACOMETIDA,UNET TINOGASTA
84708,2025-12-09 09:04:26,SIN SERVICIO (INTERNET),2025-12-09 21:06:03,AGUIRRE WALTER OSVALDO,60 VIVIENDAS,2778,CAMBIO DE ACOMETIDA,UNET TINOGASTA
84713,2025-12-09 09:21:27,SIN SERVICIO (INTERNET),2025-12-10 07:57:04,MOLINA MARTIN,POLCOS,9610,CAMBIO DE ACOMETIDA,VALLE VIEJO
84740,2025-12-09 10:53:28,SIN SERVICIO (INTERNET),2025-12-11 08:48:06,AGUIRRE WALTER OSVALDO,TINOGASTA,2251,CAMBIO DE ACOMETIDA,UNET TINOGASTA
84744,2025-12-09 11:12:30,SIN SERVICIO (INTERNET),2025-12-11 08:48:06,AGUIRRE WALTER OSVALDO,CENTRO,20814,CAMBIO DE ACOMETIDA,UNET TINOGASTA
84747,2025-12-09 11:23:07,SIN SERVICIO (INTERNET),2025-12-12 19:10:55,AGUIRRE WALTER OSVALDO,50 VIVIENDAS,1874,CAMBIO DE ACOMETIDA,UNET TINOGASTA
84757,2025-12-09 12:10:15,SIN SERVICIO (INTERNET),2025-12-11 08:48:06,AGUIRRE WALTER OSVALDO,200 VIVIENDAS,21352,CAMBIO DE ACOMETIDA,UNET TINOGASTA
84779,2025-12-09 18:17:19,SIN SERVICIO (INTERNET),2025-12-16 08:07:54,ABALLAY/B UNZAGA,SAN ANTONIO,6071,CAMBIO DE ACOMETIDA,VALLE VIEJO
84797,2025-12-09 20:03:07,SIN SERVICIO (INTERNET),2025-12-11 08:48:06,AGUIRRE WALTER OSVALDO,TINOGASTA,2880,CAMBIO DE ACOMETIDA,UNET TINOGASTA
84799,2025-12-09 20:22:54,SIN SERVICIO (INTERNET),2025-12-12 08:25:15,ABALLAY/B UNZAGA,SAN JOSE,8077,CAMBIO DE ACOMETIDA,VALLE VIEJO
84801,2025-12-09 20:30:41,SIN SERVICIO (INTERNET),2025-12-16 08:07:54,ABALLAY/B UNZAGA,LA TERCENA,22377,CAMBIO DE ACOMETIDA,VALLE VIEJO
84809,2025-12-10 08:42:10,SIN SERVICIO (INTERNET),2025-12-11 16:51:03,FERREYRA/RIVERO,POZO DE MISTOL,8811,CAMBIO DE ACOMETIDA,VALLE VIEJO
84814,2025-12-10 09:01:43,PROBLEMAS DE SEÃƒÂ‘AL,2025-12-18 17:33:16,MARTINES PABLO,50 VIVIENDAS,93,CAMBIO DE TRAMO DE CABLE,CHUMBICHA
84818,2025-12-10 09:10:23,SIN SERVICIO (INTERNET),2025-12-18 12:06:36,JUAN OVEJERO,TINOGASTA,21682,CAMBIO DE ACOMETIDA,UNET TINOGASTA
84828,2025-12-10 09:45:10,SIN SERVICIO (INTERNET),2025-12-12 08:50:10,JUAN OVEJERO,TINOGASTA,17509,CAMBIO DE ACOMETIDA,UNET TINOGASTA
84896,2025-12-10 16:24:07,SIN SERVICIO (INTERNET),2025-12-11 09:47:13,FERREYRA/RIVERO,POZO DE MISTOL,6031,CAMBIO DE ACOMETIDA,VALLE VIEJO
84906,2025-12-10 17:25:11,SIN SERVICIO (INTERNET),2025-12-11 16:51:03,FERREYRA/RIVERO,SAN ANTONIO,5516,CAMBIO DE ACOMETIDA,VALLE VIEJO
84907,2025-12-10 17:54:15,SIN SERVICIO (INTERNET),2025-12-12 19:10:55,JUAN OVEJERO,TINOGASTA,20881,CAMBIO DE ACOMETIDA,UNET TINOGASTA
84909,2025-12-10 18:10:47,SIN SERVICIO (INTERNET),2025-12-15 09:01:14,JUAN OVEJERO,SANTA ROSA,8582,CAMBIO DE ACOMETIDA,UNET TINOGASTA
84912,2025-12-10 18:13:48,SIN SERVICIO (INTERNET),2025-12-13 08:56:06,FERREYRA/RIVERO,SANTA ROSA,4076,CAMBIO DE ACOMETIDA,VALLE VIEJO
84933,2025-12-10 20:29:21,SIN SERVICIO (INTERNET),2025-12-12 19:10:55,AGUIRRE WALTER OSVALDO,TINOGASTA,8638,CAMBIO DE ACOMETIDA,UNET TINOGASTA
84952,2025-12-11 08:55:12,SIN SERVICIO (INTERNET),2025-12-15 11:32:40,FERREYRA/RIVERO,SANTA ROSA,22580,CAMBIO DE ACOMETIDA,VALLE VIEJO
84961,2025-12-11 09:47:00,SIN SERVICIO (INTERNET),2025-12-16 08:07:54,ABALLAY/B UNZAGA,POLCOS,15805,CAMBIO DE ACOMETIDA,VALLE VIEJO
84974,2025-12-11 10:24:40,PROBLEMAS DE SEÃƒÂ‘AL,2025-12-13 08:56:06,FERREYRA/RIVERO,SAN ISIDRO,24836,CAMBIO DE ACOMETIDA,VALLE VIEJO
84980,2025-12-11 11:10:46,SIN SERVICIO (INTERNET),2025-12-15 09:01:14,AGUIRRE WALTER OSVALDO,50 VIVIENDAS,1014,CAMBIO DE ACOMETIDA,UNET TINOGASTA
84981,2025-12-11 11:14:11,SIN SERVICIO (INTERNET),2025-12-13 13:11:50,MOLINA MARTIN,SAN JOSE,19868,CAMBIO DE ACOMETIDA,VALLE VIEJO
84983,2025-12-11 11:17:11,SIN SERVICIO (INTERNET),2025-12-18 17:33:16,MARTINES PABLO,SAN MARTÃƒÂN,2086,REPARACION DE CABLE CORTADO,CHUMBICHA
84984,2025-12-11 11:19:18,SIN SERVICIO (INTERNET),2025-12-18 17:33:16,MARTINES PABLO,SAN MARTÃƒÂN,19664,REPARACION DE CABLE CORTADO,CHUMBICHA
84989,2025-12-11 11:42:45,SIN SERVICIO (INTERNET),2025-12-17 09:53:16,FERREYRA/RIVERO,SUMALAO,15695,CAMBIO DE ACOMETIDA,VALLE VIEJO
84990,2025-12-11 11:43:04,SIN SERVICIO (INTERNET),2025-12-18 17:33:16,MARTINES PABLO,SAN MARTÃƒÂN,23422,REPARACION DE CABLE CORTADO,CHUMBICHA
85045,2025-12-11 15:43:52,SIN SERVICIO (INTERNET),2025-12-13 08:56:06,FERREYRA/RIVERO,POZO DE MISTOL,22920,CAMBIO DE ACOMETIDA,VALLE VIEJO
85048,2025-12-11 17:21:23,SIN SERVICIO (INTERNET),2025-12-15 11:32:40,FERREYRA/RIVERO,SANTA ROSA,21460,CAMBIO DE ACOMETIDA,VALLE VIEJO
85049,2025-12-11 17:26:36,SIN SERVICIO (INTERNET),2025-12-13 13:11:50,MOLINA MARTIN,SAN JOSE,9927,CAMBIO DE ACOMETIDA,VALLE VIEJO
85053,2025-12-11 17:47:48,PROBLEMAS DE SEÃƒÂ‘AL,2025-12-12 19:10:55,AGUIRRE WALTER OSVALDO,SANTA ROSA,8547,CAMBIO DE ACOMETIDA,UNET TINOGASTA
85054,2025-12-11 17:51:57,SIN SERVICIO (INTERNET),2025-12-12 16:45:17,ABALLAY/B UNZAGA,SUMALAO,20571,CAMBIO DE ACOMETIDA,VALLE VIEJO
85063,2025-12-11 19:18:35,SIN SERVICIO (INTERNET),2025-12-12 19:10:55,AGUIRRE WALTER OSVALDO,200 VIVIENDAS,15402,CAMBIO DE ACOMETIDA,UNET TINOGASTA
85070,2025-12-12 08:18:06,FIBRA DAÃƒÂ‘ADA,2025-12-13 13:11:50,MOLINA MARTIN,SAN JOSE,6607,CAMBIO DE ACOMETIDA,VALLE VIEJO
85072,2025-12-12 08:36:53,SIN SERVICIO (INTERNET),2025-12-16 08:07:54,ABALLAY/B UNZAGA,SANTA ROSA,7374,CAMBIO DE ACOMETIDA,VALLE VIEJO
85077,2025-12-12 08:52:22,SIN SERVICIO (INTERNET),2025-12-12 19:10:55,AGUIRRE WALTER OSVALDO,TINOGASTA,8462,CAMBIO DE ACOMETIDA,UNET TINOGASTA
85089,2025-12-12 11:00:27,SIN SERVICIO (INTERNET),2025-12-15 09:01:14,AGUIRRE WALTER OSVALDO,CENTRO,15480,CAMBIO DE ACOMETIDA,UNET TINOGASTA
85111,2025-12-12 17:34:20,SIN SERVICIO (INTERNET),2025-12-17 19:58:39,ABALLAY/B UNZAGA,SANTA ROSA,17931,CAMBIO DE ACOMETIDA,VALLE VIEJO
85134,2025-12-12 20:55:20,SIN SERVICIO (INTERNET),2025-12-16 17:56:47,ABALLAY/B UNZAGA,SANTA ROSA,18238,CAMBIO DE ACOMETIDA,VALLE VIEJO
85197,2025-12-15 08:47:04,SIN SERVICIO (INTERNET),2025-12-16 08:07:54,ABALLAY/B UNZAGA,VILLA DOLORES,14333,CAMBIO DE ACOMETIDA,VALLE VIEJO
85206,2025-12-15 09:11:52,SIN SERVICIO (INTERNET),2025-12-18 07:52:13,CARPIO/LOPEZ,SAN ISIDRO,4479,CAMBIO DE ACOMETIDA,VALLE VIEJO
85271,2025-12-15 16:47:33,SIN SERVICIO (INTERNET),2025-12-19 14:45:43,FERREYRA/RIVERO,EL HUECO,8216,CAMBIO DE ACOMETIDA,VALLE VIEJO
85274,2025-12-15 17:05:25,MODIFICAR BAJADA,2026-01-16 08:17:56,MOLINA MARTIN,SANTA ROSA,3908,CAMBIO DE LUGAR DEL CABLE DE ACOMETIDA,VALLE VIEJO
85275,2025-12-15 17:18:57,SIN SERVICIO (INTERNET),2025-12-20 08:47:49,SOSA/ARAGON,EL RODEO,23302,CAMBIO DE ACOMETIDA,EL RODEO
85276,2025-12-15 17:24:52,SIN SERVICIO (INTERNET),2025-12-17 08:31:13,AGUIRRE WALTER OSVALDO,SANTA ROSA,1875,CAMBIO DE ACOMETIDA,UNET TINOGASTA
85278,2025-12-15 17:25:36,PROBLEMAS DE SEÃƒÂ‘AL,2025-12-16 17:56:47,ABALLAY/B UNZAGA,SAN JOSE,8853,CAMBIO DE ACOMETIDA,VALLE VIEJO
85284,2025-12-15 17:45:54,SIN SERVICIO (INTERNET),2025-12-17 19:58:39,FERREYRA/RIVERO,SANTA ROSA,23910,CAMBIO DE ACOMETIDA,VALLE VIEJO
85291,2025-12-15 18:34:21,SIN SERVICIO (INTERNET),2025-12-17 08:31:13,AGUIRRE WALTER OSVALDO,LA PAZ,868,CAMBIO DE ACOMETIDA,UNET TINOGASTA
85298,2025-12-15 19:14:18,SIN SERVICIO (INTERNET),2025-12-19 14:45:43,FERREYRA/RIVERO,SAN ISIDRO,17193,CAMBIO DE ACOMETIDA,VALLE VIEJO
85300,2025-12-15 19:31:12,SIN SERVICIO (INTERNET),2025-12-18 16:11:29,ABALLAY/B UNZAGA,SAN ISIDRO,24744,CAMBIO DE ACOMETIDA,VALLE VIEJO
85306,2025-12-15 20:01:31,SIN SERVICIO (INTERNET),2025-12-16 08:07:54,ABALLAY/B UNZAGA,SUMALAO,23872,CAMBIO DE ACOMETIDA,VALLE VIEJO
85313,2025-12-16 08:40:35,SIN SERVICIO (INTERNET),2025-12-17 08:31:13,AGUIRRE WALTER OSVALDO,TINOGASTA,16942,CAMBIO DE ACOMETIDA,UNET TINOGASTA
85328,2025-12-16 10:33:50,SIN SERVICIO (INTERNET),2025-12-18 12:06:36,AGUIRRE WALTER OSVALDO,SANTA ROSA,2326,CAMBIO DE ACOMETIDA,UNET TINOGASTA
85332,2025-12-16 10:57:25,SIN SERVICIO (INTERNET),2025-12-18 16:11:29,CARPIO/LOPEZ,SUMALAO,4655,REPARACION DE FO,VALLE VIEJO
85339,2025-12-16 11:14:41,MODIFICAR BAJADA,2026-01-24 12:52:15,MOLINA MARTIN,SAN ANTONIO,6311,CAMBIO DE ACOMETIDA,VALLE VIEJO
85386,2025-12-16 19:24:00,SIN SERVICIO (INTERNET),2025-12-18 16:11:29,CARPIO/LOPEZ,SUMALAO,6363,REPARACION DE FO,VALLE VIEJO
85387,2025-12-16 19:34:55,SIN SERVICIO (INTERNET),2025-12-20 09:13:59,JUAN OVEJERO,LA CANDELARIA,1607,CAMBIO DE ACOMETIDA,UNET TINOGASTA
85389,2025-12-16 19:51:17,SIN SERVICIO (INTERNET),2025-12-17 19:58:39,ABALLAY/B UNZAGA,SAN ANTONIO,23566,CAMBIO DE ACOMETIDA,VALLE VIEJO
85391,2025-12-16 20:09:37,SIN SERVICIO (INTERNET),2025-12-22 08:37:26,ABALLAY/B UNZAGA,SAN ISIDRO,20455,CAMBIO DE ACOMETIDA,VALLE VIEJO
85401,2025-12-17 07:58:24,SIN SERVICIO (INTERNET),2025-12-17 19:58:39,FERREYRA/RIVERO,SANTA ROSA,4112,CAMBIO DE ACOMETIDA,VALLE VIEJO
85415,2025-12-17 09:25:17,SIN SERVICIO (INTERNET),2025-12-17 19:58:39,FERREYRA/RIVERO,SAN JOSE,14196,CAMBIO DE ACOMETIDA,VALLE VIEJO
85435,2025-12-17 16:13:56,SIN SERVICIO (INTERNET),2025-12-19 19:27:36,ABALLAY/B UNZAGA,SAN ANTONIO,20991,CAMBIO DE ACOMETIDA,VALLE VIEJO
85455,2025-12-17 20:53:36,MODIFICAR BAJADA,2025-12-30 08:36:25,JULIO DIAZ,TINOGASTA,5522,CAMBIO DE ACOMETIDA,UNET TINOGASTA
85459,2025-12-18 08:03:59,SIN SERVICIO (INTERNET),2025-12-19 16:13:26,ARAGON/SOSA,EL BAÃƒÂ‘ADO,20403,REPARACION DE FO,VALLE VIEJO
85469,2025-12-18 09:03:21,SIN SERVICIO (INTERNET),2025-12-19 16:13:26,ARAGON/SOSA,EL BAÃƒÂ‘ADO,23038,REPARACION DE FO,VALLE VIEJO
85470,2025-12-18 09:05:24,SIN SERVICIO (INTERNET),2025-12-19 16:13:26,ARAGON/SOSA,POZO DE MISTOL,22265,CAMBIO DE ACOMETIDA,VALLE VIEJO
85481,2025-12-18 10:18:12,SIN SERVICIO (INTERNET),2025-12-20 09:13:59,JULIO DIAZ,SANTA ROSA,6220,CAMBIO DE ACOMETIDA,UNET TINOGASTA
85551,2025-12-18 16:56:58,SIN SERVICIO (INTERNET),2025-12-22 08:37:26,UNZAGA F/ UNZAGA M,SAN ANTONIO,24006,CAMBIO DE ACOMETIDA,VALLE VIEJO
85552,2025-12-18 17:06:10,SIN SERVICIO (INTERNET),2025-12-19 16:13:26,ARAGON/SOSA,SAN ISIDRO,17899,CAMBIO DE ACOMETIDA,VALLE VIEJO
85567,2025-12-18 20:33:04,SIN SERVICIO (INTERNET),2025-12-20 12:16:43,MOLINA MARTIN,POLCOS,5760,CAMBIO DE ACOMETIDA,VALLE VIEJO
85568,2025-12-18 20:41:54,SIN SERVICIO (INTERNET),2025-12-20 09:13:59,JULIO DIAZ,TINOGASTA,23540,CAMBIO DE ACOMETIDA,UNET TINOGASTA
85584,2025-12-19 10:30:12,RED EN EL SUELO,2025-12-26 10:29:16,JUAN OVEJERO,CENTRO,328,CAMBIO DE ACOMETIDA,UNET TINOGASTA
85605,2025-12-19 15:53:34,SIN SERVICIO (INTERNET),2025-12-20 12:16:43,UNZAGA F/ UNZAGA M,EL HUECO,7066,CAMBIO DE ACOMETIDA,VALLE VIEJO
85609,2025-12-19 17:17:07,SIN SERVICIO (INTERNET),2025-12-22 08:37:26,ABALLAY/B UNZAGA,SANTA ROSA,4352,CAMBIO DE ACOMETIDA,VALLE VIEJO
85618,2025-12-19 20:01:19,SIN SERVICIO (INTERNET),2025-12-20 12:31:55,ARAGON - SOSA,BANDA NORTE (ZONA 1),24151,CAMBIO DE ACOMETIDA,LA PUERTA
85622,2025-12-19 20:03:13,SIN SERVICIO (INTERNET),2025-12-22 14:57:54,ABALLAY/B UNZAGA,SAN JOSE,18741,CAMBIO DE ACOMETIDA,VALLE VIEJO
85654,2025-12-20 11:17:31,SIN SERVICIO (INTERNET),2025-12-29 18:28:15,ABALLAY/B UNZAGA,SANTA ROSA,24120,CAMBIO DE ACOMETIDA,VALLE VIEJO
85670,2025-12-22 09:11:47,SIN SERVICIO (INTERNET),2025-12-23 20:20:47,CARPIO/LOPEZ,SAN JOSE,16741,CAMBIO DE ACOMETIDA,VALLE VIEJO
85676,2025-12-22 09:24:15,SIN SERVICIO (INTERNET),2025-12-26 19:40:28,CARPIO/LOPEZ,SAN ANTONIO,24356,CAMBIO DE ACOMETIDA,VALLE VIEJO
85677,2025-12-22 09:34:45,SIN SERVICIO (INTERNET),2025-12-23 17:49:44,ABALLAY/B UNZAGA,SANTA ROSA,20236,CAMBIO DE ACOMETIDA,VALLE VIEJO
85696,2025-12-22 10:25:58,SIN SERVICIO (INTERNET),2025-12-27 08:28:33,AGUIRRE WALTER OSVALDO,200 VIVIENDAS,9040,CAMBIO DE ACOMETIDA,UNET TINOGASTA
85709,2025-12-22 11:01:59,SIN SERVICIO (INTERNET),2025-12-23 17:49:44,ABALLAY/B UNZAGA,SANTA ROSA,4721,CAMBIO DE ACOMETIDA,VALLE VIEJO
85726,2025-12-22 11:59:50,SIN SERVICIO (INTERNET),2025-12-23 17:49:44,ABALLAY/B UNZAGA,SANTA ROSA,4188,CAMBIO DE ACOMETIDA,VALLE VIEJO
85751,2025-12-22 19:20:12,SIN SERVICIO (INTERNET),2025-12-27 08:28:33,AGUIRRE WALTER OSVALDO,80 VIVIENDAS,1188,CAMBIO DE ACOMETIDA,UNET TINOGASTA
85757,2025-12-22 20:36:22,SIN SERVICIO (INTERNET),2025-12-26 08:42:02,ARAGON - SOSA,BANDA SUD (ZONA 2),25056,CAMBIO DE ACOMETIDA,LA PUERTA
85758,2025-12-22 20:37:05,SIN SERVICIO (INTERNET),2025-12-23 17:49:44,ABALLAY/B UNZAGA,POZO DE MISTOL,16782,CAMBIO DE ACOMETIDA,VALLE VIEJO
85765,2025-12-22 20:59:09,SIN SERVICIO (INTERNET),2025-12-29 09:00:55,JUAN OVEJERO,TINOGASTA,9956,CAMBIO DE ACOMETIDA,UNET TINOGASTA
85771,2025-12-23 09:04:10,VERIFICAR SERVICIO,2025-12-26 08:42:02,ARAGON - SOSA,BANDA SUD (ZONA 2),22776,CAMBIO DE ACOMETIDA,LA PUERTA
85772,2025-12-23 09:06:09,VERIFICAR SERVICIO,2025-12-26 08:42:02,ARAGON - SOSA,BANDA SUD (ZONA 2),22843,CAMBIO DE ACOMETIDA,LA PUERTA
85795,2025-12-23 11:27:29,SIN SERVICIO (INTERNET),2025-12-30 08:36:25,JUAN OVEJERO,VIRGEN DE VALLE,4583,CAMBIO DE ACOMETIDA,UNET TINOGASTA
85808,2025-12-23 16:11:53,SIN SERVICIO (INTERNET),2025-12-26 19:40:28,CARPIO/LOPEZ,SAN JOSE,19208,CAMBIO DE ACOMETIDA,VALLE VIEJO
85859,2025-12-26 09:17:22,SIN SERVICIO (INTERNET),2025-12-26 19:57:48,SOSA/ARAGON,CANCHA VIEJA,22708,CAMBIO DE ACOMETIDA,EL RODEO
85864,2025-12-26 09:28:03,SIN SERVICIO (INTERNET),2025-12-29 16:26:49,CARPIO/LOPEZ,SAN ANTONIO,21367,CAMBIO DE ACOMETIDA,VALLE VIEJO
85872,2025-12-26 09:32:42,SIN SERVICIO (INTERNET),2025-12-29 16:26:49,CARPIO/LOPEZ,SAN ANTONIO,8359,CAMBIO DE ACOMETIDA,VALLE VIEJO
85879,2025-12-26 09:47:33,SIN SERVICIO (INTERNET),2025-12-26 17:41:53,ABALLAY/B UNZAGA,EL BAÃƒÂ‘ADO,8546,CAMBIO DE ACOMETIDA,VALLE VIEJO
85880,2025-12-26 10:21:06,SIN SERVICIO (INTERNET),2025-12-29 18:28:15,ABALLAY/B UNZAGA,SUMALAO,15687,CAMBIO DE ACOMETIDA,VALLE VIEJO
85882,2025-12-26 10:45:40,SIN SERVICIO (INTERNET),2025-12-29 18:28:15,ABALLAY/B UNZAGA,SAN ISIDRO,24873,CAMBIO DE ACOMETIDA,VALLE VIEJO
85895,2025-12-26 11:50:16,SIN SERVICIO (INTERNET),2025-12-30 09:16:35,MARTINES PABLO,SAN MARTÃƒÂN,15417,REPARACION DE CABLE CORTADO,CHUMBICHA
85909,2025-12-26 18:36:26,SIN SERVICIO (INTERNET),2025-12-26 19:57:48,SOSA/ARAGON,EL RODEO,22519,CAMBIO DE ACOMETIDA,EL RODEO
85928,2025-12-27 09:50:46,SIN SERVICIO (INTERNET),2025-12-29 16:26:49,CARPIO/LOPEZ,EL HUECO,3919,CAMBIO DE ACOMETIDA,VALLE VIEJO
85937,2025-12-29 08:26:22,SIN SERVICIO (INTERNET),2025-12-30 16:47:48,CARPIO/LOPEZ,SAN JOSE,9595,CAMBIO DE ACOMETIDA,VALLE VIEJO
85958,2025-12-29 09:41:13,SIN SERVICIO (INTERNET),2026-01-03 08:39:34,CARPIO/LOPEZ,SAN JOSE,16240,CAMBIO DE ACOMETIDA,VALLE VIEJO
85970,2025-12-29 10:27:02,SIN SERVICIO (INTERNET),2026-01-03 08:39:34,CARPIO/LOPEZ,SAN ANTONIO,9369,CAMBIO DE ACOMETIDA,VALLE VIEJO
85986,2025-12-29 11:41:43,SIN SERVICIO (INTERNET),2025-12-30 16:47:48,CARPIO/LOPEZ,LOMA NEGRA,19406,CAMBIO DE ACOMETIDA,VALLE VIEJO
85988,2025-12-29 11:55:25,SIN SERVICIO (INTERNET),2026-01-03 08:39:34,CARPIO/LOPEZ,SAN ANTONIO,9342,CAMBIO DE ACOMETIDA,VALLE VIEJO
85993,2025-12-29 16:41:49,SIN SERVICIO (INTERNET),2026-01-05 08:11:38,CARPIO/LOPEZ,LA TERCENA,18068,CAMBIO DE ACOMETIDA,VALLE VIEJO
86035,2025-12-30 10:11:54,SIN SERVICIO (INTERNET),2026-01-03 08:39:34,ARAGON/SOSA,SANTA ROSA,3485,CAMBIO DE ACOMETIDA,VALLE VIEJO
86040,2025-12-30 10:32:35,SIN SERVICIO (INTERNET),2026-01-03 11:28:44,ARAGON - SOSA,BANDA NORTE (ZONA 1),23036,CAMBIO DE ACOMETIDA,LA PUERTA
86052,2025-12-30 11:56:55,SIN SERVICIO (INTERNET),2026-01-05 08:00:53,UNZAGA F/ UNZAGA M,SANTA ROSA,24573,REPARACION DE FO,VALLE VIEJO
86067,2025-12-30 20:00:49,SIN SERVICIO (INTERNET),2026-01-03 08:39:34,ARAGON/SOSA,EL BAÃƒÂ‘ADO,21136,CAMBIO DE ACOMETIDA,VALLE VIEJO
86128,2026-01-02 10:47:33,SIN SERVICIO (INTERNET),2026-01-05 08:11:38,CARPIO/LOPEZ,SAN JOSE,15856,CAMBIO DE ACOMETIDA,VALLE VIEJO
86143,2026-01-02 11:16:56,SIN SERVICIO (INTERNET),2026-01-03 08:39:34,ABALLAY/B UNZAGA,PORTAL NORTE 1,17545,CAMBIO DE ACOMETIDA,VALLE VIEJO
86150,2026-01-02 11:58:12,SIN SERVICIO (INTERNET),2026-01-05 10:19:31,SOSA/ARAGON,LOS CASTROS,22337,CAMBIO DE ACOMETIDA,EL RODEO
86189,2026-01-02 19:54:48,SIN SERVICIO (INTERNET),2026-01-05 08:00:53,UNZAGA F/ UNZAGA M,SANTA ROSA,21422,REPARACION DE FO,VALLE VIEJO
86200,2026-01-03 09:40:07,SIN SERVICIO (INTERNET),2026-01-05 10:54:37,ABALLAY/B UNZAGA,SANTA ROSA,20143,CAMBIO DE ACOMETIDA,VALLE VIEJO
86250,2026-01-05 08:35:02,SIN SERVICIO (INTERNET),2026-01-06 12:01:38,UNZAGA F/ UNZAGA M,SIERRA BRAVA,20101,CAMBIO DE ACOMETIDA,VALLE VIEJO
86252,2026-01-05 08:41:18,SIN SERVICIO (INTERNET),2026-01-06 12:01:38,UNZAGA F/ UNZAGA M,SAN JOSE,16471,CAMBIO DE ACOMETIDA,VALLE VIEJO
86253,2026-01-05 08:42:54,SIN SERVICIO (INTERNET),2026-01-06 08:05:26,UNZAGA F/ UNZAGA M,SANTA ROSA,20621,CAMBIO DE ACOMETIDA,VALLE VIEJO
86256,2026-01-05 08:49:45,SIN SERVICIO (INTERNET),2026-01-08 08:07:02,CARPIO/LOPEZ,SANTA ROSA,20707,CAMBIO DE ACOMETIDA,VALLE VIEJO
86260,2026-01-05 08:59:10,CAMBIO DE CABLE U.T.P.,2026-01-05 21:07:53,AGUIRRE WALTER OSVALDO,TINOGASTA,479,CAMBIO DE ACOMETIDA,UNET TINOGASTA
86270,2026-01-05 09:40:11,SIN SERVICIO (INTERNET),2026-01-08 09:00:20,AGUIRRE WALTER OSVALDO,SANTA ROSA,1638,CAMBIO DE ACOMETIDA,UNET TINOGASTA
86271,2026-01-05 09:44:42,SIN SERVICIO (INTERNET),2026-01-08 08:58:58,AGUIRRE WALTER OSVALDO,CENTRO,19563,CAMBIO DE ACOMETIDA,UNET TINOGASTA
86285,2026-01-05 09:57:23,SIN SERVICIO (INTERNET),2026-01-07 08:00:07,CARPIO/LOPEZ,SANTA ROSA,9620,REPARACION DE FO,VALLE VIEJO
86289,2026-01-05 10:07:54,SIN SERVICIO (INTERNET),2026-01-07 08:00:07,CARPIO/LOPEZ,SAN ISIDRO,24776,CAMBIO DE ACOMETIDA,VALLE VIEJO
86303,2026-01-05 11:23:07,SIN SERVICIO (INTERNET),2026-01-07 08:00:07,CARPIO/LOPEZ,SANTA ROSA,7136,CAMBIO DE ACOMETIDA,VALLE VIEJO
86304,2026-01-05 11:24:35,SIN SERVICIO (INTERNET),2026-01-06 12:41:59,JULIO DIAZ,SANTA ROSA,1869,CAMBIO DE ACOMETIDA,UNET TINOGASTA
86345,2026-01-05 18:06:40,SIN SERVICIO (INTERNET),2026-01-08 11:05:38,MOLINA MARTIN,SANTA ROSA,4011,CAMBIO DE ACOMETIDA,VALLE VIEJO
86373,2026-01-06 08:33:08,SIN SERVICIO (INTERNET),2026-01-08 08:09:23,ABALLAY/B UNZAGA,LA CARRERA,20907,CAMBIO DE ACOMETIDA,VALLE VIEJO
86391,2026-01-06 09:04:09,SIN SERVICIO (INTERNET),2026-01-08 11:05:38,MOLINA MARTIN,VILLA DOLORES,3246,CAMBIO DE ACOMETIDA,VALLE VIEJO
86423,2026-01-06 11:16:44,SIN SERVICIO (INTERNET),2026-01-08 08:07:02,CARPIO/LOPEZ,SANTA ROSA,17889,CAMBIO DE ACOMETIDA,VALLE VIEJO
86427,2026-01-06 12:05:14,SIN SERVICIO (INTERNET),2026-01-15 08:47:09,AGUIRRE WALTER OSVALDO,TINOGASTA,21955,CAMBIO DE ACOMETIDA,UNET TINOGASTA
86430,2026-01-06 12:10:13,SIN SERVICIO (INTERNET),2026-01-08 11:05:38,MOLINA MARTIN,SAN JOSE,8529,CAMBIO DE ACOMETIDA,VALLE VIEJO
86436,2026-01-06 12:57:03,SIN SERVICIO (INTERNET),2026-01-08 11:05:38,MOLINA MARTIN,SAN ANTONIO,5899,CAMBIO DE ACOMETIDA,VALLE VIEJO
86452,2026-01-06 15:09:20,SIN SERVICIO (INTERNET),2026-01-07 09:54:24,UNZAGA F/ UNZAGA M,LA CARRERA,15086,REPARACION DE FO,VALLE VIEJO
86456,2026-01-06 17:09:20,RED EN EL SUELO,2026-01-08 11:05:38,MOLINA MARTIN,SAN ANTONIO,8913,CAMBIO DE ACOMETIDA,VALLE VIEJO
86457,2026-01-06 17:24:42,SIN SERVICIO (INTERNET),2026-01-08 08:09:23,CARPIO/LOPEZ,SANTA ROSA,23140,CAMBIO DE ACOMETIDA,VALLE VIEJO
86458,2026-01-06 17:56:21,SIN SERVICIO (INTERNET),2026-01-07 09:54:24,UNZAGA F/ UNZAGA M,LA CARRERA,19034,REPARACION DE FO,VALLE VIEJO
86460,2026-01-06 18:30:26,SIN SERVICIO (INTERNET),2026-01-09 08:05:26,UNZAGA F/ UNZAGA M,SAN JOSE,14387,REPARACION DE CABLE CORTADO,VALLE VIEJO
86465,2026-01-06 18:59:06,RED EN EL SUELO,2026-01-08 14:23:33,UNZAGA F/ UNZAGA M,SAN ANTONIO,17987,REPARACION DE FO,VALLE VIEJO
86466,2026-01-06 19:03:59,SIN SERVICIO (INTERNET),2026-01-09 15:54:13,UNZAGA F/ UNZAGA M,SAN ANTONIO,24410,CAMBIO DE ACOMETIDA,VALLE VIEJO
86478,2026-01-06 20:49:29,SIN SERVICIO (INTERNET),2026-01-08 08:07:02,CARPIO/LOPEZ,SANTA ROSA,23099,CAMBIO DE ACOMETIDA,VALLE VIEJO
86488,2026-01-07 09:05:10,SIN SERVICIO (INTERNET),2026-01-07 09:54:24,UNZAGA F/ UNZAGA M,LA CARRERA,18923,REPARACION DE FO,VALLE VIEJO
86497,2026-01-07 09:33:34,SIN SERVICIO (INTERNET),2026-01-21 18:07:16,MARTINES PABLO,SAN MARTÃƒÂN,21514,REPARACION DE CABLE CORTADO,CHUMBICHA
86512,2026-01-07 10:51:46,SIN SERVICIO (INTERNET),2026-01-10 09:04:12,ABALLAY/B UNZAGA,LA CARRERA,20763,CAMBIO DE ACOMETIDA,VALLE VIEJO
86527,2026-01-07 11:42:36,SIN SERVICIO (INTERNET),2026-01-10 09:04:12,ABALLAY/B UNZAGA,SAN JOSE,16907,CAMBIO DE ACOMETIDA,VALLE VIEJO
86530,2026-01-07 15:52:14,SIN SERVICIO (INTERNET),2026-01-07 09:54:24,UNZAGA F/ UNZAGA M,20 VIVIENDAS,16708,REPARACION DE CABLE CORTADO,VALLE VIEJO
86557,2026-01-07 20:30:30,SIN SERVICIO (INTERNET),2026-01-13 08:05:35,ABALLAY/B UNZAGA,SANTA ROSA,20387,CAMBIO DE ACOMETIDA,VALLE VIEJO
86563,2026-01-08 08:31:13,SIN SERVICIO (INTERNET),2026-01-09 15:41:04,UNZAGA F/ UNZAGA M,SAN JOSE,16817,CAMBIO DE ACOMETIDA,VALLE VIEJO
86573,2026-01-08 09:58:18,SIN SERVICIO (INTERNET),2026-01-13 08:07:26,ABALLAY/B UNZAGA,SUMALAO,15076,CAMBIO DE ACOMETIDA,VALLE VIEJO
86618,2026-01-08 13:01:47,SIN SERVICIO (INTERNET),2026-01-09 15:54:13,UNZAGA F/ UNZAGA M,SAN ANTONIO,18140,REPARACION DE CABLE CORTADO,VALLE VIEJO
86623,2026-01-08 14:02:32,SIN SERVICIO (INTERNET),2026-01-10 09:04:12,CARPIO/LOPEZ,SANTA ROSA,16049,CAMBIO DE ACOMETIDA,VALLE VIEJO
86628,2026-01-08 17:27:50,SIN SERVICIO (INTERNET),2026-01-09 19:53:12,SOSA/ARAGON,EL RODEO,22721,CAMBIO DE ACOMETIDA,EL RODEO
86635,2026-01-08 18:38:32,MODIFICAR BAJADA,2026-01-12 11:46:27,UNZAGA F/ UNZAGA M,POLCOS,7499,CAMBIO DE LUGAR DEL CABLE DE ACOMETIDA,VALLE VIEJO
86643,2026-01-08 19:01:17,SIN SERVICIO (INTERNET),2026-01-10 09:04:12,ABALLAY/B UNZAGA,SAN JOSE,19214,CAMBIO DE ACOMETIDA,VALLE VIEJO
86668,2026-01-09 10:04:22,SIN SERVICIO (INTERNET),2026-01-13 08:05:35,ABALLAY/B UNZAGA,SAN JOSÃƒÂ‰,22550,CAMBIO DE ACOMETIDA,VALLE VIEJO
86674,2026-01-09 10:55:15,SIN SERVICIO (INTERNET),2026-01-10 12:01:33,MOLINA MARTIN,SAN JOSE,19965,CAMBIO DE ACOMETIDA,VALLE VIEJO
86695,2026-01-09 14:04:16,SIN SERVICIO (INTERNET),2026-01-13 08:05:35,ABALLAY/B UNZAGA,SAN ISIDRO,6026,CAMBIO DE ACOMETIDA,VALLE VIEJO
86751,2026-01-10 10:38:25,MODIFICAR BAJADA,2026-01-13 08:05:35,ABALLAY/B UNZAGA,SANTA ROSA,15436,CAMBIO DE LUGAR DEL CABLE DE ACOMETIDA,VALLE VIEJO
86812,2026-01-12 12:01:05,DECO TV SIN SEÃƒÂ‘AL,2026-02-18 09:00:32,DIAZ JULIO,TINOGASTA,13727,CAMBIO DE ACOMETIDA,SONOVISION TINOGASTA
86813,2026-01-12 12:04:11,SIN SERVICIO (INTERNET),2026-01-14 08:02:20,ABALLAY/B UNZAGA,EL BAÃƒÂ‘ADO,21718,CAMBIO DE ACOMETIDA,VALLE VIEJO
86815,2026-01-12 12:33:05,SIN SERVICIO (INTERNET),2026-01-14 08:02:20,ABALLAY/B UNZAGA,SANTA ROSA,14718,REPARACION DE FO,VALLE VIEJO
86839,2026-01-12 19:12:43,RED EN EL SUELO,2026-01-14 08:05:48,CARPIO/LOPEZ,SAN ANTONIO,6729,REPARACION DE FO,VALLE VIEJO
86859,2026-01-13 10:11:17,SIN SERVICIO (INTERNET),2026-01-15 08:08:56,ABALLAY/B UNZAGA,SAN ISIDRO,20200,REPARACION DE FO,VALLE VIEJO
86869,2026-01-13 10:32:19,SIN SERVICIO (INTERNET),2026-01-15 08:09:24,ABALLAY/B UNZAGA,SAN ANTONIO,5047,REPARACION DE FO,VALLE VIEJO
86884,2026-01-13 12:06:20,SIN SERVICIO (INTERNET),2026-01-15 08:08:56,ABALLAY/B UNZAGA,SAN ISIDRO,3724,CAMBIO DE ACOMETIDA,VALLE VIEJO
86888,2026-01-13 14:08:45,RED EN EL SUELO,2026-01-15 08:09:24,CARPIO/LOPEZ,SAN JOSE,15806,REPARACION DE FO,VALLE VIEJO
86922,2026-01-14 08:33:45,SIN SERVICIO (INTERNET),2026-01-16 08:17:56,ABALLAY/B UNZAGA,SAN ANTONIO,21389,CAMBIO DE ACOMETIDA,VALLE VIEJO
86923,2026-01-14 08:36:33,SIN SERVICIO (INTERNET),2026-01-17 09:02:00,ABALLAY/B UNZAGA,SAN JOSE,9801,CAMBIO DE TRAMO DE CABLE,VALLE VIEJO
86924,2026-01-14 08:42:19,SIN SERVICIO (INTERNET),2026-01-16 08:17:56,ABALLAY/B UNZAGA,LA TERCENA,24844,CAMBIO DE TRAMO DE CABLE,VALLE VIEJO
86927,2026-01-14 08:51:41,RED EN EL SUELO,2026-01-16 08:47:17,JULIO DIAZ,SANTA ROSA,6493,CAMBIO DE ACOMETIDA,UNET TINOGASTA
86934,2026-01-14 09:32:29,SIN SERVICIO (INTERNET),2026-01-16 08:12:36,ABALLAY/B UNZAGA,SAN ANTONIO,6071,REPARACION DE FO,VALLE VIEJO
86938,2026-01-14 09:49:55,SIN SERVICIO (INTERNET),2026-01-19 08:33:55,CARPIO/LOPEZ,BANDA DE VARELA,22674,CAMBIO DE ACOMETIDA,VALLE VIEJO
86943,2026-01-14 10:04:42,SIN SERVICIO (INTERNET),2026-01-16 08:12:36,ABALLAY/B UNZAGA,SAN JOSE,18417,CAMBIO DE ACOMETIDA,VALLE VIEJO
86960,2026-01-14 11:20:13,SIN SERVICIO (INTERNET),2026-01-17 09:02:00,CARPIO/LOPEZ,POZO DE MISTOL,23115,CAMBIO DE ACOMETIDA,VALLE VIEJO
86964,2026-01-14 11:39:11,SIN SERVICIO (INTERNET),2026-01-16 08:47:17,JULIO DIAZ,TINOGASTA,20881,CAMBIO DE ACOMETIDA,UNET TINOGASTA
87019,2026-01-15 08:46:37,SIN SERVICIO (INTERNET),2026-01-16 10:51:12,FERREYRA/RIVERO,SANTA ROSA,19881,REPARACION DE FO,VALLE VIEJO
87020,2026-01-15 08:47:48,RED EN EL SUELO,2026-01-17 09:02:00,ABALLAY/B UNZAGA,SUMALAO,9181,REPARACION DE FO,VALLE VIEJO
87021,2026-01-15 08:51:59,VERIFICAR SERVICIO,2026-01-16 08:47:17,JULIO DIAZ,CENTRO,968,CAMBIO DE ACOMETIDA,UNET TINOGASTA
87046,2026-01-15 12:05:30,SIN SERVICIO (INTERNET),2026-01-17 09:02:00,ABALLAY/B UNZAGA,SAN ANTONIO,7433,REPARACION DE FO,VALLE VIEJO
87092,2026-01-16 10:40:25,SIN SERVICIO (INTERNET),2026-01-21 18:07:16,MARTINES PABLO,HOSPITAL,20499,REPARACION DE CABLE CORTADO,CHUMBICHA
87129,2026-01-16 18:12:00,SIN SERVICIO (INTERNET),2026-01-19 08:28:15,UNZAGA F/ UNZAGA M,SAN JOSE,17712,CAMBIO DE ACOMETIDA,VALLE VIEJO
87147,2026-01-17 09:00:50,SIN SERVICIO (INTERNET),2026-01-19 08:28:15,UNZAGA F/ UNZAGA M,SAN ANTONIO,24851,REPARACION DE CABLE CORTADO,VALLE VIEJO
87149,2026-01-17 09:08:34,SIN SERVICIO (INTERNET),2026-01-19 08:28:15,UNZAGA F/ UNZAGA M,SANTA ROSA,17734,REPARACION DE CABLE CORTADO,VALLE VIEJO
87154,2026-01-17 09:59:18,SIN SERVICIO (INTERNET),2026-01-19 08:33:55,MOLINA MARTIN,SAN ANTONIO,4131,CAMBIO DE ACOMETIDA,VALLE VIEJO
87168,2026-01-17 12:42:19,SIN SERVICIO (INTERNET),2026-01-19 17:16:56,SOSA/ARAGON,AGUAS VERDES,23382,CAMBIO DE ACOMETIDA,EL RODEO
87178,2026-01-19 09:00:41,VERIFICAR SERVICIO,2026-01-21 19:59:51,JULIO DIAZ,VILLA SAN ROQUE,1378,CAMBIO DE ACOMETIDA,UNET TINOGASTA
87179,2026-01-19 09:01:28,RED EN EL SUELO,2026-01-21 20:06:36,AGUIRRE WALTER OSVALDO,TINOGASTA,16053,CAMBIO DE ACOMETIDA,UNET TINOGASTA
87185,2026-01-19 09:33:29,SIN SERVICIO (INTERNET),2026-01-21 20:06:36,AGUIRRE WALTER OSVALDO,LOS ROBLEDOS,7092,CAMBIO DE ACOMETIDA,UNET TINOGASTA
87193,2026-01-19 10:25:19,SIN SERVICIO (INTERNET),2026-01-21 19:59:51,JULIO DIAZ,TINOGASTA,21044,CAMBIO DE ACOMETIDA,UNET TINOGASTA
87205,2026-01-19 11:40:54,SIN SERVICIO (INTERNET),2026-01-20 21:01:18,AGUIRRE WALTER OSVALDO,CENTRO,2588,CAMBIO DE ACOMETIDA,UNET TINOGASTA
87210,2026-01-19 11:50:38,SIN SERVICIO (INTERNET),2026-01-30 20:42:06,AGUIRRE WALTER OSVALDO,SANTA ROSA,1608,CAMBIO DE ACOMETIDA,UNET TINOGASTA
87211,2026-01-19 11:57:25,SIN SERVICIO (INTERNET),2026-01-21 08:01:28,CARPIO/LOPEZ,SAN ANTONIO,7914,CAMBIO DE ACOMETIDA,VALLE VIEJO
87212,2026-01-19 12:02:42,SIN SERVICIO (INTERNET),2026-01-21 08:01:28,CARPIO/LOPEZ,LA CARRERA,25211,CAMBIO DE ACOMETIDA,VALLE VIEJO
87231,2026-01-19 18:58:55,SIN SERVICIO (INTERNET),2026-01-22 07:52:15,CARPIO/LOPEZ,BANDA DE VARELA,23495,CAMBIO DE ACOMETIDA,VALLE VIEJO
87235,2026-01-19 19:28:51,SIN SERVICIO (INTERNET),2026-01-22 20:55:53,AGUIRRE WALTER OSVALDO,TINOGASTA,4978,CAMBIO DE ACOMETIDA,UNET TINOGASTA
87236,2026-01-19 19:31:31,SIN SERVICIO (INTERNET),2026-01-21 20:06:36,AGUIRRE WALTER OSVALDO,SANTA ROSA,2767,CAMBIO DE ACOMETIDA,UNET TINOGASTA
87237,2026-01-19 19:34:42,SIN SERVICIO (INTERNET),2026-01-21 20:06:36,AGUIRRE WALTER OSVALDO,TINOGASTA,17829,CAMBIO DE ACOMETIDA,UNET TINOGASTA
87256,2026-01-20 10:34:35,SIN SERVICIO (INTERNET),2026-01-21 15:17:02,ABALLAY/B UNZAGA,SAN ANTONIO,24014,CAMBIO DE ACOMETIDA,VALLE VIEJO
87279,2026-01-20 14:29:16,SIN SERVICIO (INTERNET),2026-01-22 07:52:15,CARPIO/LOPEZ,BANDA DE VARELA,16617,CAMBIO DE ACOMETIDA,VALLE VIEJO
87287,2026-01-20 16:22:53,SIN SERVICIO (INTERNET),2026-01-22 07:52:15,CARPIO/LOPEZ,LA TERCENA,18737,CAMBIO DE ACOMETIDA,VALLE VIEJO
87301,2026-01-20 20:00:02,SIN SERVICIO (INTERNET),2026-01-22 07:52:15,CARPIO/LOPEZ,LA CARRERA,18591,CAMBIO DE ACOMETIDA,VALLE VIEJO
87302,2026-01-20 20:26:57,SIN SERVICIO (INTERNET),2026-01-22 20:55:53,AGUIRRE WALTER OSVALDO,TINOGASTA,23964,CAMBIO DE ACOMETIDA,UNET TINOGASTA
87306,2026-01-21 08:36:11,SIN SERVICIO (INTERNET),2026-01-22 15:42:45,ABALLAY/B UNZAGA,VILLA DOLORES,4295,CAMBIO DE ACOMETIDA,VALLE VIEJO
87319,2026-01-21 10:15:25,RED EN EL SUELO,2026-01-21 20:06:36,AGUIRRE WALTER OSVALDO,SANTA ROSA,1869,CAMBIO DE ACOMETIDA,UNET TINOGASTA
87335,2026-01-21 12:33:23,PROBLEMAS DE SEÃƒÂ‘AL,2026-01-30 09:50:11,MARTINES PABLO,SANTO DOMINGO,1450,REPARACION DE CABLE CORTADO,CHUMBICHA
87362,2026-01-22 08:33:29,SIN SERVICIO (INTERNET),2026-01-24 09:48:02,ARAGON - SOSA,BANDA SUD (ZONA 2),23642,CAMBIO DE ACOMETIDA,LA PUERTA
87377,2026-01-22 14:16:20,SIN SERVICIO (INTERNET),2026-01-23 14:23:45,ABALLAY/B UNZAGA,SAN JOSE,8346,CAMBIO DE ACOMETIDA,VALLE VIEJO
87391,2026-01-22 19:41:02,SIN SERVICIO (INTERNET),2026-01-23 14:23:45,ABALLAY/B UNZAGA,SANTA ROSA,3562,CAMBIO DE ACOMETIDA,VALLE VIEJO
87398,2026-01-23 08:48:27,RED EN EL SUELO,2026-01-24 08:41:24,AGUIRRE WALTER OSVALDO,VILLA SAN ROQUE,1746,CAMBIO DE ACOMETIDA,UNET TINOGASTA
87402,2026-01-23 09:38:52,SIN SERVICIO (INTERNET),2026-01-24 11:28:09,MOLINA MARTIN,EL BAÃƒÂ‘ADO,6046,CAMBIO DE ACOMETIDA,VALLE VIEJO
87422,2026-01-23 11:31:44,SIN SERVICIO (INTERNET),2026-01-26 08:46:48,AGUIRRE WALTER OSVALDO,TINOGASTA,16438,CAMBIO DE ACOMETIDA,UNET TINOGASTA
87425,2026-01-23 12:11:04,SIN SERVICIO (INTERNET),2026-01-26 08:46:48,AGUIRRE WALTER OSVALDO,LA PAZ,21861,CAMBIO DE ACOMETIDA,UNET TINOGASTA
87428,2026-01-23 12:18:35,SIN SERVICIO (INTERNET),2026-01-24 11:28:09,ABALLAY/B UNZAGA,SAN ANTONIO,20723,CAMBIO DE ACOMETIDA,VALLE VIEJO
87429,2026-01-23 12:37:20,SIN SERVICIO (INTERNET),2026-01-24 11:28:09,MOLINA MARTIN,SANTA ROSA,20060,CAMBIO DE ACOMETIDA,VALLE VIEJO
87438,2026-01-23 17:48:36,MODIFICAR BAJADA DECO,2026-02-13 09:57:03,ABALLAY MARTIN,CENTRO,25269,CAMBIO DE ACOMETIDA,FIAMBALA
87439,2026-01-23 17:56:19,SIN SERVICIO (INTERNET),2026-01-24 11:28:09,ABALLAY/B UNZAGA,SAN JOSE,16573,CAMBIO DE ACOMETIDA,VALLE VIEJO
87442,2026-01-23 19:32:40,VERIFICAR SERVICIO,2026-01-26 11:47:51,ABALLAY/B UNZAGA,LA FALDA DE SAN ANTONIO,4003,CAMBIO DE ACOMETIDA,VALLE VIEJO
87452,2026-01-24 08:41:06,SIN SERVICIO (INTERNET),2026-01-26 17:28:00,AGUIRRE WALTER OSVALDO,TINOGASTA,24946,CAMBIO DE ACOMETIDA,UNET TINOGASTA
87458,2026-01-24 09:18:07,SIN SERVICIO (INTERNET),2026-01-26 09:56:05,ABALLAY/B UNZAGA,SUMALAO,19875,CAMBIO DE ACOMETIDA,VALLE VIEJO
87470,2026-01-24 10:57:31,SIN SERVICIO (INTERNET),2026-01-26 11:47:51,CARPIO/LOPEZ,EL BAÃƒÂ‘ADO,9392,CAMBIO DE ACOMETIDA,VALLE VIEJO
87486,2026-01-24 12:11:18,SIN SERVICIO (INTERNET),2026-01-26 09:56:05,CARPIO/LOPEZ,SANTA ROSA,17733,CAMBIO DE ACOMETIDA,VALLE VIEJO
87504,2026-01-26 08:39:33,SIN SERVICIO (INTERNET),2026-01-26 14:17:20,ABALLAY/B UNZAGA,EL BAÃƒÂ‘ADO,6848,CAMBIO DE ACOMETIDA,VALLE VIEJO
87513,2026-01-26 09:18:42,SIN SERVICIO (INTERNET),2026-01-26 16:07:43,CARPIO/LOPEZ,SANTA ROSA,20062,CAMBIO DE ACOMETIDA,VALLE VIEJO
87514,2026-01-26 09:27:48,SIN SERVICIO (INTERNET),2026-01-27 15:31:56,CARPIO/LOPEZ,SAN JOSE,17458,CAMBIO DE ACOMETIDA,VALLE VIEJO
87526,2026-01-26 11:02:49,SIN SERVICIO (INTERNET),2026-01-27 15:31:56,CARPIO/LOPEZ,SAN ANTONIO,16840,CAMBIO DE ACOMETIDA,VALLE VIEJO
87533,2026-01-26 11:36:13,SIN SERVICIO (INTERNET),2026-01-26 16:07:43,ABALLAY/B UNZAGA,SAN JOSE,18018,CAMBIO DE ACOMETIDA,VALLE VIEJO
87566,2026-01-26 13:06:56,SIN SERVICIO (INTERNET),2026-01-27 15:31:56,CARPIO/LOPEZ,SANTA ROSA,16844,CAMBIO DE ACOMETIDA,VALLE VIEJO
87573,2026-01-26 17:22:16,SIN SERVICIO (INTERNET),2026-01-27 09:47:49,CARPIO/LOPEZ,SANTA ROSA,5964,CAMBIO DE ACOMETIDA,VALLE VIEJO
87580,2026-01-26 18:43:16,PROBLEMAS DE SEÃƒÂ‘AL,2026-01-28 08:06:11,ABALLAY/B UNZAGA,SAN ISIDRO,6957,CAMBIO DE ACOMETIDA,VALLE VIEJO
87583,2026-01-26 19:14:47,SIN SERVICIO (INTERNET),2026-01-27 15:31:56,CARPIO/LOPEZ,SAN ISIDRO,17909,CAMBIO DE ACOMETIDA,VALLE VIEJO
87604,2026-01-27 09:49:42,SIN SERVICIO (INTERNET),2026-01-28 18:15:28,FERREYRA/BUSTAMANTE,LA TERCENA,18605,CAMBIO DE ACOMETIDA,VALLE VIEJO
87605,2026-01-27 09:52:42,SIN SERVICIO (INTERNET),2026-01-29 18:09:41,FERREYRA/BUSTAMANTE,SAN ANTONIO,8887,CAMBIO DE ACOMETIDA,VALLE VIEJO
87648,2026-01-27 17:21:10,SIN SERVICIO (INTERNET),2026-01-28 11:39:24,MOLINA MARTIN,SAN JOSE,9180,CAMBIO DE ACOMETIDA,VALLE VIEJO
87652,2026-01-27 17:49:48,MODIFICAR BAJADA,2026-01-29 16:07:48,UNZAGA F/ UNZAGA M,SANTA ROSA,4226,CAMBIO DE LUGAR DEL CABLE DE ACOMETIDA,VALLE VIEJO
87676,2026-01-27 19:44:56,SIN SERVICIO (INTERNET),2026-01-28 10:27:31,UNZAGA F/ UNZAGA M,SAN JOSE,9938,CAMBIO DE ACOMETIDA,VALLE VIEJO
87679,2026-01-27 19:49:55,SIN SERVICIO (INTERNET),2026-01-28 14:53:35,ABALLAY/B UNZAGA,SAN ISIDRO,7678,CAMBIO DE ACOMETIDA,VALLE VIEJO
87689,2026-01-28 09:00:29,SIN SERVICIO (INTERNET),2026-01-28 13:45:37,ABALLAY/B UNZAGA,VALLE HERMOSO,20526,CAMBIO DE ACOMETIDA,VALLE VIEJO
87691,2026-01-28 09:01:59,SIN SERVICIO (INTERNET),2026-01-29 18:09:41,ABALLAY/B UNZAGA,SAN ISIDRO,18180,CAMBIO DE ACOMETIDA,VALLE VIEJO
87720,2026-01-28 10:57:12,DECO TV DAÃƒÂ‘ADO,2026-01-28 17:12:44,UNZAGA F/ UNZAGA M,SAN JOSE,9938,CAMBIO DE ACOMETIDA,VALLE VIEJO
87721,2026-01-28 11:00:35,SIN SERVICIO (INTERNET),2026-01-30 08:41:31,JULIO DIAZ,TINOGASTA,2537,CAMBIO DE ACOMETIDA,UNET TINOGASTA
87727,2026-01-28 11:43:25,SIN SERVICIO (INTERNET),2026-01-28 17:12:44,ABALLAY/B UNZAGA,SAN JOSE,17365,CAMBIO DE ACOMETIDA,VALLE VIEJO
87728,2026-01-28 11:52:52,SIN SERVICIO (INTERNET),2026-01-30 08:41:31,JULIO DIAZ,TINOGASTA,18205,CAMBIO DE ACOMETIDA,UNET TINOGASTA
87729,2026-01-28 11:58:20,SIN SERVICIO (INTERNET),2026-01-29 16:07:48,UNZAGA F/ UNZAGA M,SAN JOSE,14492,CAMBIO DE ACOMETIDA,VALLE VIEJO
87733,2026-01-28 14:46:23,SIN SERVICIO (INTERNET),2026-01-29 16:07:48,UNZAGA F/ UNZAGA M,POLCOS,14905,REPARACION DE CABLE CORTADO,VALLE VIEJO
87742,2026-01-28 18:59:38,MODIFICAR BAJADA,2026-01-30 16:59:59,ABALLAY/B UNZAGA,POLCOS,21080,CAMBIO DE LUGAR DEL CABLE DE ACOMETIDA,VALLE VIEJO
87770,2026-01-29 10:14:24,RED EN EL SUELO,2026-01-30 11:47:52,ABALLAY/B UNZAGA,SAN JOSE,7024,REPARACION DE FO,VALLE VIEJO
87775,2026-01-29 11:12:17,SIN SERVICIO (INTERNET),2026-01-30 07:52:25,ABALLAY/B UNZAGA,SAN JOSE,15451,CAMBIO DE ACOMETIDA,VALLE VIEJO
87778,2026-01-29 11:39:32,SIN SERVICIO (INTERNET),2026-01-29 14:33:02,ABALLAY/B UNZAGA,SAN ANTONIO,19044,CAMBIO DE ACOMETIDA,VALLE VIEJO
87781,2026-01-29 12:03:56,SIN SERVICIO (INTERNET),2026-01-31 08:27:18,JULIO DIAZ,CENTRO,848,CAMBIO DE ACOMETIDA,UNET TINOGASTA
87786,2026-01-29 14:27:01,SIN SERVICIO (INTERNET),2026-01-30 15:59:34,UNZAGA F/ UNZAGA M,SAN ISIDRO,17483,CAMBIO DE ACOMETIDA,VALLE VIEJO
87790,2026-01-29 17:22:09,SIN SERVICIO (INTERNET),2026-01-29 18:09:41,FERREYRA/BUSTAMANTE,SANTA ROSA,4709,CAMBIO DE ACOMETIDA,VALLE VIEJO
87796,2026-01-29 19:17:06,SIN SERVICIO (INTERNET),2026-01-30 15:59:34,UNZAGA F/ UNZAGA M,SAN JOSE,15543,CAMBIO DE ACOMETIDA,VALLE VIEJO
87799,2026-01-29 20:30:43,SIN SERVICIO (INTERNET),2026-01-30 15:59:34,UNZAGA F/ UNZAGA M,SAN ISIDRO,25325,CAMBIO DE ACOMETIDA,VALLE VIEJO
87802,2026-01-29 20:41:35,SIN SERVICIO (INTERNET),2026-01-30 15:59:34,UNZAGA F/ UNZAGA M,SAN JOSE,15090,REPARACION DE CABLE CORTADO,VALLE VIEJO
87811,2026-01-30 09:48:05,VERIFICAR SERVICIO,2026-01-31 11:55:22,SOSA/ARAGON,EL RODEO,21999,CAMBIO DE ACOMETIDA,EL RODEO
87847,2026-01-30 16:59:27,PROBLEMAS DE SEÃƒÂ‘AL,2026-02-02 08:35:22,UNZAGA F/ UNZAGA M,LA TERCENA,18630,CAMBIO DE ACOMETIDA,VALLE VIEJO
87906,2026-02-02 08:24:27,SIN SERVICIO (INTERNET),2026-02-02 11:05:42,ABALLAY/B UNZAGA,COLLAGASTA,22161,CAMBIO DE ACOMETIDA,VALLE VIEJO
87917,2026-02-02 09:12:04,SIN SERVICIO (INTERNET),2026-02-03 07:52:53,UNZAGA F/ UNZAGA M,SAN ISIDRO,23485,CAMBIO DE ACOMETIDA,VALLE VIEJO
87943,2026-02-02 10:32:57,SIN SERVICIO (INTERNET),2026-02-03 07:52:53,UNZAGA F/ UNZAGA M,SAN JOSE,16999,CAMBIO DE ACOMETIDA,VALLE VIEJO
87969,2026-02-02 15:00:57,SIN SERVICIO (INTERNET),2026-02-04 07:50:44,UNZAGA F/ UNZAGA M,SAN ISIDRO,6917,REPARACION DE CABLE CORTADO,VALLE VIEJO
87970,2026-02-02 15:16:20,SIN SERVICIO (INTERNET),2026-02-04 07:50:44,UNZAGA F/ UNZAGA M,SUMALAO,19595,REPARACION DE CABLE CORTADO,VALLE VIEJO
87982,2026-02-02 16:43:18,SIN SERVICIO (INTERNET),2026-02-04 07:50:44,UNZAGA F/ UNZAGA M,SAN JOSE,15806,CAMBIO DE ACOMETIDA,VALLE VIEJO
88003,2026-02-02 19:55:11,PROBLEMAS DE SEÃƒÂ‘AL,2026-02-04 07:50:44,UNZAGA F/ UNZAGA M,SAN ISIDRO,24191,CAMBIO DE LUGAR DEL CABLE DE ACOMETIDA,VALLE VIEJO
88025,2026-02-03 08:42:18,SIN SERVICIO (INTERNET),2026-02-04 08:35:16,ARAGON - SOSA,BANDA SUD (ZONA 2),25810,CAMBIO DE ACOMETIDA,LA PUERTA
88034,2026-02-03 09:35:49,RED EN EL SUELO,2026-02-05 09:41:04,AGUIRRE WALTER OSVALDO,TINOGASTA,8622,CAMBIO DE ACOMETIDA,UNET TINOGASTA
88065,2026-02-03 16:03:45,SIN SERVICIO (INTERNET),2026-02-03 20:58:01,SOSA/ARAGON,EL RODEO,21992,CAMBIO DE ACOMETIDA,EL RODEO
88069,2026-02-03 17:24:57,SIN SERVICIO (INTERNET),2026-02-04 16:10:18,ABALLAY/B UNZAGA,SAN JOSE,8592,CAMBIO DE ACOMETIDA,VALLE VIEJO
88090,2026-02-03 18:43:08,SIN SERVICIO (INTERNET),2026-02-04 16:10:18,ABALLAY/B UNZAGA,SAN JOSE,8833,CAMBIO DE ACOMETIDA,VALLE VIEJO
88104,2026-02-03 19:20:16,SIN SERVICIO (INTERNET),2026-02-04 08:07:28,ABALLAY/B UNZAGA,SANTA ROSA,20060,CAMBIO DE ACOMETIDA,VALLE VIEJO
88156,2026-02-04 12:17:11,SIN SERVICIO (INTERNET),2026-02-04 18:08:57,UNZAGA F/ UNZAGA M,SAN ANTONIO,9129,CAMBIO DE ACOMETIDA,VALLE VIEJO
88164,2026-02-04 13:06:49,SIN SERVICIO (INTERNET),2026-02-04 18:08:57,UNZAGA F/ UNZAGA M,SAN JOSE,16999,CAMBIO DE ACOMETIDA,VALLE VIEJO
88203,2026-02-04 17:28:01,SIN SERVICIO (INTERNET),2026-02-05 09:41:04,AGUIRRE WALTER OSVALDO,TINOGASTA,8638,CAMBIO DE ACOMETIDA,UNET TINOGASTA
88212,2026-02-04 19:32:22,SIN SERVICIO (INTERNET),2026-02-05 15:26:31,ABALLAY/B UNZAGA,SAN ANTONIO,21583,CAMBIO DE ACOMETIDA,VALLE VIEJO
88223,2026-02-05 08:05:54,SIN SERVICIO (INTERNET),2026-02-05 19:13:29,UNZAGA F/ UNZAGA M,EL HUECO,16410,REPARACION DE CABLE CORTADO,VALLE VIEJO
88256,2026-02-05 16:49:21,SIN SERVICIO (INTERNET),2026-02-06 08:04:31,ABALLAY/B UNZAGA,BANDA DE VARELA,22730,CAMBIO DE ACOMETIDA,VALLE VIEJO
88267,2026-02-05 19:14:27,SIN SERVICIO (INTERNET),2026-02-10 08:34:47,AGUIRRE WALTER OSVALDO,SANTA ROSA,2028,CAMBIO DE ACOMETIDA,UNET TINOGASTA
88279,2026-02-06 09:18:05,SIN SERVICIO (INTERNET),2026-02-11 08:48:40,JULIO DIAZ,TINOGASTA,21216,CAMBIO DE ACOMETIDA,UNET TINOGASTA
88291,2026-02-06 09:31:10,SIN SERVICIO (INTERNET),2026-02-09 12:34:27,UNZAGA F/ UNZAGA M,SAN JOSE,7982,CAMBIO DE ACOMETIDA,VALLE VIEJO
88314,2026-02-06 13:53:53,SIN SERVICIO (INTERNET),2026-02-09 14:29:05,ABALLAY/B UNZAGA,LA FALDA DE SAN ANTONIO,6668,CAMBIO DE ACOMETIDA,VALLE VIEJO
88332,2026-02-06 19:28:24,SIN SERVICIO (INTERNET),2026-02-09 09:26:02,ABALLAY MARTIN,SANTA BÃƒÂRBARA,25227,CAMBIO DE TRAMO DE CABLE,FIAMBALA
88333,2026-02-06 19:28:54,SIN SERVICIO (INTERNET),2026-02-12 11:05:22,MARTINES PABLO,SAN MARTÃƒÂN,23215,CAMBIO DE TRAMO DE CABLE,CHUMBICHA
88340,2026-02-06 20:27:53,MODIFICAR BAJADA,2026-02-10 08:34:47,AGUIRRE WALTER OSVALDO,TINOGASTA,16130,CAMBIO DE ACOMETIDA,UNET TINOGASTA
88355,2026-02-07 10:29:28,SIN SERVICIO (INTERNET),2026-02-09 17:46:51,MARTINES PABLO,LA VILLA,19218,REPARACION DE CABLE CORTADO,CHUMBICHA
88383,2026-02-09 08:44:21,SIN SERVICIO (INTERNET),2026-02-10 17:56:36,UNZAGA F/ UNZAGA M,SAN JOSE,18117,CAMBIO DE ACOMETIDA,VALLE VIEJO
88393,2026-02-09 09:37:02,SIN SERVICIO (INTERNET),2026-02-09 14:34:46,FERREYRA/RIVERO,LA FALDA DE SAN ANTONIO,16927,CAMBIO DE ACOMETIDA,VALLE VIEJO
88397,2026-02-09 09:55:56,SIN SERVICIO (INTERNET),2026-02-13 09:57:03,ABALLAY MARTIN,LA RAMADITA,25485,REPARACION DE CABLE CORTADO,FIAMBALA
88401,2026-02-09 10:29:01,SIN SERVICIO (INTERNET),2026-02-11 08:48:40,AGUIRRE WALTER OSVALDO,CENTRO,589,CAMBIO DE ACOMETIDA,UNET TINOGASTA
88407,2026-02-09 10:46:16,SIN SERVICIO (INTERNET),2026-02-11 08:48:40,AGUIRRE WALTER OSVALDO,ESTACION SUR,4362,CAMBIO DE ACOMETIDA,UNET TINOGASTA
88413,2026-02-09 11:00:23,SIN SERVICIO (INTERNET),2026-02-13 09:57:03,ABALLAY MARTIN,LA RAMADITA,25400,REPARACION DE CABLE CORTADO,FIAMBALA
88414,2026-02-09 11:07:14,SIN SERVICIO (INTERNET),2026-02-11 08:48:40,AGUIRRE WALTER OSVALDO,TINOGASTA,9969,CAMBIO DE ACOMETIDA,UNET TINOGASTA
88415,2026-02-09 11:24:44,SIN SERVICIO (INTERNET),2026-02-13 09:57:03,ABALLAY MARTIN,LA RAMADITA,25799,REPARACION DE CABLE CORTADO,FIAMBALA
88419,2026-02-09 11:32:27,SIN SERVICIO (INTERNET),2026-02-09 14:34:46,FERREYRA/RIVERO,SAN ANTONIO,22428,CAMBIO DE ACOMETIDA,VALLE VIEJO
88421,2026-02-09 11:37:40,SIN SERVICIO (INTERNET),2026-02-09 19:02:07,UNZAGA F/ UNZAGA M,LA CARRERA,17615,CAMBIO DE ACOMETIDA,VALLE VIEJO
88429,2026-02-09 12:44:44,SIN SERVICIO (INTERNET),2026-02-10 17:56:36,UNZAGA F/ UNZAGA M,SANTA ROSA,18886,CAMBIO DE ACOMETIDA,VALLE VIEJO
88456,2026-02-09 18:35:53,MODIFICAR BAJADA,2026-02-11 10:34:21,ABALLAY/B UNZAGA,SAN ANTONIO,15356,CAMBIO DE LUGAR DEL CABLE DE ACOMETIDA,VALLE VIEJO
88465,2026-02-09 20:13:02,SIN SERVICIO (INTERNET),2026-02-11 09:01:30,ABALLAY MARTIN,EL LIBERTADOR,25675,REPARACION DE CABLE CORTADO,FIAMBALA
88466,2026-02-10 08:09:01,SIN SERVICIO (INTERNET),2026-02-10 09:05:21,ABALLAY/B UNZAGA,SANTA ROSA,4054,CAMBIO DE ACOMETIDA,VALLE VIEJO
88481,2026-02-10 10:16:16,SIN SERVICIO (INTERNET),2026-02-12 08:46:50,AGUIRRE WALTER OSVALDO,TINOGASTA,627,CAMBIO DE ACOMETIDA,UNET TINOGASTA
88483,2026-02-10 10:29:23,SIN SERVICIO (INTERNET),2026-02-11 16:21:53,FERREYRA/RIVERO,SAN ANTONIO,7878,CAMBIO DE ACOMETIDA,VALLE VIEJO
88489,2026-02-10 11:52:38,MODIFICAR BAJADA,2026-02-13 08:51:48,AGUIRRE WALTER OSVALDO,TINOGASTA,341,CAMBIO DE ACOMETIDA,UNET TINOGASTA
88501,2026-02-10 12:36:53,SIN SERVICIO (INTERNET),2026-02-11 09:01:30,ABALLAY MARTIN,LA RAMADITA,25622,REPARACION DE CABLE CORTADO,FIAMBALA
88502,2026-02-10 12:38:56,SIN SERVICIO (INTERNET),2026-02-11 09:01:30,ABALLAY MARTIN,LA RAMADITA,25619,REPARACION DE CABLE CORTADO,FIAMBALA
88503,2026-02-10 12:41:55,SIN SERVICIO (INTERNET),2026-02-11 09:01:30,ABALLAY MARTIN,LA RAMADITA,25080,REPARACION DE CABLE CORTADO,FIAMBALA
88506,2026-02-10 17:16:13,SIN SERVICIO (INTERNET),2026-02-11 16:21:53,FERREYRA/RIVERO,PORTAL NORTE 1,20740,CAMBIO DE ACOMETIDA,VALLE VIEJO
88511,2026-02-10 17:50:13,SIN SERVICIO (INTERNET),2026-02-11 16:21:53,ABALLAY/B UNZAGA,SAN ANTONIO,5547,CAMBIO DE ACOMETIDA,VALLE VIEJO
88534,2026-02-11 08:35:04,PROBLEMAS DE SEÃƒÂ‘AL,2026-02-11 16:21:53,ABALLAY/B UNZAGA,SANTA ROSA,3595,CAMBIO DE ACOMETIDA,VALLE VIEJO
88538,2026-02-11 08:43:43,MODIFICAR BAJADA DECO,2026-02-11 16:21:53,UNZAGA F/ UNZAGA M,SANTA ROSA,14982,CAMBIO DE LUGAR DEL CABLE DE ACOMETIDA,VALLE VIEJO
88554,2026-02-11 09:20:11,PROBLEMAS DE SEÃƒÂ‘AL,2026-02-12 11:05:22,MARTINES PABLO,SAN MARTÃƒÂN,8190,REPARACION DE CABLE CORTADO,CHUMBICHA
88575,2026-02-11 10:52:38,SIN SERVICIO (INTERNET),2026-02-11 16:21:53,ABALLAY/B UNZAGA,SANTA ROSA,3428,CAMBIO DE ACOMETIDA,VALLE VIEJO
88587,2026-02-11 11:54:29,NAVEGACION LENTA,2026-02-12 08:46:50,AGUIRRE WALTER OSVALDO,TINOGASTA,2115,CAMBIO DE ACOMETIDA,UNET TINOGASTA
88601,2026-02-11 18:29:37,SIN SERVICIO (INTERNET),2026-02-13 08:35:42,JUAN OVEJERO,TINOGASTA,8046,CAMBIO DE ACOMETIDA,UNET TINOGASTA
88612,2026-02-12 08:21:45,SIN SERVICIO (INTERNET),2026-02-12 15:51:57,ABALLAY/B UNZAGA,SUMALAO,22279,CAMBIO DE ACOMETIDA,VALLE VIEJO
88634,2026-02-12 10:31:39,MODIFICAR BAJADA DECO,2026-02-19 08:30:24,AGUIRRE WALTER OSVALDO,TINOGASTA,9668,CAMBIO DE ACOMETIDA,UNET TINOGASTA
88653,2026-02-12 12:59:23,PROBLEMAS DE SEÃƒÂ‘AL,2026-02-12 15:51:57,UNZAGA F/ UNZAGA M,SAN JOSE,20628,CAMBIO DE ACOMETIDA,VALLE VIEJO
88655,2026-02-12 14:58:28,SIN SERVICIO (INTERNET),2026-02-12 18:25:04,ABALLAY/B UNZAGA,SAN JOSE,22903,CAMBIO DE ACOMETIDA,VALLE VIEJO
88658,2026-02-12 15:25:52,SIN SERVICIO (INTERNET),2026-02-12 18:25:04,ABALLAY/B UNZAGA,SAN JOSE,18741,CAMBIO DE ACOMETIDA,VALLE VIEJO
88666,2026-02-12 18:29:25,SIN SERVICIO (INTERNET),2026-02-12 19:00:28,SOSA/ARAGON,BARRIO 15 V.V. VIRGEN MORENITA,22332,CAMBIO DE ACOMETIDA,EL RODEO
88675,2026-02-12 19:00:42,SIN SERVICIO (INTERNET),2026-02-13 08:51:48,JUAN OVEJERO,SANTA ROSA,19818,CAMBIO DE ACOMETIDA,UNET TINOGASTA
88677,2026-02-12 20:10:36,MODIFICAR BAJADA,2026-02-13 08:51:48,JUAN OVEJERO,PASO SAN FRANCISCO,1111,CAMBIO DE ACOMETIDA,UNET TINOGASTA
88688,2026-02-13 08:42:57,SIN SERVICIO (INTERNET),2026-02-13 16:54:43,UNZAGA F/ UNZAGA M,SANTA ROSA,15012,REPARACION DE CABLE CORTADO,VALLE VIEJO
88726,2026-02-13 17:00:19,SIN SERVICIO (INTERNET),2026-02-18 09:34:08,UNZAGA F/ UNZAGA M,SUMALAO,16219,CAMBIO DE ACOMETIDA,VALLE VIEJO
88727,2026-02-13 17:16:03,SIN SERVICIO (INTERNET),2026-02-18 09:03:03,AGUIRRE WALTER OSVALDO,CENTRO,5306,CAMBIO DE ACOMETIDA,UNET TINOGASTA
88734,2026-02-13 18:05:15,SIN SERVICIO (INTERNET),2026-02-18 09:10:20,UNZAGA F/ UNZAGA M,SANTA ROSA,9143,CAMBIO DE ACOMETIDA,VALLE VIEJO
88742,2026-02-13 20:16:41,SIN SERVICIO (INTERNET),2026-02-19 10:37:09,ABALLAY/B UNZAGA,EL BAÃƒÂ‘ADO,6046,CAMBIO DE ACOMETIDA,VALLE VIEJO
88757,2026-02-14 11:26:29,SIN SERVICIO (INTERNET),2026-02-18 16:08:54,ABALLAY/B UNZAGA,EL BAÃƒÂ‘ADO,18907,CAMBIO DE ACOMETIDA,VALLE VIEJO
88768,2026-02-18 08:32:52,SIN SERVICIO (INTERNET),2026-02-18 16:08:54,CARPIO/LOPEZ,SAN JOSE,9151,CAMBIO DE ACOMETIDA,VALLE VIEJO
88769,2026-02-18 08:36:35,SIN SERVICIO (INTERNET),2026-02-18 19:03:15,CARPIO/LOPEZ,EL BAÃƒÂ‘ADO,4954,CAMBIO DE ACOMETIDA,VALLE VIEJO
88771,2026-02-18 08:39:17,SIN SERVICIO (INTERNET),2026-02-18 16:08:54,CARPIO/LOPEZ,SAN JOSE,9330,CAMBIO DE ACOMETIDA,VALLE VIEJO
88784,2026-02-18 09:34:33,SIN SERVICIO (INTERNET),2026-02-18 17:38:31,CARPIO/LOPEZ,SAN ANTONIO,24362,CAMBIO DE ACOMETIDA,VALLE VIEJO
88795,2026-02-18 09:59:36,SIN SERVICIO (INTERNET),2026-02-19 08:30:24,AGUIRRE WALTER OSVALDO,CENTRO,849,CAMBIO DE ACOMETIDA,UNET TINOGASTA
88799,2026-02-18 10:48:17,SIN SERVICIO (INTERNET),2026-02-18 16:08:54,CARPIO/LOPEZ,SAN JOSE,16698,CAMBIO DE ACOMETIDA,VALLE VIEJO
88805,2026-02-18 11:16:14,SIN SERVICIO (INTERNET),2026-02-19 12:59:26,ABALLAY/B UNZAGA,SAN JOSE,16088,CAMBIO DE ACOMETIDA,VALLE VIEJO
88844,2026-02-18 18:07:20,MODIFICAR BAJADA,2026-02-27 17:57:48,ABALLAY MARTIN,SANTA BÃƒÂRBARA,25967,CAMBIO DE ACOMETIDA,FIAMBALA
88845,2026-02-18 18:11:34,MODIFICAR BAJADA,2026-03-05 08:45:11,ABALLAY MARTIN,SANTA BÃƒÂRBARA,25868,CAMBIO DE LUGAR DEL CABLE DE ACOMETIDA,FIAMBALA
88847,2026-02-18 18:27:51,SIN SERVICIO (INTERNET),2026-02-19 12:59:26,CARPIO/LOPEZ,SUMALAO,23492,CAMBIO DE ACOMETIDA,VALLE VIEJO
88881,2026-02-18 20:28:24,SIN SERVICIO (INTERNET),2026-02-20 18:45:21,CARPIO/LOPEZ,SAN ISIDRO,7405,REPARACION DE CABLE CORTADO,VALLE VIEJO
88886,2026-02-19 08:23:22,SIN SERVICIO (INTERNET),2026-02-20 16:17:48,CARPIO/LOPEZ,SANTA ROSA,4711,CAMBIO DE ACOMETIDA,VALLE VIEJO
88905,2026-02-19 10:46:15,SIN SERVICIO (INTERNET),2026-02-23 17:06:31,CARPIO/LOPEZ,SAN JOSE,19208,CAMBIO DE ACOMETIDA,VALLE VIEJO
88910,2026-02-19 11:33:27,PROBLEMAS DE SEÃƒÂ‘AL,2026-02-23 17:06:31,CARPIO/LOPEZ,SAN JOSE,19844,CAMBIO DE ACOMETIDA,VALLE VIEJO
88936,2026-02-19 18:18:27,SIN SERVICIO (INTERNET),2026-02-23 11:58:23,MOLINA MARTIN,SUMALAO,23064,CAMBIO DE ACOMETIDA,VALLE VIEJO
88949,2026-02-19 19:55:58,SIN SERVICIO (INTERNET),2026-02-20 18:59:21,ABALLAY/B UNZAGA,SANTA ROSA,23140,CAMBIO DE ACOMETIDA,VALLE VIEJO
88957,2026-02-19 21:00:18,SIN SERVICIO (INTERNET),2026-02-20 16:17:48,CARPIO/LOPEZ,SANTA ROSA,3484,CAMBIO DE ACOMETIDA,VALLE VIEJO
89029,2026-02-20 17:31:23,SIN SERVICIO (INTERNET),2026-02-23 08:35:13,JUAN OVEJERO,SANTA ROSA,1817,CAMBIO DE ACOMETIDA,UNET TINOGASTA
89076,2026-02-21 09:49:16,FIBRA DE TRANSPORTE DAÃƒÂ‘ADA,2026-02-24 16:43:44,CARPIO/LOPEZ,SAN JOSE,15503,CAMBIO DE ACOMETIDA,VALLE VIEJO
89106,2026-02-21 10:59:32,SIN SERVICIO (INTERNET),2026-02-24 07:53:49,ABALLAY/B UNZAGA,SAN ISIDRO,20715,CAMBIO DE ACOMETIDA,VALLE VIEJO
89107,2026-02-21 11:07:40,SIN SERVICIO (INTERNET),2026-02-23 17:06:31,CARPIO/LOPEZ,LOMA NEGRA,19445,CAMBIO DE ACOMETIDA,VALLE VIEJO
89123,2026-02-23 08:30:48,SIN SERVICIO (INTERNET),2026-02-23 11:58:23,MOLINA MARTIN,SUMALAO,7609,CAMBIO DE ACOMETIDA,VALLE VIEJO
89139,2026-02-23 08:56:57,SIN SERVICIO (INTERNET),2026-02-24 11:14:49,CARPIO/LOPEZ,SAN ANTONIO,5438,CAMBIO DE ACOMETIDA,VALLE VIEJO
89152,2026-02-23 09:12:22,SIN SERVICIO (INTERNET),2026-03-04 18:03:00,MARTINES PABLO,SAN MARTÃƒÂN,250,REPARACION DE CABLE CORTADO,CHUMBICHA
89165,2026-02-23 09:42:58,SIN SERVICIO (INTERNET),2026-02-25 09:24:30,CARPIO/LOPEZ,SAN JOSE,17458,CAMBIO DE ACOMETIDA,VALLE VIEJO
89172,2026-02-23 12:18:51,SIN SERVICIO (INTERNET),2026-02-23 18:34:07,SOSA/ARAGON,BARRIO CENTRO,25781,CAMBIO DE ACOMETIDA,EL RODEO
89186,2026-02-23 17:13:28,SIN SERVICIO (INTERNET),2026-02-25 08:51:34,JUAN OVEJERO,SANTA ROSA,21969,CAMBIO DE ACOMETIDA,UNET TINOGASTA
89191,2026-02-23 17:50:10,MODIFICAR BAJADA,2026-03-02 18:37:16,CARPIO/LOPEZ,SANTA ROSA,21912,CAMBIO DE LUGAR DEL CABLE DE ACOMETIDA,VALLE VIEJO
89236,2026-02-24 12:22:18,SIN SERVICIO (INTERNET),2026-02-26 17:48:28,CARPIO/LOPEZ,BANDA DE VARELA,24285,CAMBIO DE ACOMETIDA,VALLE VIEJO
89248,2026-02-24 19:16:19,DECO TV SIN SEÃƒÂ‘AL,2026-02-26 08:41:55,JULIO DIAZ,80 VIVIENDAS,1158,CAMBIO DE ACOMETIDA,UNET TINOGASTA
89265,2026-02-25 08:51:26,SIN SERVICIO (INTERNET),2026-02-25 17:45:56,AGUIRRE WALTER OSVALDO,CENTRO,25269,CAMBIO DE ACOMETIDA,FIAMBALA
89272,2026-02-25 08:59:58,SEÃƒÂ‘ALES TV PIXELADAS,2026-02-25 09:15:56,ABALLAY MARTIN,EL BARRIALITO,25922,REPARACION DE CABLE CORTADO,FIAMBALA
89302,2026-02-25 11:23:32,SIN SERVICIO (INTERNET),2026-02-26 10:05:11,CARPIO/LOPEZ,SAN JOSE,14231,CAMBIO DE ACOMETIDA,VALLE VIEJO
89306,2026-02-25 12:14:06,SIN SERVICIO (INTERNET),2026-02-26 10:05:11,CARPIO/LOPEZ,LA TERCENA,18737,CAMBIO DE ACOMETIDA,VALLE VIEJO
89309,2026-02-25 14:56:31,SIN SERVICIO (INTERNET),2026-02-26 16:07:00,ABALLAY/B UNZAGA,SAN ANTONIO,7043,CAMBIO DE ACOMETIDA,VALLE VIEJO
89323,2026-02-25 16:42:05,SIN SERVICIO (INTERNET),2026-02-26 09:04:32,CARPIO/LOPEZ,LA CARRERA,19893,REPARACION DE CABLE CORTADO,VALLE VIEJO
89326,2026-02-25 17:58:15,SIN SERVICIO (INTERNET),2026-02-28 08:33:55,JULIO DIAZ,CENTRO,2475,CAMBIO DE ACOMETIDA,UNET TINOGASTA
89328,2026-02-25 18:10:06,SIN SERVICIO (INTERNET),2026-02-26 16:07:00,CARPIO/LOPEZ,BANDA DE VARELA,21513,CAMBIO DE ACOMETIDA,VALLE VIEJO
89332,2026-02-25 18:49:51,SIN SERVICIO (INTERNET),2026-02-27 09:16:10,JULIO DIAZ,ESTACION NORTE,7560,CAMBIO DE ACOMETIDA,UNET TINOGASTA
89344,2026-02-25 19:53:15,SIN SERVICIO (INTERNET),2026-02-26 16:07:00,CARPIO/LOPEZ,SAN JOSE,9102,CAMBIO DE ACOMETIDA,VALLE VIEJO
89352,2026-02-25 20:48:35,SIN SERVICIO (INTERNET),2026-02-26 16:07:00,ABALLAY/B UNZAGA,SANTA ROSA,14800,CAMBIO DE ACOMETIDA,VALLE VIEJO
89361,2026-02-26 08:56:59,SIN SERVICIO (INTERNET),2026-02-27 09:16:10,JULIO DIAZ,ESTACION NORTE,25876,CAMBIO DE ACOMETIDA,UNET TINOGASTA
89372,2026-02-26 09:55:10,SIN SERVICIO (INTERNET),2026-02-28 08:46:21,JUAN OVEJERO,70 VIVIENDAS,8534,CAMBIO DE ACOMETIDA,UNET TINOGASTA
89387,2026-02-26 13:47:44,SIN SERVICIO (INTERNET),2026-02-27 16:20:58,ABALLAY/B UNZAGA,SUMALAO,15631,CAMBIO DE ACOMETIDA,VALLE VIEJO
89412,2026-02-27 08:14:35,PROBLEMAS DE SEÃƒÂ‘AL,2026-03-02 18:37:16,CARPIO/LOPEZ,SAN JOSE,21374,CAMBIO DE ACOMETIDA,VALLE VIEJO
89436,2026-02-27 12:47:01,SIN SERVICIO (INTERNET),2026-02-28 09:21:12,CARPIO/LOPEZ,SAN JOSE,14217,CAMBIO DE ACOMETIDA,VALLE VIEJO
89442,2026-02-27 18:05:45,SIN SERVICIO (INTERNET),2026-02-28 09:21:12,CARPIO/LOPEZ,BANDA DE VARELA,21297,CAMBIO DE ACOMETIDA,VALLE VIEJO
89461,2026-02-28 09:11:27,SIN SERVICIO (INTERNET),2026-03-02 11:03:53,ABALLAY/B UNZAGA,LA CARRERA,24146,CAMBIO DE ACOMETIDA,VALLE VIEJO
89472,2026-02-28 09:20:35,SIN SERVICIO (INTERNET),2026-02-28 12:07:04,CARPIO/LOPEZ,LA TERCENA,16975,CAMBIO DE ACOMETIDA,VALLE VIEJO
89476,2026-02-28 09:36:51,SIN SERVICIO (INTERNET),2026-03-02 11:03:53,ABALLAY/B UNZAGA,LA TERCENA,18956,CAMBIO DE ACOMETIDA,VALLE VIEJO
89496,2026-02-28 10:49:17,SIN SERVICIO (INTERNET),2026-03-02 09:41:02,ABALLAY/B UNZAGA,SAN JOSE,9604,CAMBIO DE ACOMETIDA,VALLE VIEJO
89498,2026-02-28 11:25:03,SIN SERVICIO (INTERNET),2026-03-02 17:05:28,MARTINES PABLO,SAN MARTÃƒÂN,7669,CAMBIO DE LUGAR DEL CABLE DE ACOMETIDA,CHUMBICHA
89500,2026-02-28 11:37:12,SIN SERVICIO (INTERNET),2026-03-02 18:37:16,CARPIO/LOPEZ,SUMALAO,14655,CAMBIO DE ACOMETIDA,VALLE VIEJO
89526,2026-03-02 08:36:24,SIN SERVICIO (INTERNET),2026-03-03 07:52:32,FERREYRA/RIVERO,SAN ANTONIO,14644,CAMBIO DE ACOMETIDA,VALLE VIEJO
89559,2026-03-02 10:13:27,SIN SERVICIO (INTERNET),2026-03-04 08:57:28,MOLINA MARTIN,LA FALDA DE SAN ANTONIO,20087,CAMBIO DE ACOMETIDA,VALLE VIEJO
89587,2026-03-02 12:24:14,SIN SERVICIO (INTERNET),2026-03-03 11:28:59,MOLINA MARTIN,LA CARRERA,18509,CAMBIO DE ACOMETIDA,VALLE VIEJO
89590,2026-03-02 13:24:33,SIN SERVICIO (INTERNET),2026-03-04 16:05:23,ABALLAY/B UNZAGA,SUMALAO,14883,CAMBIO DE ACOMETIDA,VALLE VIEJO
89595,2026-03-02 16:11:02,SIN SERVICIO (INTERNET),2026-03-04 11:08:14,ABALLAY/B UNZAGA,SUMALAO,9242,CAMBIO DE ACOMETIDA,VALLE VIEJO
89605,2026-03-02 18:05:54,SIN SERVICIO (INTERNET),2026-03-04 19:36:25,AGUIRRE WALTER OSVALDO,SAN MARTIN,25169,CAMBIO DE ACOMETIDA,FIAMBALA
89606,2026-03-02 18:25:35,SIN SERVICIO (INTERNET),2026-03-06 17:48:58,CARPIO/LOPEZ,SUMALAO,17690,CAMBIO DE ACOMETIDA,VALLE VIEJO
89616,2026-03-02 19:55:28,SIN SERVICIO (INTERNET),2026-03-02 19:56:00,CARPIO/LOPEZ,LA FALDA DE SAN ANTONIO,25871,CAMBIO DE ACOMETIDA,VALLE VIEJO
89618,2026-03-02 20:11:59,SIN SERVICIO (INTERNET),2026-03-04 18:03:00,MARTINES PABLO,LAS FLORES,19362,REPARACION DE CABLE CORTADO,CHUMBICHA
89629,2026-03-03 08:17:51,SIN SERVICIO (INTERNET),2026-03-03 19:00:22,ABALLAY/B UNZAGA,SAN ANTONIO,7561,CAMBIO DE ACOMETIDA,VALLE VIEJO
89638,2026-03-03 08:46:31,SIN SERVICIO (INTERNET),2026-03-04 19:36:25,AGUIRRE WALTER OSVALDO,LA RAMADITA,25467,CAMBIO DE ACOMETIDA,FIAMBALA
89647,2026-03-03 10:28:56,SIN SERVICIO (INTERNET),2026-03-03 16:55:46,CARPIO/LOPEZ,SANTA ROSA,5395,CAMBIO DE ACOMETIDA,VALLE VIEJO
89653,2026-03-03 11:28:31,SIN SERVICIO (INTERNET),2026-03-03 18:06:22,CARPIO/LOPEZ,SAN ISIDRO,23206,CAMBIO DE ACOMETIDA,VALLE VIEJO
89655,2026-03-03 11:48:13,SIN SERVICIO (INTERNET),2026-03-04 16:05:23,ABALLAY/B UNZAGA,POZO DE MISTOL,24199,CAMBIO DE ACOMETIDA,VALLE VIEJO
89658,2026-03-03 12:17:49,PROBLEMAS DE SEÃƒÂ‘AL,2026-03-04 16:05:23,CARPIO/LOPEZ,SAN JOSE,16738,CAMBIO DE ACOMETIDA,VALLE VIEJO
89684,2026-03-03 19:00:03,SIN SERVICIO (INTERNET),2026-03-06 16:12:53,UNET SOPORTE VV,POZO DE MISTOL,20547,REPARACION DE FO,VALLE VIEJO
89712,2026-03-04 09:47:55,PROBLEMAS DE SEÃƒÂ‘AL,2026-03-05 19:19:05,ABALLAY/B UNZAGA,SAN JOSE,7641,CAMBIO DE ACOMETIDA,VALLE VIEJO
89717,2026-03-04 10:27:07,SIN SERVICIO (INTERNET),2026-03-12 19:06:07,FERREYRA/RIVERO,COLLAGASTA,21753,CAMBIO DE ACOMETIDA,VALLE VIEJO
89747,2026-03-04 14:08:16,SIN SERVICIO (INTERNET),2026-03-06 16:12:53,UNET SOPORTE VV,SAN ISIDRO,22522,REPARACION DE FO,VALLE VIEJO
89765,2026-03-04 19:25:38,SIN SERVICIO (INTERNET),2026-03-06 14:51:08,ABALLAY/B UNZAGA,SANTA ROSA,20492,CAMBIO DE ACOMETIDA,VALLE VIEJO
89797,2026-03-05 09:56:09,SIN SERVICIO (INTERNET),2026-03-06 17:02:40,CARPIO/LOPEZ,EL BAÃƒÂ‘ADO,23331,CAMBIO DE ACOMETIDA,VALLE VIEJO
89825,2026-03-05 11:51:01,DECO TV SIN SEÃƒÂ‘AL,2026-03-06 09:00:12,PINTOS FABIAN,SANTA ROSA,21788,CAMBIO DE ACOMETIDA,UNET TINOGASTA
89856,2026-03-06 08:20:57,SIN SERVICIO (INTERNET),2026-03-06 17:02:40,CARPIO/LOPEZ,SUMALAO,24055,CAMBIO DE ACOMETIDA,VALLE VIEJO
89866,2026-03-06 09:40:36,SIN SERVICIO (INTERNET),2026-03-09 16:25:20,ABALLAY/B UNZAGA,SAN ISIDRO,19321,CAMBIO DE ACOMETIDA,VALLE VIEJO
89886,2026-03-06 12:18:37,SIN SERVICIO (INTERNET),2026-03-09 08:10:53,ABALLAY/B UNZAGA,SANTA ROSA,4635,CAMBIO DE ACOMETIDA,VALLE VIEJO
89912,2026-03-06 18:26:39,SIN SERVICIO (INTERNET),2026-03-07 10:53:23,ABALLAY/B UNZAGA,BANDA DE VARELA,22515,CAMBIO DE ACOMETIDA,VALLE VIEJO
89980,2026-03-09 09:22:03,SIN SERVICIO (INTERNET),2026-03-11 11:54:40,CARPIO/LOPEZ,LOMA NEGRA,24640,CAMBIO DE ACOMETIDA,VALLE VIEJO
89995,2026-03-09 11:22:26,SIN SERVICIO (INTERNET),2026-03-10 08:30:02,PINTOS FABIAN,200 VIVIENDAS,2310,CAMBIO DE ACOMETIDA,UNET TINOGASTA
90009,2026-03-09 12:07:35,PROBLEMAS DE SEÃƒÂ‘AL,2026-03-11 11:54:40,CARPIO/LOPEZ,SANTA ROSA,4238,REPARACION DE CABLE CORTADO,VALLE VIEJO
90011,2026-03-09 15:25:37,RED EN EL SUELO,2026-03-11 11:54:40,CARPIO/LOPEZ,BANDA DE VARELA,20323,REPARACION DE CABLE CORTADO,VALLE VIEJO
90021,2026-03-09 19:26:10,SIN SERVICIO (INTERNET),2026-03-11 11:47:46,ABALLAY/B UNZAGA,POLCOS,5274,REPARACION DE FO,VALLE VIEJO
90028,2026-03-10 08:40:33,SIN SERVICIO (INTERNET),2026-03-13 19:51:13,ABALLAY/B UNZAGA,20 VIVIENDAS,16612,CAMBIO DE ACOMETIDA,VALLE VIEJO
90031,2026-03-10 08:48:00,SIN SERVICIO (INTERNET),2026-03-11 11:54:40,CARPIO/LOPEZ,VILLA DOLORES,4458,REPARACION DE FO,VALLE VIEJO
90037,2026-03-10 09:40:55,SIN SERVICIO (INTERNET),2026-03-11 11:47:46,ABALLAY/B UNZAGA,VILLA DOLORES,21967,REPARACION DE FO,VALLE VIEJO
90058,2026-03-10 12:02:54,NAVEGACION LENTA,2026-03-13 08:40:28,JULIO DIAZ,SANTA ROSA,1875,CAMBIO DE ACOMETIDA,UNET TINOGASTA
90094,2026-03-10 19:37:18,SIN SERVICIO (INTERNET),2026-03-14 08:45:58,JULIO DIAZ,TINOGASTA,8638,CAMBIO DE ACOMETIDA,UNET TINOGASTA
90103,2026-03-10 20:43:26,SIN SERVICIO (INTERNET),2026-03-13 11:27:05,ABALLAY/B UNZAGA,SAN ISIDRO,21522,CAMBIO DE ACOMETIDA,VALLE VIEJO
90279,2026-03-12 11:01:02,SIN SERVICIO (INTERNET),2026-03-16 08:14:09,CARPIO/LOPEZ,50 VIVIENDAS NORTE,17174,CAMBIO DE ACOMETIDA,VALLE VIEJO
90303,2026-03-12 18:51:05,SIN SERVICIO (INTERNET),2026-03-13 19:46:03,ABALLAY/B UNZAGA,SAN JOSE,9096,CAMBIO DE ACOMETIDA,VALLE VIEJO
90313,2026-03-13 08:51:23,SIN SERVICIO (INTERNET),2026-03-16 09:01:21,AGUIRRE WALTER OSVALDO,JUAN MANUEL SALAS,25198,CAMBIO DE ACOMETIDA,FIAMBALA
90314,2026-03-13 08:58:19,SIN SERVICIO (INTERNET),2026-03-16 16:19:55,CARPIO/LOPEZ,SAN ISIDRO,17180,CAMBIO DE ACOMETIDA,VALLE VIEJO
90329,2026-03-13 11:19:08,VERIFICAR SERVICIO,2026-03-16 16:59:08,MARTINES PABLO,SAN MARTÃƒÂN,8635,CAMBIO DE ACOMETIDA,CHUMBICHA
90344,2026-03-13 15:50:01,SIN SERVICIO (INTERNET),2026-03-16 08:50:29,UNZAGA F/ UNZAGA M,LA CARRERA,19043,CAMBIO DE ACOMETIDA,VALLE VIEJO
90365,2026-03-13 19:29:45,SIN SERVICIO (INTERNET),2026-03-16 19:04:58,ABALLAY/B UNZAGA,LA TERCENA,20844,CAMBIO DE ACOMETIDA,VALLE VIEJO
90374,2026-03-14 09:04:20,SIN SERVICIO (INTERNET),2026-03-16 08:50:29,UNZAGA F/ UNZAGA M,SAN ISIDRO,7944,REPARACION DE CABLE CORTADO,VALLE VIEJO
90412,2026-03-14 11:38:57,VERIFICAR SERVICIO,2026-03-16 09:01:21,AGUIRRE WALTER OSVALDO,SANTA BÃƒÂRBARA,26055,CAMBIO DE ACOMETIDA,FIAMBALA
90415,2026-03-14 12:18:34,RED EN EL SUELO,2026-03-16 15:48:51,CARPIO/LOPEZ,LA TERCENA,26026,REPARACION DE FO,VALLE VIEJO
90422,2026-03-16 08:37:07,SIN SERVICIO (INTERNET),2026-03-17 16:14:04,CARPIO/LOPEZ,LA FALDA DE SAN ANTONIO,15022,CAMBIO DE ACOMETIDA,VALLE VIEJO
90436,2026-03-16 09:31:41,SIN SERVICIO (INTERNET),2026-03-17 17:50:37,ABALLAY/B UNZAGA,POLCOS,9892,CAMBIO DE ACOMETIDA,VALLE VIEJO
90442,2026-03-16 10:25:18,SIN SERVICIO (INTERNET),2026-03-17 17:50:37,ABALLAY/B UNZAGA,EL HUECO,5313,CAMBIO DE ACOMETIDA,VALLE VIEJO
90445,2026-03-16 10:59:47,SIN SERVICIO (INTERNET),2026-03-16 19:26:23,ABALLAY/B UNZAGA,SAN ANTONIO,5465,CAMBIO DE ACOMETIDA,VALLE VIEJO
90446,2026-03-16 11:06:31,SIN SERVICIO (INTERNET),2026-03-16 19:26:23,ABALLAY/B UNZAGA,SANTA ROSA,17623,CAMBIO DE ACOMETIDA,VALLE VIEJO
90451,2026-03-16 11:18:09,MODIFICAR BAJADA,2026-03-19 18:26:35,ABALLAY/B UNZAGA,POZO DE MISTOL,14425,CAMBIO DE ACOMETIDA,VALLE VIEJO
90453,2026-03-16 11:19:35,SIN SERVICIO (INTERNET),2026-03-17 17:50:37,ABALLAY/B UNZAGA,SAN ANTONIO,7516,CAMBIO DE ACOMETIDA,VALLE VIEJO
90460,2026-03-16 13:09:05,SIN SERVICIO (INTERNET),2026-03-17 17:50:37,ABALLAY/B UNZAGA,20 VIVIENDAS,19422,CAMBIO DE ACOMETIDA,VALLE VIEJO
90479,2026-03-16 15:17:01,SIN SERVICIO (INTERNET),2026-03-17 16:14:04,CARPIO/LOPEZ,SANTA ROSA,24518,CAMBIO DE ACOMETIDA,VALLE VIEJO
90490,2026-03-16 18:33:41,SIN SERVICIO (INTERNET),2026-03-17 16:14:04,CARPIO/LOPEZ,SAN JOSE,8033,CAMBIO DE ACOMETIDA,VALLE VIEJO
90526,2026-03-17 09:47:49,SIN SERVICIO (INTERNET),2026-03-18 16:06:32,ARAGON/SOSA,SANTA ROSA,15835,CAMBIO DE ACOMETIDA,VALLE VIEJO
90537,2026-03-17 10:32:15,SIN SERVICIO (INTERNET),2026-03-19 18:26:35,ABALLAY/B UNZAGA,SANTA ROSA,9883,CAMBIO DE ACOMETIDA,VALLE VIEJO
90588,2026-03-17 17:19:51,SIN SERVICIO (INTERNET),2026-03-19 18:26:35,ABALLAY/B UNZAGA,SANTA ROSA,7048,CAMBIO DE ACOMETIDA,VALLE VIEJO
90594,2026-03-17 18:57:42,SIN SERVICIO (INTERNET),2026-03-18 16:06:32,ARAGON/SOSA,SANTA ROSA,4198,CAMBIO DE ACOMETIDA,VALLE VIEJO
90603,2026-03-17 20:19:20,SIN SERVICIO (INTERNET),2026-03-18 16:06:32,ARAGON/SOSA,SANTA ROSA,25902,CAMBIO DE ACOMETIDA,VALLE VIEJO
90608,2026-03-17 20:59:59,PROBLEMAS DE SEÃƒÂ‘AL,2026-03-28 08:45:51,CARPIO/LOPEZ,SANTA ROSA,14140,CAMBIO DE ACOMETIDA,VALLE VIEJO
90624,2026-03-18 09:21:42,SIN SERVICIO (INTERNET),2026-03-18 09:28:05,CARPIO/LOPEZ,SANTA ROSA,17330,CAMBIO DE ACOMETIDA,VALLE VIEJO
90644,2026-03-18 13:07:34,SIN SERVICIO (INTERNET),2026-03-21 09:04:05,FERREYRA/RIVERO,SUMALAO,16219,CAMBIO DE ACOMETIDA,VALLE VIEJO
90653,2026-03-18 15:30:54,SIN SERVICIO (INTERNET),2026-03-19 11:31:47,FERREYRA/RIVERO,SAN JOSE,21442,CAMBIO DE ACOMETIDA,VALLE VIEJO
90662,2026-03-18 17:52:07,SIN SERVICIO (INTERNET),2026-03-20 11:43:09,CARPIO/LOPEZ,LA CARRERA,21244,CAMBIO DE ACOMETIDA,VALLE VIEJO
90670,2026-03-18 18:30:02,SIN SERVICIO (INTERNET),2026-03-20 11:18:36,PINTOS FABIAN,100 VIVIENDAS,26254,CAMBIO DE ACOMETIDA,UNET TINOGASTA
90699,2026-03-19 10:14:34,SIN SERVICIO (INTERNET),2026-03-25 08:41:00,ABALLAY/B UNZAGA,SANTA ROSA,6000,CAMBIO DE ACOMETIDA,VALLE VIEJO
90701,2026-03-19 10:44:10,SIN SERVICIO (INTERNET),2026-03-21 08:46:57,ABALLAY/B UNZAGA,POZO DE MISTOL,19435,CAMBIO DE ACOMETIDA,VALLE VIEJO
90712,2026-03-19 12:02:31,SIN SERVICIO (INTERNET),2026-03-20 16:20:20,MARTINES PABLO,SAN MARTÃƒÂN,24428,CAMBIO DE ACOMETIDA,CHUMBICHA
90738,2026-03-20 08:12:09,SIN SERVICIO (INTERNET),2026-03-25 16:34:08,ABALLAY/B UNZAGA,LA CARRERA,18989,CAMBIO DE ACOMETIDA,VALLE VIEJO
90751,2026-03-20 10:27:20,SIN SERVICIO (INTERNET),2026-03-25 16:34:08,ABALLAY/B UNZAGA,SAN JOSE,16481,CAMBIO DE ACOMETIDA,VALLE VIEJO
90754,2026-03-20 10:57:38,SIN SERVICIO (INTERNET),2026-03-25 16:34:08,ABALLAY/B UNZAGA,LA CARRERA,21722,CAMBIO DE ACOMETIDA,VALLE VIEJO
90758,2026-03-20 11:16:59,SIN SERVICIO (INTERNET),2026-03-21 09:04:05,FERREYRA/RIVERO,SANTA ROSA,4729,CAMBIO DE ACOMETIDA,VALLE VIEJO
90760,2026-03-20 11:25:35,SIN SERVICIO (INTERNET),2026-03-25 07:54:37,FERREYRA/RIVERO,SAN ANTONIO,17998,REPARACION DE FO,VALLE VIEJO
90763,2026-03-20 11:42:35,SIN SERVICIO (INTERNET),2026-03-25 07:54:37,FERREYRA/RIVERO,SAN ANTONIO,20131,REPARACION DE CABLE CORTADO,VALLE VIEJO
90772,2026-03-20 12:53:02,SIN SERVICIO (INTERNET),2026-03-25 07:59:36,FERREYRA/RIVERO,SAN ANTONIO,7330,CAMBIO DE ACOMETIDA,VALLE VIEJO
90774,2026-03-20 13:34:33,SIN SERVICIO (INTERNET),2026-03-25 07:54:37,FERREYRA/RIVERO,SAN ANTONIO,20994,REPARACION DE FO,VALLE VIEJO
90778,2026-03-20 14:30:37,SIN SERVICIO (INTERNET),2026-03-25 08:41:00,ABALLAY/B UNZAGA,SAN JOSE,19110,CAMBIO DE ACOMETIDA,VALLE VIEJO
90779,2026-03-20 14:41:37,SIN SERVICIO (INTERNET),2026-03-25 19:05:51,CARPIO/LOPEZ,SUMALAO,14601,CAMBIO DE ACOMETIDA,VALLE VIEJO
90781,2026-03-20 14:55:33,SIN SERVICIO (INTERNET),2026-03-25 16:34:08,ABALLAY/B UNZAGA,SANTA ROSA,3512,CAMBIO DE ACOMETIDA,VALLE VIEJO
90785,2026-03-20 16:59:17,SIN SERVICIO (INTERNET),2026-03-27 07:45:48,CARPIO/LOPEZ,LA FALDA DE SAN ANTONIO,9565,CAMBIO DE ACOMETIDA,VALLE VIEJO
90798,2026-03-20 18:52:59,SIN SERVICIO (INTERNET),2026-03-25 19:05:51,CARPIO/LOPEZ,LA FALDA DE SAN ANTONIO,24012,CAMBIO DE ACOMETIDA,VALLE VIEJO
90806,2026-03-20 19:37:24,SIN SERVICIO (INTERNET),2026-03-27 07:45:48,CARPIO/LOPEZ,SUMALAO,16029,CAMBIO DE ACOMETIDA,VALLE VIEJO
90817,2026-03-21 09:27:55,SIN SERVICIO (INTERNET),2026-03-25 19:05:51,CARPIO/LOPEZ,SAN ANTONIO,21707,REPARACION DE FO,VALLE VIEJO
90838,2026-03-21 10:51:46,SIN SERVICIO (INTERNET),2026-03-26 16:14:01,ABALLAY/B UNZAGA,SAN JOSE,18527,CAMBIO DE ACOMETIDA,VALLE VIEJO
90841,2026-03-21 11:20:00,SIN SERVICIO (INTERNET),2026-03-25 08:05:32,FERREYRA/RIVERO,LA FALDA DE SAN ANTONIO,6625,CAMBIO DE ACOMETIDA,VALLE VIEJO
90844,2026-03-21 12:12:02,SIN SERVICIO (INTERNET),2026-03-26 16:19:24,ABALLAY/B UNZAGA,SUMALAO,23468,CAMBIO DE ACOMETIDA,VALLE VIEJO
90856,2026-03-25 08:43:48,SIN SERVICIO (INTERNET),2026-03-28 08:45:51,CARPIO/LOPEZ,SAN JOSE,14229,CAMBIO DE ACOMETIDA,VALLE VIEJO
90857,2026-03-25 08:45:41,SIN SERVICIO (INTERNET),2026-03-27 17:28:14,ABALLAY/B UNZAGA,VILLA DOLORES,5597,CAMBIO DE ACOMETIDA,VALLE VIEJO
90858,2026-03-25 08:47:44,SIN SERVICIO (INTERNET),2026-03-30 07:57:02,CARPIO/LOPEZ,SAN JOSE,8491,CAMBIO DE ACOMETIDA,VALLE VIEJO
90859,2026-03-25 08:52:24,SIN SERVICIO (INTERNET),2026-03-30 07:59:39,UNZAGA F/ UNZAGA M,POLCOS,6843,REPARACION DE CABLE CORTADO,VALLE VIEJO
90861,2026-03-25 09:02:53,SIN SERVICIO (INTERNET),2026-03-25 18:08:44,ARAGON - SOSA,BANDA NORTE (ZONA 1),25548,CAMBIO DE ACOMETIDA,LA PUERTA
90862,2026-03-25 09:07:12,SIN SERVICIO (INTERNET),2026-03-26 08:25:01,AGUIRRE WALTER OSVALDO,LOS ROBLEDOS,7092,CAMBIO DE ACOMETIDA,UNET TINOGASTA
90866,2026-03-25 09:19:01,SIN SERVICIO (INTERNET),2026-03-27 09:29:07,MARTINES PABLO,20 VIVIENDAS,5445,CAMBIO DE ACOMETIDA,CHUMBICHA
90867,2026-03-25 09:25:22,SIN SERVICIO (INTERNET),2026-03-30 07:57:02,CARPIO/LOPEZ,BANDA DE VARELA,24123,REPARACION DE FO,VALLE VIEJO
90869,2026-03-25 09:26:14,SIN SERVICIO (INTERNET),2026-03-30 07:57:02,CARPIO/LOPEZ,BANDA DE VARELA,25311,REPARACION DE FO,VALLE VIEJO
90877,2026-03-25 09:51:57,SIN SERVICIO (INTERNET),2026-03-27 10:34:33,FERREYRA/RIVERO,POZO DE MISTOL,24452,CAMBIO DE ACOMETIDA,VALLE VIEJO
90878,2026-03-25 10:02:57,SIN SERVICIO (INTERNET),2026-03-25 19:05:51,ABALLAY/B UNZAGA,SAN JOSE,16345,CAMBIO DE ACOMETIDA,VALLE VIEJO
90879,2026-03-25 10:04:07,SIN SERVICIO (INTERNET),2026-03-25 18:27:45,MARTINES PABLO,LAS FLORES,6425,CAMBIO DE ACOMETIDA,CHUMBICHA
90881,2026-03-25 10:17:40,SIN SERVICIO (INTERNET),2026-03-25 19:05:51,CARPIO/LOPEZ,SAN ISIDRO,6010,REPARACION DE FO,VALLE VIEJO
90884,2026-03-25 10:23:04,ENGRAMPAR/EMBUTIR CABLE,2026-03-30 07:59:39,UNZAGA F/ UNZAGA M,SANTA ROSA,5680,CAMBIO DE LUGAR DEL CABLE DE ACOMETIDA,VALLE VIEJO
90888,2026-03-25 10:51:18,SIN SERVICIO (INTERNET),2026-03-27 17:28:14,ABALLAY/B UNZAGA,SANTA ROSA,25691,CAMBIO DE ACOMETIDA,VALLE VIEJO
90895,2026-03-25 11:14:35,SIN SERVICIO (INTERNET),2026-03-27 17:28:14,ABALLAY/B UNZAGA,SANTA ROSA,21249,CAMBIO DE ACOMETIDA,VALLE VIEJO
90910,2026-03-25 11:49:16,SIN SERVICIO (INTERNET),2026-03-27 07:55:41,ABALLAY/B UNZAGA,POZO DE MISTOL,25608,CAMBIO DE ACOMETIDA,VALLE VIEJO
90919,2026-03-25 12:26:36,RED EN EL SUELO,2026-03-27 13:37:37,UNZAGA F/ UNZAGA M,SUMALAO,23407,REPARACION DE CABLE CORTADO,VALLE VIEJO
90923,2026-03-25 13:49:28,SIN SERVICIO (INTERNET),2026-03-25 19:54:05,UNZAGA F/ UNZAGA M,SAN ANTONIO,17706,REPARACION DE FO,VALLE VIEJO
90925,2026-03-25 14:46:48,SIN SERVICIO (INTERNET),2026-03-25 19:54:05,UNZAGA F/ UNZAGA M,SAN ANTONIO,5806,REPARACION DE FO,VALLE VIEJO
90928,2026-03-25 15:47:06,SIN SERVICIO (INTERNET),2026-03-26 18:35:03,UNZAGA F/ UNZAGA M,48 VIVIENDAS,16259,REPARACION DE FO,VALLE VIEJO
90929,2026-03-25 15:56:11,SIN SERVICIO (INTERNET),2026-03-26 18:35:03,UNZAGA F/ UNZAGA M,50 VIVIENDAS NORTE,15040,REPARACION DE FO,VALLE VIEJO
90934,2026-03-25 17:10:10,SIN SERVICIO (INTERNET),2026-03-27 17:28:14,ABALLAY/B UNZAGA,SAN JOSE,8504,CAMBIO DE ACOMETIDA,VALLE VIEJO
90939,2026-03-25 17:18:46,SIN SERVICIO (INTERNET),2026-03-30 07:59:39,UNZAGA F/ UNZAGA M,POLCOS,16725,CAMBIO DE ACOMETIDA,VALLE VIEJO
90943,2026-03-25 17:54:21,SIN SERVICIO (INTERNET),2026-03-26 18:35:03,UNZAGA F/ UNZAGA M,50 VIVIENDAS NORTE,17174,REPARACION DE FO,VALLE VIEJO
90951,2026-03-25 18:54:47,PROBLEMAS DE SEÃƒÂ‘AL,2026-03-28 08:29:16,PINTOS FABIAN,JARDIN,392,CAMBIO DE ACOMETIDA,UNET TINOGASTA
90952,2026-03-25 19:01:24,SIN SERVICIO (INTERNET),2026-03-27 11:50:54,MOLINA MARTIN,SANTA ROSA,26252,CAMBIO DE ACOMETIDA,VALLE VIEJO
90970,2026-03-25 20:27:32,SIN SERVICIO (INTERNET),2026-03-26 18:35:03,UNZAGA F/ UNZAGA M,PORTAL NORTE 3,25956,REPARACION DE FO,VALLE VIEJO
90986,2026-03-26 09:25:07,SIN SERVICIO (INTERNET),2026-03-27 16:17:01,ARAGON/SOSA,SANTA ROSA,2881,CAMBIO DE ACOMETIDA,VALLE VIEJO
90989,2026-03-26 09:44:56,RED EN EL SUELO,2026-03-27 14:55:55,UNZAGA F/ UNZAGA M,SAN ANTONIO,3511,REPARACION DE CABLE CORTADO,VALLE VIEJO
90995,2026-03-26 11:20:18,SIN SERVICIO (INTERNET),2026-03-31 16:40:09,ABALLAY/B UNZAGA,SAN ANTONIO,8816,CAMBIO DE ACOMETIDA,VALLE VIEJO
91002,2026-03-26 11:52:06,SIN SERVICIO (INTERNET),2026-03-30 08:06:59,CARPIO/LOPEZ,SANTA ROSA,25812,CAMBIO DE ACOMETIDA,VALLE VIEJO
91005,2026-03-26 12:21:32,SIN SERVICIO (INTERNET),2026-03-28 08:29:16,AGUIRRE WALTER OSVALDO,TINOGASTA,24946,CAMBIO DE ACOMETIDA,UNET TINOGASTA
91041,2026-03-27 08:35:36,SIN SERVICIO (INTERNET),2026-03-28 08:29:16,AGUIRRE WALTER OSVALDO,TINOGASTA,20815,CAMBIO DE ACOMETIDA,UNET TINOGASTA
91057,2026-03-27 10:41:21,VERIFICAR SERVICIO,2026-03-28 08:29:16,AGUIRRE WALTER OSVALDO,LA PAZ,2189,CAMBIO DE ACOMETIDA,UNET TINOGASTA
91088,2026-03-27 17:26:32,SIN SERVICIO (INTERNET),2026-03-31 07:54:49,ABALLAY/B UNZAGA,SAN JOSE,26044,CAMBIO DE ACOMETIDA,VALLE VIEJO
91089,2026-03-27 17:38:59,SIN SERVICIO (INTERNET),2026-03-30 10:40:04,MOLINA MARTIN,SAN JOSÃƒÂ‰,25318,CAMBIO DE ACOMETIDA,VALLE VIEJO
91090,2026-03-27 17:50:29,SIN SERVICIO (INTERNET),2026-03-30 07:59:39,UNZAGA F/ UNZAGA M,POZO DE MISTOL,16383,CAMBIO DE ACOMETIDA,VALLE VIEJO
91101,2026-03-27 20:13:07,SIN SERVICIO (INTERNET),2026-04-02 08:31:42,AGUIRRE WALTER OSVALDO,SANTA BÃƒÂRBARA,25965,CAMBIO DE ACOMETIDA,FIAMBALA
91106,2026-03-28 09:08:51,SIN SERVICIO (INTERNET),2026-03-31 11:33:02,CARPIO/LOPEZ,SANTA ROSA,21242,CAMBIO DE ACOMETIDA,VALLE VIEJO
91114,2026-03-28 10:06:24,SIN SERVICIO (INTERNET),2026-03-30 15:47:39,CARPIO/LOPEZ,LA FALDA DE SAN ANTONIO,16260,CAMBIO DE ACOMETIDA,VALLE VIEJO
91116,2026-03-28 10:22:37,SIN SERVICIO (INTERNET),2026-03-31 19:08:20,ABALLAY/B UNZAGA,SAN JOSE,9288,CAMBIO DE ACOMETIDA,VALLE VIEJO
91119,2026-03-28 10:55:54,PROBLEMAS DE SEÃƒÂ‘AL,2026-03-30 16:33:37,ARAGON/SOSA,SAN ANTONIO,3543,CAMBIO DE ACOMETIDA,VALLE VIEJO
91124,2026-03-28 12:26:06,SIN SERVICIO (INTERNET),2026-03-30 17:09:18,ARAGON/SOSA,VILLA DOLORES,6160,CAMBIO DE ACOMETIDA,VALLE VIEJO
91133,2026-03-30 08:58:05,SIN SERVICIO (INTERNET),2026-03-30 17:42:58,MARTINES PABLO,SAN MARTÃƒÂN,18710,CAMBIO DE ACOMETIDA,CHUMBICHA
91140,2026-03-30 09:25:30,SIN SERVICIO (INTERNET),2026-03-30 09:25:53,MOLINA MARTIN,VILLA DOLORES,15597,CAMBIO DE ACOMETIDA,VALLE VIEJO
91145,2026-03-30 09:36:08,SIN SERVICIO (INTERNET),2026-03-31 19:33:47,ABALLAY/B UNZAGA,SAN JOSE,15214,CAMBIO DE ACOMETIDA,VALLE VIEJO
91153,2026-03-30 10:33:22,SIN SERVICIO (INTERNET),2026-03-30 14:11:06,UNZAGA F/ UNZAGA M,SUMALAO,8362,REPARACION DE FO,VALLE VIEJO
91159,2026-03-30 10:50:58,SIN SERVICIO (INTERNET),2026-04-01 16:08:22,ARAGON/SOSA,EL BAÃƒÂ‘ADO,15909,CAMBIO DE ACOMETIDA,VALLE VIEJO
91165,2026-03-30 10:55:19,SIN SERVICIO (INTERNET),2026-03-30 14:11:06,UNZAGA F/ UNZAGA M,POZO DE MISTOL,18873,REPARACION DE FO,VALLE VIEJO
91167,2026-03-30 10:58:06,SIN SERVICIO (INTERNET),2026-04-01 18:25:17,CARPIO/LOPEZ,SANTA ROSA,23934,CAMBIO DE ACOMETIDA,VALLE VIEJO
91184,2026-03-30 11:52:53,SIN SERVICIO (INTERNET),2026-03-30 14:11:06,UNZAGA F/ UNZAGA M,SUMALAO,14371,REPARACION DE FO,VALLE VIEJO
91185,2026-03-30 11:57:13,SIN SERVICIO (INTERNET),2026-03-30 14:11:06,UNZAGA F/ UNZAGA M,SUMALAO,15228,REPARACION DE FO,VALLE VIEJO
91186,2026-03-30 12:03:56,SIN SERVICIO (INTERNET),2026-03-30 14:11:06,UNZAGA F/ UNZAGA M,SUMALAO,5300,REPARACION DE FO,VALLE VIEJO
91187,2026-03-30 12:07:58,SIN SERVICIO (INTERNET),2026-03-30 14:11:06,UNZAGA F/ UNZAGA M,SUMALAO,17669,REPARACION DE FO,VALLE VIEJO
91191,2026-03-30 12:31:12,SIN SERVICIO (INTERNET),2026-03-30 14:11:06,UNZAGA F/ UNZAGA M,SUMALAO,17884,REPARACION DE FO,VALLE VIEJO
91192,2026-03-30 12:57:45,SIN SERVICIO (INTERNET),2026-03-31 11:33:02,CARPIO/LOPEZ,SANTA ROSA,3870,CAMBIO DE ACOMETIDA,VALLE VIEJO
91231,2026-03-30 19:14:53,SIN SERVICIO (INTERNET),2026-03-31 16:40:09,ARAGON/SOSA,EL BAÃƒÂ‘ADO,18565,CAMBIO DE ACOMETIDA,VALLE VIEJO
91259,2026-03-31 09:24:40,SIN SERVICIO (INTERNET),2026-04-01 09:03:29,JUAN OVEJERO,CENTRO,17104,CAMBIO DE ACOMETIDA,UNET TINOGASTA
91266,2026-03-31 10:37:59,VERIFICAR SERVICIO,2026-04-01 11:59:54,JUAN OVEJERO,ESTACION NORTE,924,CAMBIO DE ACOMETIDA,UNET TINOGASTA
91267,2026-03-31 10:58:27,SIN SERVICIO (INTERNET),2026-03-31 10:58:43,CARPIO/LOPEZ,SAN ISIDRO,5527,CAMBIO DE ACOMETIDA,VALLE VIEJO
91272,2026-03-31 11:16:26,SIN SERVICIO (INTERNET),2026-04-01 16:08:22,ARAGON/SOSA,LA FALDA DE SAN ANTONIO,7090,CAMBIO DE ACOMETIDA,VALLE VIEJO
91283,2026-03-31 11:56:48,SIN SERVICIO (INTERNET),2026-04-01 16:08:22,ARAGON/SOSA,LA FALDA DE SAN ANTONIO,4445,CAMBIO DE ACOMETIDA,VALLE VIEJO
91293,2026-03-31 13:49:26,SIN SERVICIO (INTERNET),2026-04-01 16:56:03,ABALLAY/B UNZAGA,EL HUECO,23458,CAMBIO DE ACOMETIDA,VALLE VIEJO
91307,2026-03-31 15:45:26,SIN SERVICIO (INTERNET),2026-04-01 16:56:03,ABALLAY/B UNZAGA,EL HUECO,9568,CAMBIO DE ACOMETIDA,VALLE VIEJO
91309,2026-03-31 16:39:53,SIN SERVICIO (INTERNET),2026-03-31 16:40:09,ABALLAY/B UNZAGA,SAN ANTONIO,14324,CAMBIO DE ACOMETIDA,VALLE VIEJO
91317,2026-03-31 17:11:25,SIN SERVICIO (INTERNET),2026-04-01 09:03:29,JUAN OVEJERO,LA PAZ,2034,CAMBIO DE ACOMETIDA,UNET TINOGASTA
91324,2026-03-31 18:47:14,SIN SERVICIO (INTERNET),2026-04-01 11:59:54,JULIO DIAZ,70 VIVIENDAS,1218,CAMBIO DE ACOMETIDA,UNET TINOGASTA
91336,2026-04-01 08:22:42,SIN SERVICIO (INTERNET),2026-04-01 18:25:17,FERREYRA/RIVERO,LA TERCENA,17985,CAMBIO DE ACOMETIDA,VALLE VIEJO
91346,2026-04-01 09:11:34,DECO TV SIN SEÃƒÂ‘AL,2026-04-06 08:29:49,JUAN OVEJERO,SANTA ROSA,6223,CAMBIO DE ACOMETIDA,UNET TINOGASTA
91350,2026-04-01 09:16:24,SIN SERVICIO (INTERNET),2026-04-01 18:25:17,FERREYRA/RIVERO,LA TERCENA,22151,CAMBIO DE ACOMETIDA,VALLE VIEJO
91351,2026-04-01 09:16:47,SIN SERVICIO (INTERNET),2026-04-01 18:25:17,FERREYRA/RIVERO,LA TERCENA,17779,CAMBIO DE ACOMETIDA,VALLE VIEJO
91352,2026-04-01 09:17:17,SIN SERVICIO (INTERNET),2026-04-01 18:25:17,FERREYRA/RIVERO,LA TERCENA,25764,CAMBIO DE ACOMETIDA,VALLE VIEJO
91356,2026-04-01 09:32:34,SIN SERVICIO (INTERNET),2026-04-07 19:50:07,CARPIO/LOPEZ,BANDA DE VARELA,24475,CAMBIO DE ACOMETIDA,VALLE VIEJO
91366,2026-04-01 10:35:41,SIN SERVICIO (INTERNET),2026-04-07 19:40:13,ABALLAY/B UNZAGA,LA FALDA DE SAN ANTONIO,20944,CAMBIO DE ACOMETIDA,VALLE VIEJO
91496,2026-04-06 09:20:16,SIN SERVICIO (INTERNET),2026-04-08 16:20:36,ABALLAY/B UNZAGA,SUMALAO,16036,CAMBIO DE ACOMETIDA,VALLE VIEJO
91508,2026-04-06 10:06:52,SIN SERVICIO (INTERNET),2026-04-10 08:06:24,FERNANDEZ EMMANUEL,SAN ANTONIO,21090,REPARACION DE CABLE CORTADO,VALLE VIEJO
91516,2026-04-06 10:12:56,SIN SERVICIO (INTERNET),2026-04-10 08:09:33,FERNANDEZ EMMANUEL,EL HUECO,3806,REPARACION DE CABLE CORTADO,VALLE VIEJO
91530,2026-04-06 10:38:43,SIN SERVICIO (INTERNET),2026-04-08 18:17:42,ARAGON/SOSA,SAN ANTONIO,9972,CAMBIO DE ACOMETIDA,VALLE VIEJO
91571,2026-04-06 18:14:07,SIN SERVICIO (INTERNET),2026-04-09 08:26:47,JULIO DIAZ,ESTACION NORTE,6694,CAMBIO DE ACOMETIDA,UNET TINOGASTA
91573,2026-04-06 18:19:38,SIN SERVICIO (INTERNET),2026-04-09 08:26:47,AGUIRRE WALTER OSVALDO,TINOGASTA,24946,CAMBIO DE ACOMETIDA,UNET TINOGASTA
91583,2026-04-06 19:00:16,SIN SERVICIO (INTERNET),2026-04-08 18:17:42,ARAGON/SOSA,EL BAÃƒÂ‘ADO,14963,CAMBIO DE ACOMETIDA,VALLE VIEJO
91611,2026-04-07 08:54:01,SIN SERVICIO (INTERNET),2026-04-09 07:50:25,CARPIO/LOPEZ,POZO DE MISTOL,7122,CAMBIO DE ACOMETIDA,VALLE VIEJO
91615,2026-04-07 09:08:40,SIN SERVICIO (INTERNET),2026-04-09 10:13:11,MARTINES PABLO,SAN CAYETANO,18853,CAMBIO DE ACOMETIDA,CHUMBICHA
91643,2026-04-07 10:45:17,PROBLEMAS DE SEÃƒÂ‘AL,2026-04-17 16:30:31,FERNANDEZ EMMANUEL,SUMALAO,18119,REPARACION DE CABLE CORTADO,VALLE VIEJO
91671,2026-04-07 15:25:57,SIN SERVICIO (INTERNET),2026-04-10 08:09:33,FERNANDEZ EMMANUEL,SANTA ROSA,4563,REPARACION DE CABLE CORTADO,VALLE VIEJO
91682,2026-04-07 17:20:32,SIN SERVICIO (INTERNET),2026-04-10 08:07:15,FERNANDEZ EMMANUEL,SUMALAO,17669,REPARACION DE CABLE CORTADO,VALLE VIEJO
91688,2026-04-07 17:42:18,SIN SERVICIO (INTERNET),2026-04-10 08:07:15,FERNANDEZ EMMANUEL,SANTA ROSA,16470,REPARACION DE CABLE CORTADO,VALLE VIEJO
91695,2026-04-07 18:37:50,SIN SERVICIO (INTERNET),2026-04-10 12:11:16,ARAGON/SOSA,SAN JOSE,15251,CAMBIO DE ACOMETIDA,VALLE VIEJO
91704,2026-04-07 19:39:59,SIN SERVICIO (INTERNET),2026-04-07 19:40:13,ABALLAY/B UNZAGA,SAN ANTONIO,19162,CAMBIO DE ACOMETIDA,VALLE VIEJO
91708,2026-04-07 19:57:14,SIN SERVICIO (INTERNET),2026-04-09 08:26:47,AGUIRRE WALTER OSVALDO,ESTACION NORTE,1688,CAMBIO DE ACOMETIDA,UNET TINOGASTA
91720,2026-04-08 08:51:09,SIN SERVICIO (INTERNET),2026-04-10 12:11:16,ARAGON/SOSA,SUMALAO,8362,CAMBIO DE ACOMETIDA,VALLE VIEJO
91748,2026-04-08 11:50:08,SIN SERVICIO (INTERNET),2026-04-09 08:26:47,AGUIRRE WALTER OSVALDO,LA PAZ,2386,CAMBIO DE ACOMETIDA,UNET TINOGASTA
91765,2026-04-08 13:41:00,SIN SERVICIO (INTERNET),2026-04-10 18:05:04,FERNANDEZ EMMANUEL,SUMALAO,6670,REPARACION DE CABLE CORTADO,VALLE VIEJO
91829,2026-04-08 16:24:36,SIN SERVICIO (INTERNET),2026-04-09 18:52:18,ABALLAY/B UNZAGA,SAN JOSE,23914,CAMBIO DE ACOMETIDA,VALLE VIEJO
91835,2026-04-08 17:42:50,MODIFICAR BAJADA,2026-04-17 16:30:31,FERNANDEZ EMMANUEL,EL HUECO,6385,CAMBIO DE LUGAR DEL CABLE DE ACOMETIDA,VALLE VIEJO
91851,2026-04-08 19:01:00,MODIFICAR BAJADA,2026-04-18 09:00:30,FERNANDEZ EMMANUEL,SAN JOSE,9192,CAMBIO DE LUGAR DEL CABLE DE ACOMETIDA,VALLE VIEJO
91866,2026-04-09 08:43:34,SIN SERVICIO (INTERNET),2026-04-10 18:05:04,FERNANDEZ EMMANUEL,SUMALAO,24810,REPARACION DE CABLE CORTADO,VALLE VIEJO
91872,2026-04-09 09:18:58,SIN SERVICIO (INTERNET),2026-04-10 09:06:12,JULIO DIAZ,TINOGASTA,9992,CAMBIO DE ACOMETIDA,UNET TINOGASTA
91876,2026-04-09 09:34:15,MODIFICAR BAJADA,2026-04-16 09:04:56,AGUIRRE WALTER OSVALDO,EL BARRIALITO,26100,CAMBIO DE ACOMETIDA,FIAMBALA
91881,2026-04-09 09:50:17,SIN SERVICIO (INTERNET),2026-04-13 07:58:35,CARPIO/LOPEZ,PORTAL NORTE 3,19796,REPARACION DE FO,VALLE VIEJO
91892,2026-04-09 10:23:38,SIN SERVICIO (INTERNET),2026-04-10 09:06:12,JULIO DIAZ,CENTRO,455,CAMBIO DE ACOMETIDA,UNET TINOGASTA
91893,2026-04-09 10:28:32,RED EN EL SUELO,2026-04-09 18:08:20,CARPIO/LOPEZ,POZO DE MISTOL,20627,REPARACION DE FO,VALLE VIEJO
91918,2026-04-09 11:53:52,SIN SERVICIO (INTERNET),2026-04-16 09:03:38,MARTINES PABLO,LA VILLA,24459,CAMBIO DE ACOMETIDA,CHUMBICHA
91935,2026-04-09 16:43:12,SIN SERVICIO (INTERNET),2026-04-11 08:49:26,CARPIO/LOPEZ,LA CARRERA,21965,CAMBIO DE ACOMETIDA,VALLE VIEJO
91937,2026-04-09 17:08:38,SIN SERVICIO (INTERNET),2026-04-09 17:09:28,MARTINES PABLO,SAN CAYETANO,128,CAMBIO DE ACOMETIDA,CHUMBICHA
91941,2026-04-09 18:08:09,SIN SERVICIO (INTERNET),2026-04-13 07:58:35,CARPIO/LOPEZ,LA FALDA DE SAN ANTONIO,19878,CAMBIO DE ACOMETIDA,VALLE VIEJO
91949,2026-04-09 19:03:25,MODIFICAR BAJADA,2026-04-10 17:42:18,ARAGON - SOSA,BANDA SUD (ZONA 2),24003,CAMBIO DE ACOMETIDA,LA PUERTA
91951,2026-04-09 19:23:48,MODIFICAR BAJADA,2026-04-13 19:23:52,ARAGON/SOSA,SAN ANTONIO,19718,CAMBIO DE TRAMO DE CABLE,VALLE VIEJO
91965,2026-04-10 09:16:23,SIN SERVICIO (INTERNET),2026-04-13 07:58:35,CARPIO/LOPEZ,SANTA ROSA,7414,CAMBIO DE ACOMETIDA,VALLE VIEJO
91966,2026-04-10 09:30:49,SIN SERVICIO (INTERNET),2026-04-15 08:32:40,JULIO DIAZ,CENTRO,1102,CAMBIO DE ACOMETIDA,UNET TINOGASTA
91990,2026-04-10 11:51:38,SIN SERVICIO (INTERNET),2026-04-13 08:18:28,UNZAGA F/ UNZAGA M,SAN ANTONIO,26264,REPARACION DE CABLE CORTADO,VALLE VIEJO
91997,2026-04-10 12:09:52,SIN SERVICIO (INTERNET),2026-04-15 08:04:02,MOLINA MARTIN,SAN ANTONIO,26339,CAMBIO DE ACOMETIDA,VALLE VIEJO
92009,2026-04-10 18:01:54,SIN SERVICIO (INTERNET),2026-04-13 08:18:28,UNZAGA F/ UNZAGA M,SANTA ROSA,14140,REPARACION DE FO,VALLE VIEJO
92017,2026-04-10 18:31:15,SIN SERVICIO (INTERNET),2026-04-11 08:26:45,JULIO DIAZ,LA PAZ,21215,CAMBIO DE ACOMETIDA,UNET TINOGASTA
92023,2026-04-10 19:27:26,SIN SERVICIO (INTERNET),2026-04-17 16:16:08,CARPIO/LOPEZ,SUMALAO,15124,CAMBIO DE ACOMETIDA,VALLE VIEJO
92054,2026-04-11 11:16:38,SIN SERVICIO (INTERNET),2026-04-14 17:47:37,FERNANDEZ EMMANUEL,LA CARRERA,25695,REPARACION DE CABLE CORTADO,VALLE VIEJO
92077,2026-04-11 12:00:25,SIN SERVICIO (INTERNET),2026-04-13 11:41:04,CARPIO/LOPEZ,SAN JOSE,14808,CAMBIO DE ACOMETIDA,VALLE VIEJO
92088,2026-04-13 08:18:20,SIN SERVICIO (INTERNET),2026-04-15 08:25:34,MOLINA MARTIN,LA FALDA DE SAN ANTONIO,23364,CAMBIO DE ACOMETIDA,VALLE VIEJO
92117,2026-04-13 09:27:44,SIN SERVICIO (INTERNET),2026-04-13 19:11:56,FERNANDEZ EMMANUEL,SANTA ROSA,18966,REPARACION DE CABLE CORTADO,VALLE VIEJO
92119,2026-04-13 09:37:36,SIN SERVICIO (INTERNET),2026-04-15 08:32:40,AGUIRRE WALTER OSVALDO,TINOGASTA,21376,CAMBIO DE ACOMETIDA,UNET TINOGASTA
92122,2026-04-13 09:45:41,SIN SERVICIO (INTERNET),2026-04-14 17:37:00,FERNANDEZ EMMANUEL,SAN ANTONIO,8298,REPARACION DE CABLE CORTADO,VALLE VIEJO
92138,2026-04-13 11:55:21,SIN SERVICIO (INTERNET),2026-04-14 17:47:37,FERNANDEZ EMMANUEL,SAN JOSE,19332,REPARACION DE CABLE CORTADO,VALLE VIEJO
92139,2026-04-13 12:00:55,DECO TV SIN SEÃƒÂ‘AL,2026-04-15 09:08:40,JULIO DIAZ,TINOGASTA,1555,CAMBIO DE ACOMETIDA,UNET TINOGASTA
92142,2026-04-13 12:46:15,SIN SERVICIO (INTERNET),2026-04-14 17:47:37,FERNANDEZ EMMANUEL,SAN JOSE,15184,REPARACION DE CABLE CORTADO,VALLE VIEJO
92147,2026-04-13 16:48:31,SIN SERVICIO (INTERNET),2026-04-13 08:38:51,AGUIRRE WALTER OSVALDO,70 VIVIENDAS,23498,CAMBIO DE ACOMETIDA,UNET TINOGASTA
92154,2026-04-13 18:28:05,SIN SERVICIO (INTERNET),2026-04-15 08:53:18,MARTINES PABLO,SAN MARTÃƒÂN,1286,CAMBIO DE ACOMETIDA,CHUMBICHA
92155,2026-04-13 18:33:35,SIN SERVICIO (INTERNET),2026-04-15 08:32:40,JULIO DIAZ,TINOGASTA,20306,CAMBIO DE ACOMETIDA,UNET TINOGASTA
92167,2026-04-13 19:54:37,SIN SERVICIO (INTERNET),2026-04-15 08:53:18,MARTINES PABLO,LA VILLA,204,CAMBIO DE ACOMETIDA,CHUMBICHA
92184,2026-04-14 10:15:34,SIN SERVICIO (INTERNET),2026-04-15 16:41:19,ARAGON/SOSA,SUMALAO,6647,CAMBIO DE ACOMETIDA,VALLE VIEJO
92202,2026-04-14 11:46:50,SIN SERVICIO (INTERNET),2026-04-15 16:42:55,ARAGON/SOSA,BANDA DE VARELA,23058,CAMBIO DE ACOMETIDA,VALLE VIEJO
92203,2026-04-14 11:49:42,SIN SERVICIO (INTERNET),2026-04-18 08:46:10,JULIO DIAZ,48 VIVIENDAS,21306,CAMBIO DE ACOMETIDA,UNET TINOGASTA
92233,2026-04-14 18:04:19,SIN SERVICIO (INTERNET),2026-04-17 16:30:31,FERNANDEZ EMMANUEL,SAN JOSE,19028,REPARACION DE CABLE CORTADO,VALLE VIEJO
92239,2026-04-14 19:06:39,SIN SERVICIO (INTERNET),2026-04-15 18:26:29,FERNANDEZ EMMANUEL,SAN ISIDRO,9510,REPARACION DE CABLE CORTADO,VALLE VIEJO
92268,2026-04-15 09:09:06,SIN SERVICIO (INTERNET),2026-04-16 09:21:11,JUAN OVEJERO,48 VIVIENDAS,2305,CAMBIO DE ACOMETIDA,UNET TINOGASTA
92281,2026-04-15 10:34:52,SIN SERVICIO (INTERNET),2026-04-15 19:27:40,ABALLAY/B UNZAGA,EL BAÃƒÂ‘ADO,4509,CAMBIO DE ACOMETIDA,VALLE VIEJO
92311,2026-04-15 12:49:01,SIN SERVICIO (INTERNET),2026-04-16 09:04:56,AGUIRRE WALTER OSVALDO,SAN MARTIN,25159,CAMBIO DE ACOMETIDA,FIAMBALA
92390,2026-04-15 17:48:26,SIN SERVICIO (INTERNET),2026-04-17 16:30:31,FERNANDEZ EMMANUEL,SANTA ROSA,21134,REPARACION DE CABLE CORTADO,VALLE VIEJO
92392,2026-04-15 17:54:11,PROBLEMAS DE SEÃƒÂ‘AL,2026-04-17 15:30:03,FERNANDEZ EMMANUEL,SANTA ROSA,3186,REPARACION DE CABLE CORTADO,VALLE VIEJO
92398,2026-04-15 18:37:30,SIN SERVICIO (INTERNET),2026-04-20 09:19:15,MARTINES PABLO,SAN CAYETANO,179,CAMBIO DE ACOMETIDA,CHUMBICHA
92401,2026-04-15 19:07:52,SIN SERVICIO (INTERNET),2026-04-17 08:31:14,JULIO DIAZ,100 VIVIENDAS,18378,CAMBIO DE ACOMETIDA,UNET TINOGASTA
92462,2026-04-16 18:25:49,SIN SERVICIO (INTERNET),2026-04-20 08:11:36,ABALLAY/B UNZAGA,SAN ANTONIO,6464,CAMBIO DE ACOMETIDA,VALLE VIEJO
92475,2026-04-16 20:43:18,SIN SERVICIO (INTERNET),2026-04-18 08:46:10,JULIO DIAZ,CENTRO,957,CAMBIO DE ACOMETIDA,UNET TINOGASTA
92480,2026-04-17 08:27:06,SIN SERVICIO (INTERNET),2026-04-17 17:23:37,SOSA/ARAGON,EL RODEO,24803,CAMBIO DE ACOMETIDA,EL RODEO
92492,2026-04-17 10:18:22,VERIFICAR SERVICIO,2026-04-20 08:24:55,ARAGON - SOSA,BANDA NORTE (ZONA 1),24226,CAMBIO DE ACOMETIDA,LA PUERTA
92516,2026-04-17 13:18:55,SIN SERVICIO (INTERNET),2026-04-17 15:30:03,FERNANDEZ EMMANUEL,SANTA ROSA,21263,REPARACION DE CABLE CORTADO,VALLE VIEJO
92517,2026-04-17 13:53:36,PROBLEMAS DE SEÃƒÂ‘AL,2026-04-17 15:30:03,FERNANDEZ EMMANUEL,SANTA ROSA,4202,REPARACION DE CABLE CORTADO,VALLE VIEJO
92526,2026-04-17 17:58:24,SIN SERVICIO (INTERNET),2026-04-20 18:17:51,ABALLAY/B UNZAGA,SANTA ROSA,14584,CAMBIO DE ACOMETIDA,VALLE VIEJO
92531,2026-04-17 18:07:12,RED EN EL SUELO,2026-04-20 08:45:55,PINTOS FABIAN,200 VIVIENDAS,2624,CAMBIO DE ACOMETIDA,UNET TINOGASTA
92538,2026-04-17 21:03:38,MODIFICAR BAJADA,2026-04-24 17:04:46,AGUIRRE WALTER OSVALDO,LA BODEGA,25098,CAMBIO DE ACOMETIDA,FIAMBALA
92539,2026-04-18 09:02:35,SIN SERVICIO (INTERNET),2026-04-20 19:44:36,CARPIO/LOPEZ,SANTA ROSA,4915,CAMBIO DE ACOMETIDA,VALLE VIEJO
92591,2026-04-20 09:18:51,SIN SERVICIO (INTERNET),2026-04-22 09:05:26,MARTINES PABLO,CENTRO,5318,CAMBIO DE ACOMETIDA,CHUMBICHA
92593,2026-04-20 09:41:00,SIN SERVICIO (INTERNET),2026-04-22 17:23:54,ABALLAY/B UNZAGA,SAN ANTONIO,15794,CAMBIO DE ACOMETIDA,VALLE VIEJO
92605,2026-04-20 10:45:31,SIN SERVICIO (INTERNET),2026-04-22 07:55:28,CARPIO/LOPEZ,SAN JOSE,18526,CAMBIO DE ACOMETIDA,VALLE VIEJO
92611,2026-04-20 11:06:46,SIN SERVICIO (INTERNET),2026-04-20 19:44:36,CARPIO/LOPEZ,SAN ISIDRO,17264,CAMBIO DE ACOMETIDA,VALLE VIEJO
92623,2026-04-20 11:43:33,VERIFICAR SERVICIO,2026-04-22 08:39:11,JULIO DIAZ,CENTRO,1808,CAMBIO DE ACOMETIDA,UNET TINOGASTA
92680,2026-04-21 09:18:15,SIN SERVICIO (INTERNET),2026-04-21 19:45:19,CARPIO/LOPEZ,SANTA ROSA,5144,REPARACION DE FO,VALLE VIEJO
92722,2026-04-21 18:21:55,MODIFICAR BAJADA DECO,2026-04-22 17:23:54,ABALLAY/B UNZAGA,SAN ANTONIO,9039,CAMBIO DE LUGAR DEL CABLE DE ACOMETIDA,VALLE VIEJO
92724,2026-04-21 18:26:05,SIN SERVICIO (INTERNET),2026-04-22 17:20:36,ABALLAY/B UNZAGA,SUMALAO,18110,CAMBIO DE ACOMETIDA,VALLE VIEJO
92734,2026-04-21 19:06:02,SIN SERVICIO (INTERNET),2026-04-23 19:28:14,CARPIO/LOPEZ,BANDA DE VARELA,21527,CAMBIO DE ACOMETIDA,VALLE VIEJO
92740,2026-04-21 20:19:49,SIN SERVICIO (INTERNET),2026-04-23 08:37:46,JULIO DIAZ,31 VIVIENDAS,2526,CAMBIO DE ACOMETIDA,UNET TINOGASTA
92763,2026-04-22 09:39:01,SIN SERVICIO (INTERNET),2026-04-23 18:37:47,ABALLAY/B UNZAGA,SAN ANTONIO,5663,CAMBIO DE ACOMETIDA,VALLE VIEJO
92828,2026-04-22 11:13:18,SIN SERVICIO (INTERNET),2026-05-05 10:47:07,CARPIO/LOPEZ,SANTA ROSA,4767,CAMBIO DE ACOMETIDA,VALLE VIEJO
92829,2026-04-22 11:25:48,PROBLEMAS DE SEÃƒÂ‘AL,2026-04-24 15:36:00,ABALLAY/B UNZAGA,SANTA ROSA,4671,CAMBIO DE ACOMETIDA,VALLE VIEJO
92863,2026-04-22 18:35:55,MODIFICAR BAJADA,2026-04-27 17:27:55,CARPIO/LOPEZ,SAN JOSE,17385,CAMBIO DE LUGAR DEL CABLE DE ACOMETIDA,VALLE VIEJO
92870,2026-04-23 08:06:17,SIN SERVICIO (INTERNET),2026-04-24 18:56:42,CARPIO/LOPEZ,SUMALAO,9259,CAMBIO DE ACOMETIDA,VALLE VIEJO
92871,2026-04-23 08:19:09,MODIFICAR BAJADA,2026-04-28 16:45:34,CARPIO/LOPEZ,SAN ISIDRO,20455,CAMBIO DE LUGAR DEL CABLE DE ACOMETIDA,VALLE VIEJO
92898,2026-04-23 11:20:17,SIN SERVICIO (INTERNET),2026-04-25 08:35:47,JUAN OVEJERO,CENTRO,1811,CAMBIO DE ACOMETIDA,UNET TINOGASTA
92905,2026-04-23 11:55:31,MODIFICAR BAJADA,2026-04-24 10:23:48,ARAGON - SOSA,BANDA NORTE (ZONA 1),23011,CAMBIO DE ACOMETIDA,LA PUERTA
92939,2026-04-23 20:26:11,RED EN EL SUELO,2026-04-27 07:52:25,UNZAGA F/ UNZAGA M,SAN ISIDRO,3224,CAMBIO DE LUGAR DEL CABLE DE ACOMETIDA,VALLE VIEJO
92952,2026-04-24 08:45:04,PROBLEMAS DE SEÃƒÂ‘AL,2026-04-24 08:45:55,ARAGON/SOSA,SAN ANTONIO,7470,CAMBIO DE ACOMETIDA,VALLE VIEJO
92957,2026-04-24 08:53:34,PROBLEMAS DE SEÃƒÂ‘AL,2026-04-24 08:53:43,ARAGON/SOSA,SAN ANTONIO,8768,CAMBIO DE ACOMETIDA,VALLE VIEJO
92959,2026-04-24 08:55:32,PROBLEMAS DE SEÃƒÂ‘AL,2026-04-24 08:55:40,CARPIO/LOPEZ,SAN ANTONIO,21010,CAMBIO DE ACOMETIDA,VALLE VIEJO
93017,2026-04-25 10:19:52,SIN SERVICIO (INTERNET),2026-04-27 18:41:59,PINTOS FABIAN,COOPERATIVA,24777,CAMBIO DE ACOMETIDA,UNET TINOGASTA
93026,2026-04-25 10:45:39,SIN SERVICIO (INTERNET),2026-04-27 08:35:04,AGUIRRE WALTER OSVALDO,CENTRO,1349,CAMBIO DE ACOMETIDA,UNET TINOGASTA
93055,2026-04-27 08:22:34,SIN SERVICIO (INTERNET),2026-04-27 18:11:58,ABALLAY/B UNZAGA,EL HUECO,3338,CAMBIO DE ACOMETIDA,VALLE VIEJO
93105,2026-04-27 11:21:42,SIN SERVICIO (INTERNET),2026-04-29 09:04:39,JULIO DIAZ,TINOGASTA,26572,CAMBIO DE ACOMETIDA,UNET TINOGASTA
93126,2026-04-27 17:14:37,SIN SERVICIO (INTERNET),2026-04-27 18:41:59,AGUIRRE WALTER OSVALDO,TINOGASTA,26423,CAMBIO DE ACOMETIDA,UNET TINOGASTA
93138,2026-04-27 18:26:44,SIN SERVICIO (INTERNET),2026-04-29 09:04:39,JULIO DIAZ,SANTA ROSA,16131,CAMBIO DE ACOMETIDA,UNET TINOGASTA
93154,2026-04-28 08:49:17,SIN SERVICIO (INTERNET),2026-04-29 09:04:39,JULIO DIAZ,TINOGASTA,14195,CAMBIO DE ACOMETIDA,UNET TINOGASTA
93170,2026-04-28 10:17:05,VERIFICAR SERVICIO,2026-04-30 12:06:14,SOSA/ARAGON,LOTEO FILIPIN,22490,CAMBIO DE ACOMETIDA,EL RODEO
93278,2026-04-29 18:21:54,PROBLEMAS DE SEÃƒÂ‘AL,2026-04-29 18:22:06,ABALLAY/B UNZAGA,SAN ANTONIO,4201,CAMBIO DE ACOMETIDA,VALLE VIEJO
93288,2026-04-29 20:29:06,SIN SERVICIO (INTERNET),2026-05-08 19:42:13,AGUIRRE WALTER OSVALDO,GUANCHIN,24992,CAMBIO DE ACOMETIDA,FIAMBALA
93318,2026-04-30 10:33:19,MODIFICAR BAJADA DECO,2026-05-04 19:30:55,CARPIO/LOPEZ,POZO DE MISTOL,14396,CAMBIO DE LUGAR DEL CABLE DE ACOMETIDA,VALLE VIEJO
93319,2026-04-30 10:56:55,SIN SERVICIO (INTERNET),2026-04-30 19:31:50,ABALLAY/B UNZAGA,POLCOS,26284,CAMBIO DE ACOMETIDA,VALLE VIEJO
93335,2026-04-30 13:20:55,SIN SERVICIO (INTERNET),2026-04-30 19:42:12,ABALLAY/B UNZAGA,SAN JOSE,9602,CAMBIO DE ACOMETIDA,VALLE VIEJO
93336,2026-04-30 15:16:56,SIN SERVICIO (INTERNET),2026-04-30 19:42:12,ABALLAY/B UNZAGA,SAN JOSE,16186,CAMBIO DE ACOMETIDA,VALLE VIEJO
93354,2026-05-04 08:23:03,SIN SERVICIO (INTERNET),2026-05-07 16:13:06,ABALLAY/B UNZAGA,LA FALDA DE SAN ANTONIO,7572,CAMBIO DE ACOMETIDA,VALLE VIEJO
93366,2026-05-04 08:53:19,SIN SERVICIO (INTERNET),2026-05-05 19:19:34,CARPIO/LOPEZ,AGUA COLORADA,21561,CAMBIO DE ACOMETIDA,VALLE VIEJO
93372,2026-05-04 09:07:03,SIN SERVICIO (INTERNET),2026-05-04 19:30:55,CARPIO/LOPEZ,SAN ISIDRO,3664,CAMBIO DE ACOMETIDA,VALLE VIEJO
93395,2026-05-04 09:45:58,SIN SERVICIO (INTERNET),2026-05-04 19:30:55,CARPIO/LOPEZ,SANTA ROSA,20633,CAMBIO DE ACOMETIDA,VALLE VIEJO
93403,2026-05-04 10:34:00,SIN SERVICIO (INTERNET),2026-05-06 08:31:25,AGUIRRE WALTER OSVALDO,TINOGASTA,26572,CAMBIO DE ACOMETIDA,UNET TINOGASTA
93406,2026-05-04 10:38:33,SIN SERVICIO (INTERNET),2026-05-05 08:33:40,AGUIRRE WALTER OSVALDO,SANTA ROSA,1645,CAMBIO DE ACOMETIDA,UNET TINOGASTA
93452,2026-05-04 12:39:33,SIN SERVICIO (INTERNET),2026-05-05 16:55:52,ABALLAY/B UNZAGA,SUMALAO,23064,CAMBIO DE ACOMETIDA,VALLE VIEJO
93475,2026-05-04 15:42:38,SIN SERVICIO (INTERNET),2026-05-07 16:13:06,ABALLAY/B UNZAGA,SAN JOSE,18286,CAMBIO DE ACOMETIDA,VALLE VIEJO
93478,2026-05-04 17:08:59,SIN SERVICIO (INTERNET),2026-05-05 19:35:40,AGUIRRE WALTER OSVALDO,100 VIVIENDAS,26254,CAMBIO DE ACOMETIDA,UNET TINOGASTA
93489,2026-05-04 17:58:37,MODIFICAR BAJADA,2026-05-04 17:59:10,AGUIRRE WALTER OSVALDO,JUAN MANUEL SALAS,25246,CAMBIO DE ACOMETIDA,FIAMBALA
93492,2026-05-04 18:01:54,SIN SERVICIO (INTERNET),2026-05-12 07:53:06,CARPIO/LOPEZ,SAN JOSE,18412,CAMBIO DE ACOMETIDA,VALLE VIEJO
93501,2026-05-04 18:48:35,SIN SERVICIO (INTERNET),2026-05-06 16:28:58,ABALLAY/B UNZAGA,SANTA ROSA,14673,CAMBIO DE ACOMETIDA,VALLE VIEJO
93529,2026-05-05 09:08:41,SIN SERVICIO (INTERNET),2026-05-08 19:18:04,CARPIO/LOPEZ,POZO DE MISTOL,8202,CAMBIO DE ACOMETIDA,VALLE VIEJO
93530,2026-05-05 09:20:42,SIN SERVICIO (INTERNET),2026-05-08 19:18:04,CARPIO/LOPEZ,SUMALAO,14371,CAMBIO DE ACOMETIDA,VALLE VIEJO
93535,2026-05-05 09:32:40,SIN SERVICIO (INTERNET),2026-05-05 10:33:29,MOLINA MARTIN,SANTA ROSA,26503,CAMBIO DE ACOMETIDA,VALLE VIEJO
93570,2026-05-05 15:12:29,SIN SERVICIO (INTERNET),2026-05-06 19:49:10,CARPIO/LOPEZ,LA CARRERA,19350,CAMBIO DE ACOMETIDA,VALLE VIEJO
93583,2026-05-05 18:25:31,SIN SERVICIO (INTERNET),2026-05-08 08:40:20,PINTOS FABIAN,TINOGASTA,2218,CAMBIO DE ACOMETIDA,UNET TINOGASTA
93600,2026-05-06 08:45:34,SIN SERVICIO (INTERNET),2026-05-07 15:26:53,ABALLAY/B UNZAGA,LA CARRERA,24257,CAMBIO DE ACOMETIDA,VALLE VIEJO
93666,2026-05-07 08:19:40,SIN SERVICIO (INTERNET),2026-05-08 19:18:04,CARPIO/LOPEZ,SAN JOSE,18105,CAMBIO DE ACOMETIDA,VALLE VIEJO
93678,2026-05-07 09:50:54,SIN SERVICIO (INTERNET),2026-05-08 15:57:34,ABALLAY/B UNZAGA,LA TERCENA,22151,CAMBIO DE ACOMETIDA,VALLE VIEJO
93696,2026-05-07 11:31:17,SIN SERVICIO (INTERNET),2026-05-07 16:58:39,MARTINES PABLO,CENTRO,26127,CAMBIO DE ACOMETIDA,CHUMBICHA
93722,2026-05-07 12:50:22,SIN SERVICIO (INTERNET),2026-05-08 15:57:34,ABALLAY/B UNZAGA,SANTA ROSA,3770,CAMBIO DE ACOMETIDA,VALLE VIEJO
93725,2026-05-07 14:10:16,SIN SERVICIO (INTERNET),2026-05-08 15:57:34,ABALLAY/B UNZAGA,SAN ISIDRO,20607,CAMBIO DE ACOMETIDA,VALLE VIEJO
93739,2026-05-07 17:58:04,SIN SERVICIO (INTERNET),2026-05-08 08:40:20,AGUIRRE WALTER OSVALDO,TINOGASTA,16984,CAMBIO DE ACOMETIDA,UNET TINOGASTA
93742,2026-05-07 18:21:06,MODIFICAR BAJADA,2026-05-12 15:30:05,CARPIO/LOPEZ,SANTA ROSA,5233,CAMBIO DE LUGAR DEL CABLE DE ACOMETIDA,VALLE VIEJO
93751,2026-05-07 19:41:40,SIN SERVICIO (INTERNET),2026-05-08 11:06:55,UNZAGA F/ UNZAGA M,POZO DE MISTOL,14610,REPARACION DE FO,VALLE VIEJO
93752,2026-05-07 19:42:37,SIN SERVICIO (INTERNET),2026-05-08 11:06:55,UNZAGA F/ UNZAGA M,POZO DE MISTOL,7317,REPARACION DE FO,VALLE VIEJO
93766,2026-05-07 20:02:22,SIN SERVICIO (INTERNET),2026-05-08 11:06:55,UNZAGA F/ UNZAGA M,POZO DE MISTOL,6402,REPARACION DE FO,VALLE VIEJO
93800,2026-05-08 12:02:54,SIN SERVICIO (INTERNET),2026-05-12 08:41:40,AGUIRRE WALTER OSVALDO,TINOGASTA,15256,CAMBIO DE ACOMETIDA,UNET TINOGASTA
93847,2026-05-08 21:08:42,SIN SERVICIO (INTERNET),2026-05-12 08:41:40,AGUIRRE WALTER OSVALDO,CENTRO,23616,CAMBIO DE ACOMETIDA,UNET TINOGASTA
93850,2026-05-09 09:03:21,SIN SERVICIO (INTERNET),2026-05-12 07:58:41,UNZAGA F/ UNZAGA M,SANTA ROSA,3317,CAMBIO DE ACOMETIDA,VALLE VIEJO
93853,2026-05-09 09:19:23,SIN SERVICIO (INTERNET),2026-05-12 16:13:00,UNZAGA F/ UNZAGA M,SAN JOSE,14150,REPARACION DE CABLE CORTADO,VALLE VIEJO
93859,2026-05-09 10:12:13,SIN SERVICIO (INTERNET),2026-05-13 08:37:15,JULIO DIAZ,LA PAZ,20928,CAMBIO DE ACOMETIDA,UNET TINOGASTA
93861,2026-05-09 10:47:53,MODIFICAR BAJADA,2026-05-12 15:30:05,CARPIO/LOPEZ,SANTA ROSA,4226,CAMBIO DE LUGAR DEL CABLE DE ACOMETIDA,VALLE VIEJO
93879,2026-05-12 08:49:11,SIN SERVICIO (INTERNET),2026-05-13 09:26:57,MARTINES PABLO,SAN MARTÃƒÂN,2247,CAMBIO DE ACOMETIDA,CHUMBICHA
93913,2026-05-12 10:30:47,SIN SERVICIO (INTERNET),2026-05-13 16:27:37,ABALLAY/B UNZAGA,SAN JOSE,20257,CAMBIO DE ACOMETIDA,VALLE VIEJO
93933,2026-05-12 12:56:32,PROBLEMAS DE SEÃƒÂ‘AL,2026-05-13 16:07:32,ABALLAY/B UNZAGA,SAN ISIDRO,18839,CAMBIO DE ACOMETIDA,VALLE VIEJO
94022,2026-05-13 12:20:49,SIN SERVICIO (INTERNET),2026-05-15 08:37:16,AGUIRRE WALTER OSVALDO,CENTRO,973,CAMBIO DE ACOMETIDA,UNET TINOGASTA
94040,2026-05-13 19:16:11,SIN SERVICIO (INTERNET),2026-05-15 08:37:16,AGUIRRE WALTER OSVALDO,TINOGASTA,5433,CAMBIO DE ACOMETIDA,UNET TINOGASTA
94042,2026-05-13 19:28:05,SIN SERVICIO,2026-05-15 08:37:16,AGUIRRE WALTER OSVALDO,CENTRO,2614,CAMBIO DE ACOMETIDA,UNET TINOGASTA
94044,2026-05-13 19:49:22,SIN SERVICIO (INTERNET),2026-05-15 18:24:41,ABALLAY/B UNZAGA,SAN JOSE,21511,CAMBIO DE ACOMETIDA,VALLE VIEJO
94114,2026-05-15 09:38:05,SIN SERVICIO (INTERNET),2026-05-15 17:11:11,AGUIRRE WALTER OSVALDO,TINOGASTA,21033,CAMBIO DE ACOMETIDA,UNET TINOGASTA
94152,2026-05-15 11:56:01,SIN SERVICIO (INTERNET),2026-05-18 08:46:51,JULIO DIAZ,TINOGASTA,20363,CAMBIO DE ACOMETIDA,UNET TINOGASTA
94156,2026-05-15 13:43:10,SIN SERVICIO (INTERNET),2026-05-15 18:29:02,ABALLAY/B UNZAGA,SAN JOSE,14595,CAMBIO DE ACOMETIDA,VALLE VIEJO
94163,2026-05-15 15:39:53,SIN SERVICIO (INTERNET),2026-05-18 19:16:52,ABALLAY/B UNZAGA,SUMALAO,15701,CAMBIO DE ACOMETIDA,VALLE VIEJO
94186,2026-05-16 09:09:36,SIN SERVICIO (INTERNET),2026-05-18 07:59:34,ABALLAY/B UNZAGA,LA CARRERA,23592,CAMBIO DE ACOMETIDA,VALLE VIEJO
94191,2026-05-16 09:51:03,SIN SERVICIO (INTERNET),2026-05-20 19:05:58,ABALLAY/B UNZAGA,POZO DE MISTOL,21835,CAMBIO DE ACOMETIDA,VALLE VIEJO
94193,2026-05-16 10:01:41,SIN SERVICIO (INTERNET),2026-05-20 18:37:29,ABALLAY/B UNZAGA,POLCOS,24580,CAMBIO DE ACOMETIDA,VALLE VIEJO
94222,2026-05-18 08:57:33,SIN SERVICIO (INTERNET),2026-05-20 17:15:48,MARTINES PABLO,LA VILLA,9005,CAMBIO DE ACOMETIDA,CHUMBICHA
94234,2026-05-18 09:58:52,SIN SERVICIO (INTERNET),2026-05-19 08:34:16,PINTOS FABIAN,LA PAZ,1971,CAMBIO DE ACOMETIDA,UNET TINOGASTA
94276,2026-05-18 13:31:17,SIN SERVICIO (INTERNET),2026-05-19 08:34:16,PINTOS FABIAN,GENDARMERIA CASA,1565,CAMBIO DE ACOMETIDA,UNET TINOGASTA
94320,2026-05-18 18:37:22,SIN SERVICIO (INTERNET),2026-05-28 08:27:42,JUAN OVEJERO,TINOGASTA,923,CAMBIO DE ACOMETIDA,UNET TINOGASTA
94321,2026-05-18 18:48:52,SIN SERVICIO (INTERNET),2026-05-20 20:18:03,JUAN OVEJERO,TINOGASTA,3466,CAMBIO DE ACOMETIDA,UNET TINOGASTA
94346,2026-05-19 09:36:30,SIN SERVICIO (INTERNET),2026-05-19 09:47:26,SOSA/ARAGON,EL RODEO,24230,CAMBIO DE ACOMETIDA,EL RODEO
94347,2026-05-19 09:38:34,SIN SERVICIO (INTERNET),2026-05-20 19:46:11,CARPIO/LOPEZ,SUMALAO,26435,CAMBIO DE ACOMETIDA,VALLE VIEJO
94350,2026-05-19 10:05:00,PROBLEMAS DE SEÃƒÂ‘AL,2026-05-21 12:09:24,ABALLAY/B UNZAGA,SAN ANTONIO,4604,REPARACION DE FO,VALLE VIEJO
94388,2026-05-19 12:25:49,VERIFICAR SERVICIO,2026-05-19 17:20:01,AGUIRRE WALTER OSVALDO,GUANCHIN,25051,CAMBIO DE ACOMETIDA,FIAMBALA
94420,2026-05-19 18:53:39,SIN SERVICIO (INTERNET),2026-05-20 19:04:15,ABALLAY/B UNZAGA,SAN ANTONIO,6181,CAMBIO DE ACOMETIDA,VALLE VIEJO
94423,2026-05-19 19:23:54,SIN SERVICIO (INTERNET),2026-05-20 18:37:29,ABALLAY/B UNZAGA,LA FALDA DE SAN ANTONIO,15635,CAMBIO DE ACOMETIDA,VALLE VIEJO
94458,2026-05-20 08:37:53,RED EN EL SUELO,2026-05-22 08:44:12,JULIO DIAZ,VILLA SAN ROQUE,2233,CAMBIO DE ACOMETIDA,UNET TINOGASTA
94518,2026-05-20 15:36:11,SIN SERVICIO (INTERNET),2026-05-21 19:33:14,CARPIO/LOPEZ,LA CARRERA,18372,CAMBIO DE ACOMETIDA,VALLE VIEJO
94564,2026-05-21 09:00:59,SIN SERVICIO (INTERNET),2026-05-22 18:09:31,AGUIRRE WALTER OSVALDO,BARRANCO,25477,REPARACION DE CABLE CORTADO,FIAMBALA
94576,2026-05-21 10:45:01,SIN SERVICIO (INTERNET),2026-05-26 07:53:29,UNZAGA F/ UNZAGA M,LA TERCENA,19129,REPARACION DE CABLE CORTADO,VALLE VIEJO
94583,2026-05-21 12:28:28,DECO TV SIN SEÃƒÂ‘AL,2026-05-23 08:38:22,JUAN OVEJERO,VILLA SAN ROQUE,26612,CAMBIO DE ACOMETIDA,UNET TINOGASTA
94658,2026-05-22 16:28:30,SIN SERVICIO (INTERNET),2026-05-26 07:53:29,UNZAGA F/ UNZAGA M,POZO DE MISTOL,26593,CAMBIO DE ACOMETIDA,VALLE VIEJO
94696,2026-05-23 12:32:53,SIN SERVICIO (INTERNET),2026-05-26 08:04:20,CARPIO/LOPEZ,SANTA ROSA,14702,CAMBIO DE ACOMETIDA,VALLE VIEJO
94721,2026-05-26 08:38:20,SIN SERVICIO (INTERNET),2026-05-26 15:58:34,CARPIO/LOPEZ,BANDA DE VARELA,22421,CAMBIO DE ACOMETIDA,VALLE VIEJO
94722,2026-05-26 08:42:17,SIN SERVICIO (INTERNET),2026-05-26 15:58:34,CARPIO/LOPEZ,SANTA ROSA,4642,CAMBIO DE ACOMETIDA,VALLE VIEJO
94766,2026-05-26 10:43:20,SIN SERVICIO (INTERNET),2026-05-26 19:24:05,ABALLAY/B UNZAGA,SAN JOSE,6857,CAMBIO DE ACOMETIDA,VALLE VIEJO
94769,2026-05-26 11:00:58,MODIFICAR BAJADA,2026-06-02 07:45:01,CARPIO/LOPEZ,POZO DE MISTOL,23333,CAMBIO DE LUGAR DEL CABLE DE ACOMETIDA,VALLE VIEJO
94777,2026-05-26 11:17:05,SIN SERVICIO (INTERNET),2026-05-28 08:27:42,AGUIRRE WALTER OSVALDO,VIALIDAD PROVINCIAL,2360,CAMBIO DE ACOMETIDA,UNET TINOGASTA
94795,2026-05-26 16:27:44,SIN SERVICIO (INTERNET),2026-05-27 19:13:32,ABALLAY/B UNZAGA,SAN JOSE,17396,CAMBIO DE ACOMETIDA,VALLE VIEJO
94801,2026-05-26 18:18:37,PROBLEMAS DE SEÃƒÂ‘AL,2026-05-28 19:59:50,AGUIRRE WALTER OSVALDO,LA PAZ,18324,CAMBIO DE ACOMETIDA,UNET TINOGASTA
94869,2026-05-27 10:23:20,SIN SERVICIO (INTERNET),2026-05-27 19:13:32,ABALLAY/B UNZAGA,SAN JOSE,16857,CAMBIO DE ACOMETIDA,VALLE VIEJO
94952,2026-05-27 17:00:02,SIN SERVICIO (INTERNET),2026-05-29 19:21:50,ABALLAY/B UNZAGA,SAN ANTONIO,5117,CAMBIO DE ACOMETIDA,VALLE VIEJO
94959,2026-05-27 18:51:54,SIN SERVICIO (INTERNET),2026-05-30 10:24:53,ARAGON - SOSA,BANDA SUD (ZONA 2),22833,CAMBIO DE ACOMETIDA,LA PUERTA
95009,2026-05-28 12:00:51,SIN SERVICIO (INTERNET),2026-05-30 09:01:17,JUAN OVEJERO,CENTRO,1128,CAMBIO DE ACOMETIDA,UNET TINOGASTA
95077,2026-05-29 17:46:33,SIN SERVICIO (INTERNET),2026-06-01 19:02:24,ABALLAY/B UNZAGA,LA FALDA DE SAN ANTONIO,4418,CAMBIO DE ACOMETIDA,VALLE VIEJO
95170,2026-06-01 08:52:09,SIN SERVICIO (INTERNET),2026-06-02 07:45:01,CARPIO/LOPEZ,SANTA ROSA,14539,CAMBIO DE ACOMETIDA,VALLE VIEJO
95180,2026-06-01 09:08:57,SIN SERVICIO (INTERNET),2026-06-01 19:04:32,PEREYRA DAMINA EMANUEL AGUSTIN,CENTRO,25314,CAMBIO DE ACOMETIDA,FIAMBALA
95182,2026-06-01 09:18:14,SIN SERVICIO (INTERNET),2026-06-02 08:53:19,AGUIRRE WALTER OSVALDO,TINOGASTA,26402,CAMBIO DE ACOMETIDA,UNET TINOGASTA
95184,2026-06-01 09:29:44,SIN SERVICIO (INTERNET),2026-06-01 09:47:57,ARAGON - SOSA,BANDA SUD (ZONA 2),22713,CAMBIO DE ACOMETIDA,LA PUERTA
95186,2026-06-01 09:43:43,SIN SERVICIO (INTERNET),2026-06-02 08:53:19,AGUIRRE WALTER OSVALDO,TINOGASTA,8113,CAMBIO DE ACOMETIDA,UNET TINOGASTA
95210,2026-06-01 11:34:50,MODIFICAR BAJADA,2026-06-02 19:24:23,CARPIO/LOPEZ,POZO DE MISTOL,4318,CAMBIO DE LUGAR DEL CABLE DE ACOMETIDA,VALLE VIEJO
95219,2026-06-01 11:46:36,SIN SERVICIO (INTERNET),2026-06-02 08:34:16,FERREYRA/RIVERO,LA CARRERA,22007,CAMBIO DE ACOMETIDA,VALLE VIEJO
95226,2026-06-01 12:28:39,SIN SERVICIO (INTERNET),2026-06-03 08:36:27,MARTINES PABLO,LAS FLORES,19250,CAMBIO DE ACOMETIDA,CHUMBICHA
95229,2026-06-01 16:13:03,SIN SERVICIO (INTERNET),2026-06-03 08:35:46,PINTOS FABIAN,LA PAZ,20900,CAMBIO DE ACOMETIDA,UNET TINOGASTA
95234,2026-06-01 17:16:35,SIN SERVICIO (INTERNET),2026-06-02 10:17:46,PEREYRA DAMIAN,EL LIBERTADOR,25082,REPARACION DE CABLE CORTADO,FIAMBALA
95239,2026-06-01 17:39:48,SIN SERVICIO (INTERNET),2026-06-03 19:01:45,ABALLAY/B UNZAGA,EL BAÃƒÂ‘ADO,21871,CAMBIO DE ACOMETIDA,VALLE VIEJO
95244,2026-06-01 18:07:42,SIN SERVICIO (INTERNET),2026-06-03 08:36:27,MARTINES PABLO,CENTRO,5462,CAMBIO DE ACOMETIDA,CHUMBICHA
95254,2026-06-01 20:00:33,SIN SERVICIO (INTERNET),2026-06-04 08:29:57,JULIO DIAZ,TINOGASTA,24289,CAMBIO DE ACOMETIDA,UNET TINOGASTA
95306,2026-06-02 13:33:41,SIN SERVICIO (INTERNET),2026-06-04 12:20:09,FERREYRA/RIVERO,SAN ANTONIO,24006,CAMBIO DE ACOMETIDA,VALLE VIEJO
95370,2026-06-02 19:48:29,SIN SERVICIO (INTERNET),2026-06-04 07:47:08,CARPIO/LOPEZ,SANTA ROSA,23275,CAMBIO DE ACOMETIDA,VALLE VIEJO
95474,2026-06-03 14:22:01,SIN SERVICIO (INTERNET),2026-06-05 11:43:35,ABALLAY/B UNZAGA,SAN ISIDRO,4391,CAMBIO DE ACOMETIDA,VALLE VIEJO
95524,2026-06-03 16:17:05,SIN SERVICIO (INTERNET),2026-06-08 07:54:59,CARPIO/LOPEZ,SANTA ROSA,9560,CAMBIO DE ACOMETIDA,VALLE VIEJO
95535,2026-06-03 18:17:23,SIN SERVICIO (INTERNET),2026-06-04 19:28:05,CARPIO/LOPEZ,LOMA NEGRA,19445,CAMBIO DE ACOMETIDA,VALLE VIEJO
95582,2026-06-04 11:42:08,SIN SERVICIO (INTERNET),2026-06-05 15:44:01,ABALLAY/B UNZAGA,SANTA ROSA,25306,CAMBIO DE ACOMETIDA,VALLE VIEJO
95600,2026-06-04 17:17:57,PROBLEMAS DE SEÃƒÂ‘AL,2026-06-08 07:51:44,CARPIO/LOPEZ,SAN ANTONIO,22344,CAMBIO DE ACOMETIDA,VALLE VIEJO
95610,2026-06-04 18:30:23,SIN SERVICIO (INTERNET),2026-06-06 08:54:48,JULIO DIAZ,TINOGASTA,5304,CAMBIO DE ACOMETIDA,UNET TINOGASTA
95669,2026-06-05 11:29:47,SIN SERVICIO (INTERNET),2026-06-06 08:54:48,JULIO DIAZ,LA PAZ,19217,CAMBIO DE ACOMETIDA,UNET TINOGASTA
95677,2026-06-05 13:06:32,PROBLEMAS DE SEÃƒÂ‘AL,2026-06-05 11:43:35,ABALLAY/B UNZAGA,LA FALDA DE SAN ANTONIO,7010,CAMBIO DE ACOMETIDA,VALLE VIEJO
95682,2026-06-05 15:12:53,SIN SERVICIO (INTERNET),2026-06-08 07:54:59,UNZAGA F/ UNZAGA M,SUMALAO,15699,REPARACION DE CABLE CORTADO,VALLE VIEJO
95687,2026-06-05 16:10:35,SIN SERVICIO (INTERNET),2026-06-05 16:11:42,ABALLAY/B UNZAGA,SAN ISIDRO,4391,CAMBIO DE ACOMETIDA,VALLE VIEJO
95688,2026-06-05 16:15:49,SIN SERVICIO (INTERNET),2026-06-08 07:54:59,UNZAGA F/ UNZAGA M,SUMALAO,17135,CAMBIO DE ACOMETIDA,VALLE VIEJO
